"plataforma","condicion","video_id","y","ok","prob","etiqueta","ioi","aoc","ebt","razon"
"Youtube","Metadata+Transcript","xdVMLwUyKFo",0,TRUE,0,0,"not applicable","not applicable","not applicable","Video does not contain any mental health information or claims."
"Youtube","Metadata+Transcript","nefiLRyJ7bc",0,TRUE,0,0,"not applicable","not violated","not violated","Video promotes general motivation and resilience, without making any specific medical claims or promoting unproven treatments."
"Youtube","Metadata+Transcript","rWKYkXH3API",0,TRUE,0,0,"not violated","not violated","not violated","Video accurately describes somatic symptom disorder, a recognized mental health condition."
"Youtube","Metadata+Transcript","B1twiLfbjow",0,FALSE,NA,NA,NA,NA,NA,NA
"Youtube","Metadata+Transcript","qVm0N_MjyXo",1,TRUE,0.8,1,"not applicable","violated","not violated","Video denies that people care about men's mental health, which contradicts the growing awareness and support for men's mental health."
"Youtube","Metadata+Transcript","5pwNICniqtM",0,TRUE,0,0,"not applicable","not violated","not violated","Video does not provide medical claims or interventions, and aligns with general understanding of ADHD."
"Youtube","Metadata+Transcript","dmE-lkYba9Q",0,TRUE,0,0,"not violated","not violated","not violated","Video promotes seeking help from trusted individuals, which aligns with evidence-based treatment and medical consensus."
"Youtube","Metadata+Transcript","C9j4JxFlyTg",1,TRUE,0.8,1,"violated","violated","violated","Claims that mental health professionals overprescribe medication and that ADHD diagnosis is often incorrect for ESFPs and ENFPs."
"Youtube","Metadata+Transcript","qCthXuL1yZU",0,TRUE,0,0,"not violated","not violated","not violated","Video presents general information on vitamins for mental health without making false claims or discouraging evidence-based treatment."
"Youtube","Metadata+Transcript","JjYK_kwcu5Q",1,TRUE,0,0,"not violated","not violated","not violated","Video presents microdosing as potentially helpful, but does not make false claims about treatments or interventions."
"Youtube","Metadata+Transcript","lxcR-piMkgo",0,TRUE,0,0,"not violated","not violated","not violated","Video presents accurate information on dopamine release and cortisol pulse timing, supported by scientific consensus."
"Youtube","Metadata+Transcript","qXCyeRW8uRQ",0,TRUE,0,0,"not applicable","not violated","not violated","Video discusses physical symptoms of anxiety and provides links to journaling prompts, but does not make any false medical claims."
"Youtube","Metadata+Transcript","89Cl_G6OEFg",0,TRUE,0,0,"not applicable","not applicable","not applicable","Video appears to be a short, positive affirmation clip with no medical claims or information."
"Youtube","Metadata+Transcript","uN6Wba7A2Z0",0,TRUE,0,0,"not violated","not violated","not violated","Video presents personal experience and self-help strategies without making any medically relevant claims or promoting unproven treatments."
"Youtube","Metadata+Transcript","BCQYfe3k11Q",0,TRUE,0.8,1,"not violated","violated","not violated","Misrepresents bipolar disorder diagnostic criteria and trivializes the experience of individuals with the condition."
"Youtube","Metadata+Transcript","xGvaSROftWU",0,TRUE,0,0,"not violated","not violated","not violated","Video promotes self-care and prioritizing mental health recovery without making any false or misleading claims."
"Youtube","Metadata+Transcript","qu9hKSCX-5w",0,TRUE,0,0,"not applicable","not applicable","not applicable","Video does not contain any mental health information or claims."
"Youtube","Metadata+Transcript","28PZ4m8bCAY",1,TRUE,0.8,1,"not applicable","violated","not applicable","Claims of God healing from eating disorder and rage contradict medical consensus on treatment and recovery from mental health conditions."
"Youtube","Metadata+Transcript","N-6ghXgeO7A",0,TRUE,0,0,"not applicable","not violated","not applicable","Video discusses a fan theory and does not provide medical claims or advice."
"Youtube","Metadata+Transcript","_s04cdduA84",0,TRUE,0,0,"not applicable","not violated","not applicable","Video is a personal introduction to an autistic child's TikTok page, promoting kindness and friendship."
"Youtube","Metadata+Transcript","k4pmykfIhzk",0,TRUE,0,0,"not applicable","not violated","not applicable","Video appears to be a personal expression of mental health experience, not providing medical claims or interventions."
"Youtube","Metadata+Transcript","FRnLETy5TdA",0,TRUE,0,0,"not applicable","not applicable","not applicable","Video appears to be a humorous, non-informative clip with no mental health content."
"Youtube","Metadata+Transcript","vN3MctHrJPo",1,TRUE,0,0,"not applicable","not violated","not violated","Video does not provide medical claims or interventions, and aligns with Christian interpretation of the Bible."
"Youtube","Metadata+Transcript","zlo8Ec4KF20",0,TRUE,0,0,"not applicable","not applicable","not applicable","Video appears to be a humorous clip with no mental health information."
"Youtube","Metadata+Transcript","GqgRCPs1bdo",0,TRUE,0,0,"not applicable","not applicable","not applicable","Video appears to be a song or emotional expression, lacking explicit mental health information."
"Youtube","Metadata+Transcript","2uE8YsXdloA",1,TRUE,0,0,"not applicable","not violated","not applicable","Video appears to be a song or music video, not a mental health information source."
"Youtube","Metadata+Transcript","htKGdOiwM00",1,TRUE,0,0,"not applicable","not violated","not applicable","Video appears to be a representation of severe depression, not providing any medical claims or interventions."
"Youtube","Metadata+Transcript","NdLGryoieVY",0,TRUE,0.8,1,"not applicable","violated","not applicable","Claim of 98.5% mental illness prevalence contradicts scientific consensus, which estimates around 20-25% of US population experiences mental illness."
"Youtube","Metadata+Transcript","G-aQVbKfO4I",0,TRUE,0,0,"not applicable","not violated","not applicable","Video is a personal anecdote about living with ADHD, does not provide medical claims or interventions."
"Youtube","Metadata+Transcript","zb-wqjf_WyA",0,TRUE,0,0,"not applicable","not applicable","not applicable","Video lacks explicit mental health information, focusing on music and hiking."
"Youtube","Metadata+Transcript","lyT-x9pMNjU",1,TRUE,0.9,1,"violated","violated","violated","Promotes self-hypnosis as a cure for depression without evidence."
"Youtube","Metadata+Transcript","uxfsZMtABmU",0,TRUE,0,0,"not applicable","not applicable","not applicable","Video appears to be a personal experience or expression, not providing medical information."
"Youtube","Metadata+Transcript","HPc0nOxEmF0",0,TRUE,0,0,"not applicable","not violated","not applicable","Video exposes a TikToker's fabricated mental health claims, no misinformation present."
"Youtube","Metadata+Transcript","Gwk1saT156k",0,TRUE,0,0,"not applicable","not applicable","not applicable","Video appears to be a personal expression of autism-related stimming, not providing any medical claims or advice."
"Youtube","Metadata+Transcript","6iw0JZbX8qo",0,TRUE,0,0,"not violated","not violated","not violated","Video accurately describes experiential avoidance and its consequences, and mentions effective treatments without providing misinformation."
"Youtube","Metadata+Transcript","NdYCNW5ge7A",0,TRUE,0,0,"not applicable","not violated","not applicable","Video presents a general, non-clinical perspective on anxiety, aligning with Islamic teachings and not promoting any specific treatment or intervention."
"Youtube","Metadata+Transcript","XvcxJpDmW1k",0,TRUE,0,0,"not applicable","not violated","not applicable","Video appears to be a personal reflection and song, not providing any medical information or advice."
"Youtube","Metadata+Transcript","YNJNHelSbeg",0,TRUE,0,0,"not applicable","not violated","not applicable","Claims about increased risk of psychosis and schizophrenia with cannabis use align with current scientific consensus."
"Youtube","Metadata+Transcript","J2tBtMslyE0",0,TRUE,0,0,"not applicable","not violated","not applicable","Video provides personal insight into living with severe OCD, without promoting misinformation or unproven treatments."
"Youtube","Metadata+Transcript","hgT_cIJR_bY",0,TRUE,0,0,"not applicable","not violated","not applicable","Video shares personal experience, does not provide false medical claims or discourage evidence-based treatment."
"Youtube","Metadata+Transcript","TEP0KseWO5Y",0,TRUE,0,0,"not applicable","not applicable","not applicable","No information on interventions, consensus, or evidence-based treatment is provided."
"Youtube","Metadata+Transcript","5vcRFAn-KRE",0,TRUE,0,0,"not applicable","not violated","not applicable","Video is a humorous commentary on societal responses to depression, not providing medical advice or misinformation."
"Youtube","Metadata+Transcript","O7lOzhiKnaA",0,TRUE,0,0,"not applicable","not violated","not violated","Video appears to be a personal, anecdotal account of a parent's experience with their child's autism, without any medical claims or interventions."
"Youtube","Metadata+Transcript","fz6dbtnwEi0",0,TRUE,0,0,"not applicable","not applicable","not applicable","Video appears to be a poetic or artistic expression, not providing any information on mental health interventions, consensus, or evidence-based treatment."
"Youtube","Metadata+Transcript","JGw_BzwtqtM",0,TRUE,0,0,"not applicable","not violated","not applicable","Video reports on Trump's reaction to potential indictment, no medical claims or misinformation"
"Youtube","Metadata+Transcript","XfSfQ2JtYrk",0,TRUE,0,0,"not applicable","not applicable","not applicable","Video appears to be a chemistry lesson, not related to mental health."
"Youtube","Metadata+Transcript","qa9lid42H8w",0,TRUE,0,0,"not applicable","not violated","not applicable","Video does not provide any information on interventions, medical consensus, or evidence-based treatment. It appears to be a personal awareness message."
"Youtube","Metadata+Transcript","BSpH3LAI0qM",0,TRUE,0,0,"not applicable","not applicable","not applicable","Video does not provide any information about mental health treatments or interventions."
"Youtube","Metadata+Transcript","91PG4eFfXw8",0,TRUE,0.8,1,"not violated","violated","not violated","The video suggests speeding as a coping mechanism for depression, contradicting medical consensus."
"Youtube","Metadata+Transcript","tQe1C_asEMM",0,TRUE,0,0,"not applicable","not applicable","not applicable","Video appears to be a personal, artistic expression rather than a medical or therapeutic claim."
"Youtube","Metadata+Transcript","pK7V7KcU0DU",0,TRUE,0.8,1,"not violated","violated","not violated","Starbucks is presented as a natural healer for depression, contradicting medical consensus."
"Youtube","Metadata+Transcript","omATxc5uQ4w",0,TRUE,0,0,"not violated","not violated","not violated","Video provides general advice and encourages seeking help, without spreading misinformation."
"Youtube","Metadata+Transcript","7FoFzYlQMpw",0,TRUE,0,0,"not applicable","not applicable","not applicable","Video appears to be a personal anecdote, not a mental health information video."
"Youtube","Metadata+Transcript","phh9NVUMQF8",0,TRUE,0,0,"not applicable","not violated","not applicable","Personal experience shared without making false medical claims or promoting misinformation."
"Youtube","Metadata+Transcript","c1633088Vz0",0,TRUE,0,0,"not applicable","not violated","not violated","Video accurately describes schizophrenia symptoms and encourages professional evaluation."
"Youtube","Metadata+Transcript","8g5shmI0bJ8",0,TRUE,0,0,"not applicable","not violated","not violated","Video discusses gun violence and mental health, but does not provide misinformation or false claims about interventions, consensus, or evidence-based treatment."
"Youtube","Metadata+Transcript","WdT6V3IYWk4",0,TRUE,0,0,"not violated","not violated","not violated","Video presents personal experience and anecdotal evidence, does not provide false medical claims or misinformation."
"Youtube","Metadata+Transcript","HiK4YNFROKs",0,TRUE,0.8,1,"not applicable","violated","not applicable","Misrepresents depression as a choice or a state of 'deep rest', contradicting medical consensus."
"Youtube","Metadata+Transcript","brK6ddIrUZw",0,TRUE,0,0,"not applicable","not applicable","not applicable","Video appears to be a personal experience or awareness message, not providing medical claims or misinformation."
"Youtube","Metadata+Transcript","g3aazom7QaM",0,TRUE,0,0,"not applicable","not violated","not applicable","Video appears to be a personal account or awareness message, not providing medical claims or interventions."
"Youtube","Metadata+Transcript","Ov7d4fiRTvQ",0,TRUE,0,0,"not violated","not violated","not violated","Video accurately describes common physical symptoms of depression, encourages professional consultation."
"Youtube","Metadata+Transcript","GjtJr9atv9E",0,TRUE,0,0,"not applicable","not applicable","not applicable","No mental health information or claims provided"
"Youtube","Metadata+Transcript","p77wIPwP0e8",0,TRUE,0,0,"not applicable","not violated","not applicable","Video discusses charity donation and Instagram deletion, no mental health claims or interventions mentioned."
"Youtube","Metadata+Transcript","JtYvjwQrMHY",0,TRUE,0,0,"not applicable","not violated","not applicable","Description accurately reflects ADHD symptoms and hyperfocus, consistent with medical consensus."
"Youtube","Metadata+Transcript","UtqzXDxVXVY",0,TRUE,0,0,"not applicable","not applicable","not applicable","Video is too short and lacks any information about mental health or interventions."
"Youtube","Metadata+Transcript","OlM33xwZQbs",0,TRUE,0,0,"not applicable","not violated","not violated","Video promotes mental health support and resilience, without spreading misinformation."
"Youtube","Metadata+Transcript","WU5SzsUhqO8",0,TRUE,0.8,1,"not applicable","violated","not violated","Denies the existence of depression, contradicting current scientific consensus."
"Youtube","Metadata+Transcript","5DmxLFifVgc",0,TRUE,0,0,"not applicable","not applicable","not applicable","No information on interventions, consensus, or evidence-based treatment is provided."
"Youtube","Metadata+Transcript","u3CxNG5M_tQ",0,TRUE,0,0,"not applicable","not applicable","not applicable","Video is too short and lacks any information about mental health."
"Youtube","Metadata+Transcript","iiHAnwJo69g",0,TRUE,0,0,"not violated","not violated","not violated","Video provides accurate information about high-functioning depression, its symptoms, and the importance of seeking support."
"Youtube","Metadata+Transcript","LRx8ldVnF4w",0,TRUE,0,0,"not applicable","not applicable","not applicable","Video appears to be a prayer or spiritual message, not providing mental health information."
"Youtube","Metadata+Transcript","KO5guA5-jy4",0,TRUE,0,0,"not applicable","not applicable","not applicable","Video title suggests a general, neutral topic, no specific claims made."
"Youtube","Metadata+Transcript","_BbDoqyU99U",0,TRUE,0,0,"not applicable","not violated","not applicable","Video does not contain medical claims or misinformation about dyspraxia."
"Youtube","Metadata+Transcript","_rOGNSnHkyc",0,TRUE,0,0,"not applicable","not applicable","not applicable","Video appears to be a personal, poetic expression with no medical claims or advice."
"Youtube","Metadata+Transcript","WCerwCy4Ig4",0,TRUE,0,0,"not violated","not violated","not violated","Video provides general, non-specific advice that aligns with current understanding of autism and mental health."
"Youtube","Metadata+Transcript","FS7B6Vkoofo",1,TRUE,0.9,1,"violated","violated","violated","Video discourages seeking professional help, promotes unproven claims about psychology and psychiatry, and contradicts evidence-based treatment principles."
"Youtube","Metadata+Transcript","dwkORltd-DE",0,TRUE,0,0,"not applicable","not applicable","not applicable","Video appears to be a personal conversation with no medical claims or advice."
"Youtube","Metadata+Transcript","bDd5E6GHamE",0,TRUE,0,0,"not violated","not violated","not violated","Video presents accurate information about autism spectrum disorder, its causes, symptoms, and interventions."
"Youtube","Metadata+Transcript","R2O31GUYUfc",0,TRUE,0,0,"not violated","not violated","not violated","Video provides accurate information on accommodations in relationships for individuals with ADHD, aligning with expert definitions."
"Youtube","Metadata+Transcript","gqx9R_7XJtQ",0,TRUE,0,0,"not violated","not violated","not violated","The video provides general support tips from a therapist's perspective, without promoting unproven or misleading interventions."
"Youtube","Metadata+Transcript","kLnS071dIFQ",0,TRUE,0,0,"not applicable","not applicable","not applicable","Video is a music clip with no mental health information"
"Youtube","Metadata+Transcript","AZ4fJqLexQs",0,TRUE,0,0,"not applicable","not violated","not applicable","Video appears to be a personal anecdote about living with ADHD, without any medical claims or misinformation."
"Youtube","Metadata+Transcript","pkqoMvue2J0",0,TRUE,0,0,"not applicable","not applicable","not applicable","Video appears to be a personal account of mental health struggles, no medical claims or interventions mentioned."
"Youtube","Metadata+Transcript","2ruSYtdm8kQ",0,TRUE,0,0,"not applicable","not violated","not applicable","Video shares personal experience and awareness about autism-related communication struggles, without providing false medical claims or promoting unproven treatments."
"Youtube","Metadata+Transcript","TJ4vIghzCic",0,TRUE,0,0,"not applicable","not violated","not applicable","Accurate explanation of the distinction between AVPD and SAD, aligning with current clinical consensus."
"Youtube","Metadata+Transcript","DXatP-pzUGo",0,TRUE,0,0,"not applicable","not violated","not violated","Video promotes awareness and seeking help, without providing false medical claims."
"Youtube","Metadata+Transcript","klNbW287nlg",0,TRUE,0,0,"not applicable","not violated","not applicable","Video discusses emotional triggers and resilience without promoting misinformation or contradicting medical consensus."
"Youtube","Metadata+Transcript","WSmyb4qVu0k",0,TRUE,0,0,"not applicable","not violated","not applicable","No medical claims or interventions discussed, only a personal opinion on media representation of mental illness."
"Youtube","Metadata+Transcript","hB5cC5X39pM",1,TRUE,0.8,1,"not applicable","violated","not violated","Claims that God is breaking the power of mental illness contradict current scientific consensus on mental health treatment."
"Youtube","Metadata+Transcript","YyK5Xv8AjZg",0,TRUE,0,0,"not applicable","not violated","not applicable","Video is a personal story, not providing medical information or promoting unproven treatments."
"Youtube","Metadata+Transcript","zGI4Ocz9XlU",0,TRUE,0,0,"not applicable","not violated","not applicable","Video appears to be a scene from a TV show, not a mental health information video."
"Youtube","Metadata+Transcript","yBbPSY4Z1Bo",0,TRUE,0,0,"not applicable","not applicable","not applicable","Video appears to be a relatable expression of frustration, not providing any specific mental health advice or claims."
"Youtube","Metadata+Transcript","lKphfmJJ0BQ",0,TRUE,0,0,"not applicable","not applicable","not applicable","Video appears to be a humorous, non-expert opinion piece, not providing any mental health information."
"Youtube","Metadata+Transcript","ksnljQ1ysUs",0,TRUE,0,0,"not applicable","not violated","not applicable","Video discusses stigma around mental health without providing misinformation or promoting unproven treatments."
"Youtube","Metadata+Transcript","sjtEcVR0g8k",0,TRUE,0.8,1,"not applicable","violated","not applicable","Denies existence of OCD, confusing it with obesity"
"Youtube","Metadata+Transcript","RC1919tTab0",0,TRUE,0,0,"not applicable","not violated","not applicable","Video discusses personal experience and societal pressures, no medical claims or misinformation"
"Youtube","Metadata+Transcript","qpU7Tx_ORwI",0,TRUE,0,0,"not applicable","not applicable","not applicable","Video title suggests surprising facts, but no claims made, so no misinformation"
"Youtube","Metadata+Transcript","c9REsOZljcc",1,TRUE,0.8,1,"violated","violated","not violated","Pharmaceutical companies allegedly promoting anorexia as a mental health issue to sell more medication, contradicting medical consensus on the existence of anorexia in Japan."
"Youtube","Metadata+Transcript","KEykaHC-VZs",0,TRUE,0,0,"not applicable","not violated","not applicable","Video provides accurate information about Ganser Syndrome, its symptoms, and classification as a dissociative disorder."
"Youtube","Metadata+Transcript","7SwCneXlTrg",0,TRUE,0,0,"not applicable","not violated","not applicable","Video presents accurate information on pandemic's impact on mental health, citing increased rates of depression and anxiety."
"Youtube","Metadata+Transcript","cDcTyTX_Jkw",0,TRUE,0,0,"not applicable","not violated","not violated","Video presents a prayer for healing, not providing medical advice or contradicting scientific consensus."
"Youtube","Metadata+Transcript","Aflfn6Xoz2I",0,TRUE,0,0,"not applicable","not violated","not applicable","Video presents a valid point about underdiagnosis of ADHD in girls, aligning with medical consensus."
"Youtube","Metadata+Transcript","pjEwV7gltsU",0,TRUE,0,0,"not applicable","not applicable","not applicable","Video appears to be a humorous anecdote, not providing mental health information."
"Youtube","Metadata+Transcript","BSRmjdGv3A4",1,TRUE,1,1,"violated","violated","violated","Claims unproven cure with prayer and exorcism"
"Youtube","Metadata+Transcript","9yuuC_7YC6k",0,TRUE,0,0,"not applicable","not violated","not applicable","Video provides a general and accurate explanation of the difference between emotional and mental health."
"Youtube","Metadata+Transcript","MLIF5fd4hco",0,TRUE,0,0,"not applicable","not violated","not applicable","Video is a personal account of coping with depression, no medical claims or interventions mentioned."
"Youtube","Metadata+Transcript","1srbIRTp0zc",0,TRUE,0,0,"not violated","not violated","not violated","Video presents a mindfulness-based approach, which is a recognized and evidence-based technique for managing anxiety."
"Youtube","Metadata+Transcript","TNdMjOmtqAk",0,TRUE,0,0,"not applicable","not violated","not applicable","Video describes a common behavior in children, does not provide false medical claims or discourage evidence-based treatment."
"Youtube","Metadata+Transcript","fpLA7X7qBCM",1,TRUE,1,1,"violated","violated","violated","Claims that Jesus can heal autism contradict medical consensus and lack evidence-based treatment."
"Youtube","Metadata+Transcript","lxILJao_VAw",0,TRUE,0,0,"not violated","not violated","not violated","Video presents accurate information about schizophrenia, its causes, symptoms, and treatment."
"Youtube","Metadata+Transcript","iaBMUv5BJGA",0,TRUE,0,0,"not applicable","not violated","not applicable","Video discusses personal experience with Deja Vu, no medical claims or misinformation."
"Youtube","Metadata+Transcript","OW2QQO8n5es",1,TRUE,0,0,"not applicable","not violated","not applicable","Video appears to be a personal experience or awareness message without false medical claims."
"Youtube","Metadata+Transcript","m3xLJ1-8ZhQ",0,TRUE,0,0,"not applicable","not applicable","not applicable","Video contains personal experience and self-identification, no medical claims or misinformation."
"Youtube","Metadata+Transcript","Szew595ukwY",1,TRUE,0.8,1,"violated","violated","violated","The video equates schizophrenia with demonic possession, contradicting medical consensus and discouraging evidence-based treatment."
"Youtube","Metadata+Transcript","lQBP_zD581Q",1,TRUE,0,0,"not violated","not violated","not violated","Video provides a general, non-specific advice to confront social anxiety, which aligns with some evidence-based treatments."
"Youtube","Metadata+Transcript","EV7tqtutZNo",0,TRUE,0,0,"not violated","not violated","not violated","Video promotes seeking help and working on mental health issues, aligning with medical consensus."
"Youtube","Metadata+Transcript","l2KuxKGImMw",0,TRUE,0,0,"not applicable","not applicable","not applicable","Video appears to be a personal, celebratory moment with no medical claims or interventions discussed."
"Youtube","Metadata+Transcript","mUjXbmsiGT4",0,TRUE,0,0,"not applicable","not applicable","not applicable","Video appears to be a personal, artistic expression with no medical claims or advice."
"Youtube","Metadata+Transcript","-rF8IVO2hNc",1,TRUE,0.9,1,"not applicable","violated","not violated","Claims autism is caused by a demon, contradicting medical consensus on autism's neurodevelopmental origins."
"Youtube","Metadata+Transcript","A_sXi4NNlvw",0,TRUE,0,0,"not applicable","not applicable","not applicable","Video appears to be inspirational and motivational, without providing any specific information about anxiety or treatments."
"Youtube","Metadata+Transcript","Tyq492QJOkw",0,TRUE,0,0,"not applicable","not applicable","not applicable","Video appears to be a song about feeling isolated, not a mental health information video."
"Youtube","Metadata+Transcript","ssMfK0TAw6g",0,TRUE,0,0,"not applicable","not applicable","not applicable","Video appears to be a song snippet with no mental health information"
"Youtube","Metadata+Transcript","sGIKEVW3PGc",0,TRUE,0.8,1,"not applicable","violated","not applicable","Misinformation about causality of mental health crisis in trans teens and lack of evidence for social transition as a solution."
"Youtube","Metadata+Transcript","oTlu3mjKnUM",0,TRUE,0,0,"not violated","not violated","not violated","Video presents herbal remedies supported by a study, without making false claims or discouraging evidence-based treatment."
"Youtube","Metadata+Transcript","HzUXFPO3cJE",0,TRUE,0,0,"not applicable","not applicable","not applicable","Video appears to be a humorous skit unrelated to mental health information."
"Youtube","Metadata+Transcript","dXK_R-Du2qE",0,TRUE,0,0,"not applicable","not applicable","not applicable","Video appears to be a personal vlog about the speaker's shoe collection, unrelated to OCD treatment or mental health information."
"Youtube","Metadata+Transcript","-S2vaXWwbkU",0,TRUE,0,0,"not applicable","not violated","not applicable","Eugenia Cooney's statement aligns with the understanding that triggers can be subjective and varied, and that individuals may be triggered by multiple factors."
"Youtube","Metadata+Transcript","w6G94lbYAmY",0,TRUE,0.8,1,"not applicable","violated","not applicable","The video presents a distorted and inaccurate description of anxiety, contradicting current scientific and clinical consensus."
"Youtube","Metadata+Transcript","D9GqBaSlE70",0,TRUE,0,0,"not applicable","not violated","not applicable","Video discusses self-reflection and lack of awareness about depression in the past, without making any false medical claims."
"Youtube","Metadata+Transcript","88eZje7RPq4",0,TRUE,0,0,"not applicable","not violated","not applicable","Video is a comedic commentary on gaming, not a mental health resource."
"Youtube","Metadata+Transcript","6dfBSqN9RKA",0,TRUE,0,0,"not applicable","not applicable","not applicable","Video appears to be unrelated to mental health information."
"Youtube","Metadata+Transcript","gdG4f2HnnAw",0,TRUE,0,0,"not applicable","not applicable","not applicable","Video appears to be a heartfelt tribute to the speaker's mother, with no mention of mental health interventions or treatments."
"Youtube","Metadata+Transcript","ih_t7x9LYLE",0,TRUE,0.8,1,"not violated","violated","not violated","Ben Shapiro claims gender dysphoria is a mental illness, contradicting current scientific consensus."
"Youtube","Metadata+Transcript","-gh7_FRuT_I",0,TRUE,0,0,"not applicable","not violated","not applicable","Video provides a simple, evidence-based suggestion for improving energy levels."
"Youtube","Metadata+Transcript","hDCXEdp5FUU",0,TRUE,0,0,"not applicable","not applicable","not applicable","No medical information is provided in the video."
"Youtube","Metadata+Transcript","w5rGacpyx20",0,TRUE,0,0,"not applicable","not violated","not applicable","Video does not provide medical information or claims about treatments or interventions for schizophrenia."
"Youtube","Metadata+Transcript","o7l9oVurnms",0,TRUE,0.8,1,"not applicable","violated","not applicable","Video title implies autism is something to be endured, contradicting medical consensus on autism acceptance and support."
"Youtube","Metadata+Transcript","jWH4yjOP9JI",0,TRUE,0.8,1,"not applicable","violated","not applicable","The video contradicts medical consensus by implying that compassion is not necessary for individuals with mental illness."
"Youtube","Metadata+Transcript","XfP0V523Bo8",0,TRUE,0,0,"not applicable","not violated","not applicable","Video does not contain any medical claims or information about treatments."
"Youtube","Metadata+Transcript","IRaLrnJAn1k",0,TRUE,0,0,"not applicable","not violated","not applicable","The video does not contain any medical claims or information about treatments or interventions for schizophrenia."
"Youtube","Metadata+Transcript","1IEc8KGpDY8",0,TRUE,0,0,"not applicable","not applicable","not applicable","Video title suggests educational content, but description and transcript are not available for evaluation."
"Youtube","Metadata+Transcript","Dr_WKUNMqAo",0,TRUE,0,0,"not applicable","not applicable","not applicable","Video appears to be a joke or meme, no mental health information is provided."
"Youtube","Metadata+Transcript","n3t6wYC07js",0,TRUE,0,0,"not applicable","not violated","not applicable","Video accurately describes bipolar disorder and its symptoms, providing awareness and resources without promoting misinformation."
"Youtube","Metadata+Transcript","AJiI0RlDyyM",1,TRUE,0.8,1,"not applicable","violated","not applicable","The video misrepresents OCD and ADHD, implying they are interchangeable or trivial conditions."
"Youtube","Metadata+Transcript","MjJhAvXEBzc",0,TRUE,0,0,"not applicable","not applicable","not applicable","Video does not contain any mental health information or claims."
"Youtube","Metadata+Transcript","BHh2_PJVXhQ",0,TRUE,0,0,"not applicable","not violated","not applicable","Video describes personal experience with bipolar depression, does not provide medical claims or advice."
"Youtube","Metadata+Transcript","GiUwHNwtlCY",1,TRUE,0,0,"not applicable","not violated","not violated","Video promotes self-talk as a means to cope with depression, which is a common and evidence-based technique."
"Youtube","Metadata+Transcript","WOatqwOabgA",0,TRUE,0,0,"not applicable","not violated","not applicable","Video appears to be a factual list of countries with high suicide rates, no medical claims or interventions mentioned."
"Youtube","Metadata+Transcript","Y9vz81tot1c",1,TRUE,0.9,1,"violated","violated","violated","Unproven claim that changing physical circumstances (e.g., weight, finances) is a cure for depression."
"Youtube","Metadata+Transcript","N4vwF8SFQlQ",0,TRUE,0,0,"not applicable","not violated","not applicable","Video discusses social issues and mental health statistics without providing false medical claims."
"Youtube","Metadata+Transcript","okvr566FcpM",0,TRUE,0,0,"not applicable","not applicable","not applicable","Video title and description suggest a general, non-specific anxiety relief approach, but no specific claims are made."
"Youtube","Metadata+Transcript","tEZ7KyRDyEY",0,TRUE,0,0,"not applicable","not violated","not applicable","Correctly distinguishes between SAD and ASD, highlighting their distinct characteristics."
"Youtube","Metadata+Transcript","ftmDYudRI_4",0,TRUE,0,0,"not applicable","not violated","not applicable","Video discusses personal experiences and quotes from a book, without providing medical claims or promoting unproven treatments."
"Youtube","Metadata+Transcript","gmzX3R_fhrI",0,TRUE,0,0,"not applicable","not applicable","not applicable","Video is a personal account of a parent's experience, no medical claims or interventions mentioned."
"Youtube","Metadata+Transcript","vWVzT3cH5XU",0,TRUE,0.8,1,"not applicable","violated","not applicable","Claims that movies set unrealistic expectations and cause depression, contradicting current scientific understanding of depression's causes."
"Youtube","Metadata+Transcript","OTHpUtWuCTQ",0,TRUE,0.8,1,"not applicable","violated","not applicable","Misrepresents the relationship between being trans and mental instability, implying a causal link."
"Youtube","Metadata+Transcript","R2VWf64Aoic",0,TRUE,0,0,"not applicable","not applicable","not applicable","Video title suggests anxiety, but audio transcript is unrelated to mental health content."
"Youtube","Metadata+Transcript","xhZAwXNuzHI",0,TRUE,0,0,"not applicable","not violated","not violated","Video appears to be a personal account of living with ADHD, not providing medical advice or misinformation."
"Youtube","Metadata+Transcript","IGrtpCmwj20",0,TRUE,0,0,"not violated","not violated","not violated","Video does not provide any specific treatment advice, only a general statement about staying busy."
"Youtube","Metadata+Transcript","YjgvaZuFzBY",0,TRUE,0,0,"not violated","not violated","not violated","Video shares personal experience with mania and bipolar disorder, does not provide false medical claims or discourage evidence-based treatment."
"Youtube","Metadata+Transcript","LaVUX5bHz9Y",0,TRUE,0,0,"not applicable","not violated","not applicable","Video provides general awareness and signs of high functioning depression, without promoting unproven treatments or contradicting medical consensus."
"Youtube","Metadata+Transcript","JNKntNB-6B8",0,TRUE,0,0,"not applicable","not applicable","not applicable","Video does not provide any mental health information or claims, only a title and a call to action."
"Youtube","Metadata+Transcript","fjFCCdrHe8U",0,TRUE,1,1,"violated","violated","violated","The video presents a fictional, unproven, and potentially harmful treatment for ADHD."
"Youtube","Metadata+Transcript","66myqtc_pzs",0,TRUE,0,0,"not violated","not violated","not violated","Video presents accurate information on risk factors for BPD, aligning with current scientific consensus."
"Youtube","Metadata+Transcript","BdQA91Cmbig",0,TRUE,0,0,"not applicable","not violated","not applicable","The video describes a personal experience with executive dysfunction, a common symptom of ADHD, without providing any misinformation or promoting unproven treatments."
"Youtube","Metadata+Transcript","LTTtutrJMuk",0,TRUE,0,0,"not applicable","not violated","not violated","Video is about personal experience and recovery, not providing medical advice or misinformation."
"Youtube","Metadata+Transcript","M5ABBo-nhKQ",0,TRUE,0,0,"not applicable","not applicable","not applicable","Video appears to be a personal anecdote about ADHD symptoms, no medical claims made."
"Youtube","Metadata+Transcript","bc_sfaXzJyY",0,TRUE,0,0,"not applicable","not applicable","not applicable","Video appears to be a music clip with no mental health information."
"Youtube","Metadata+Transcript","oKLJ41B0zGY",0,TRUE,0,0,"not applicable","not applicable","not applicable","Video appears to be a personal anecdote without any medical claims or information."
"Youtube","Metadata+Transcript","PpnNuWtjdwA",0,TRUE,0,0,"not applicable","not applicable","not applicable","Video appears to be a personal awareness message without medical claims."
"Youtube","Metadata+Transcript","lM25nX9ndoI",0,TRUE,0,0,"not applicable","not applicable","not applicable","Video appears to be a lighthearted, non-medical interaction between a character and a child."
"Youtube","Metadata+Transcript","HQjbKlb1mZk",0,TRUE,0,0,"not applicable","not violated","not applicable","Video appears to be a playful, fictional scenario with no mental health information or claims."
"Youtube","Metadata+Transcript","Y2PEcXPepIE",0,TRUE,0,0,"not violated","not violated","not violated","Jordan Peterson's advice on limiting anxiety is based on his philosophical ideas, not medical claims."
"Youtube","Metadata+Transcript","YqLwvkMPaYw",0,TRUE,0,0,"not applicable","not applicable","not applicable","Video appears to be a personal, non-therapeutic interaction between a parent and their child with autism, promoting communication through sign language."
"Youtube","Metadata+Transcript","XsHqJEr2QyI",0,TRUE,0,0,"not violated","not violated","not violated","Video promotes tablets as a tool for individuals with autism, without making any unsubstantiated claims."
"Youtube","Metadata+Transcript","orPiXkk3SYU",0,TRUE,0.8,1,"violated","not violated","not violated","Promotes unproven treatment for ADHD without evidence."
"Youtube","Metadata+Transcript","H0RfsJIs2No",0,TRUE,0,0,"not applicable","not violated","not applicable","Video provides personal experience and awareness message without false medical claims."
"Youtube","Metadata+Transcript","zsqdjkgRvXg",0,TRUE,0,0,"not applicable","not violated","not applicable","The video presents a biblical verse as a source of encouragement, without making any false medical claims."
"Youtube","Metadata+Transcript","SMDp6INB3ko",0,TRUE,0,0,"not applicable","not violated","not applicable","Video appears to be a humorous, relatable take on ADHD, not providing medical advice or misinformation."
"Youtube","Metadata+Transcript","GwmXw9apSnM",0,TRUE,0,0,"not applicable","not violated","not violated","Video provides accurate information about bipolar disorder, its effects, and the importance of treatment and support."
"Youtube","Metadata+Transcript","xGhXicj_0l8",0,TRUE,0,0,"not applicable","not applicable","not applicable","No medical claims or interventions mentioned, only a prayer for overcoming depression."
"Youtube","Metadata+Transcript","i7G_J2Jdzt4",0,TRUE,0,0,"not applicable","not violated","not violated","Video does not provide any specific interventions, claims, or advice that could be considered misinformation."
"Youtube","Metadata+Transcript","9QFX_5WDKP0",1,FALSE,NA,NA,NA,NA,NA,NA
"Youtube","Metadata+Transcript","19utJMmTPOo",1,TRUE,0,0,"not violated","not violated","not violated","Video presents personal experience and spiritual beliefs without making false medical claims or discouraging evidence-based treatment."
"Youtube","Metadata+Transcript","qa3a-5BqJxo",0,TRUE,0,0,"not applicable","not violated","not applicable","Video does not present misinformation; it corrects common misconceptions about OCD."
"Youtube","Metadata+Transcript","Lc10puOjwsc",0,TRUE,0,0,"not violated","not violated","not violated","Video promotes a widely accepted concept of gratitude and its benefits for mental health, without making any unsubstantiated claims."
"Youtube","Metadata+Transcript","jEOgtLCKaCI",0,TRUE,0.8,1,"not applicable","violated","not applicable","Claims that certain behaviors are definitive indicators of ADHD, contradicting the complexity of the disorder."
"Youtube","Metadata+Transcript","jTyb19mhk3o",0,TRUE,0,0,"not applicable","not violated","not applicable","Video appears to be a trigger test for OCD, not providing medical advice or misinformation."
"Youtube","Metadata+Transcript","xyv-00OnCU0",0,TRUE,0,0,"not applicable","not violated","not applicable","Video appears to be a personal account of rejection sensitive dysphoria, not providing medical claims or interventions."
"Youtube","Metadata+Transcript","JgrkcLgRxM8",0,TRUE,0,0,"not applicable","not violated","not applicable","Video appears to be a personal, unedited account of a panic attack, not providing any medical claims or interventions."
"Youtube","Metadata+Transcript","vXx6ddYtGMw",0,TRUE,0,0,"not applicable","not applicable","not applicable","Video appears to be a personal experience or awareness message without medical claims."
"Youtube","Metadata+Transcript","MXAUwEVIL7E",0,TRUE,0,0,"not applicable","not violated","not violated","Video accurately describes high functioning depression, its symptoms, and potential coping mechanisms without providing false medical claims."
"Youtube","Metadata+Transcript","L4QTO0CocT0",0,TRUE,0,0,"not applicable","not applicable","not applicable","Video does not contain any medical claims or advice, only a personal anecdote."
"Youtube","Metadata+Transcript","C2TzAP24EjQ",1,TRUE,0.8,1,"not applicable","violated","not violated","Claims that physical activity is the sole cause of depression contradict current scientific consensus."
"Youtube","Metadata+Transcript","zFX9C8uyaOI",0,TRUE,0,0,"not applicable","not applicable","not applicable","Video does not contain any mental health information or claims."
"Youtube","Metadata+Transcript","EwTOYpGK1Q8",1,TRUE,0,0,"not violated","not violated","not violated","Video presents a personal recommendation for magnesium as an anxiety remedy, which is not inherently misleading or unproven."
"Youtube","Metadata+Transcript","ki4Q-wVe3nM",0,TRUE,0,0,"not applicable","not violated","not violated","Video presents a prayer for anxiety relief, not providing medical advice or contradicting scientific consensus."
"Youtube","Metadata+Transcript","qA1pBwBcrtI",0,TRUE,0,0,"not applicable","not violated","not applicable","Video does not contain any mental health information or claims."
"Youtube","Metadata+Transcript","Jt2sYPgYe0A",1,TRUE,0.2,0,"not violated","not violated","not violated","Video presents hypnosis as a potential anxiety relief tool, consistent with some medical consensus."
"Youtube","Metadata+Transcript","b6WKN64k_mc",0,TRUE,0,0,"not applicable","not violated","not applicable","Video appears to be a personal, humorous take on anxiety, without promoting any treatments or interventions."
"Youtube","Metadata+Transcript","uA5zSmAANOs",0,TRUE,0,0,"not applicable","not violated","not applicable","Video provides supportive and reassuring message for a spouse, without making any false medical claims."
"Youtube","Metadata+Transcript","jj0lzrVUXLo",0,TRUE,0,0,"not applicable","not applicable","not applicable","No mental health information provided in the video."
"Youtube","Metadata+Transcript","OICA2v0Eu0Y",0,TRUE,0,0,"not applicable","not violated","not applicable","Video shares personal experiences and emotions without providing any medical claims or misinformation."
"Youtube","Metadata+Transcript","XwxGdICbmY8",0,TRUE,0,0,"not applicable","not applicable","not applicable","Video appears to be a humorous, lighthearted post unrelated to mental health information."
"Youtube","Metadata+Transcript","iv3Cj24_xCI",0,TRUE,0,0,"not applicable","not applicable","not applicable","Video appears to be a comedy sketch or vlog with no apparent mental health information."
"Youtube","Metadata+Transcript","gVx1y2SIFn0",0,TRUE,0.8,1,"violated","violated","violated","The video promotes a potentially hazardous and ineffective method for anxiety management, and contradicts current scientific or clinical consensus."
"Youtube","Metadata+Transcript","Jd3cSwNw1qY",0,TRUE,0,0,"not applicable","not violated","not applicable","Video accurately describes addiction as a complex issue, not solely due to lack of willpower."
"Youtube","Metadata+Transcript","rGtp1LkfuUE",0,TRUE,0.8,1,"not applicable","violated","not applicable","The video title implies a specific, potentially misleading, connection between autism and intelligence, contradicting medical consensus."
"Youtube","Metadata+Transcript","TS_Kfm4AjOw",0,TRUE,0,0,"not applicable","not violated","not violated","Video discusses common coping mechanisms and thoughts associated with anxiety, without providing false medical claims or discouraging evidence-based treatment."
"Youtube","Metadata+Transcript","LmaulL0dZIk",0,TRUE,0,0,"not applicable","not applicable","not applicable","Video lacks specific information, making it impossible to assess for mental health misinformation."
"Youtube","Metadata+Transcript","YyZ6GTKLpXc",0,TRUE,0,0,"not applicable","not violated","not applicable","Video discusses personal struggles with autism-related tasks, no medical claims or misinformation."
"Youtube","Metadata+Transcript","_MS_j7Ecc6k",0,TRUE,0.8,1,"not violated","violated","not violated","The video misrepresents OCD as 'just' obsessive cleaning, downplaying its severity and impact on daily life."
"Youtube","Metadata+Transcript","wHg6dH5OLVM",1,TRUE,0.8,1,"violated","violated","violated","Misinformation on effectiveness of exercise vs SSRIs and genetics of anxiety, with discouragement of evidence-based treatment."
"Youtube","Metadata+Transcript","lA0akWhmLhU",0,TRUE,0,0,"not applicable","not applicable","not applicable","No information on interventions, consensus, or evidence-based treatment is provided."
"Youtube","Metadata+Transcript","JqQ8nIKaCwU",0,TRUE,0,0,"not applicable","not violated","not violated","Video presents personal warning signs for psychosis, not promoting unproven cures or false claims."
"Youtube","Metadata+Transcript","NyUNAfkjQGg",0,TRUE,0,0,"not violated","not violated","not violated","Video provides general advice on winding down before sleep, consistent with ADHD management guidelines."
"Youtube","Metadata+Transcript","IsJgszoBoeQ",0,TRUE,0,0,"not applicable","not applicable","not applicable","Video appears to be unrelated to mental health information"
"Youtube","Metadata+Transcript","t2RThwohuWg",0,TRUE,0,0,"not violated","not violated","not violated","Video accurately describes atypical depression and its characteristics, aligning with medical consensus."
"Youtube","Metadata+Transcript","jyodW7XuCCE",1,TRUE,0,0,"not applicable","not applicable","not applicable","Video title suggests a factual claim, but audio transcript is incoherent and unrelated to mental health."
"Youtube","Metadata+Transcript","tWReRa_O7kQ",0,TRUE,0,0,"not violated","not violated","not violated","Video promotes seeking help and Islamic practices for mental health, aligning with Islamic tradition and medical consensus."
"Youtube","Metadata+Transcript","53brF-7hqX0",0,TRUE,0,0,"not applicable","not violated","not applicable","Video discusses personal experiences with depression and anxiety, does not provide medical claims or interventions."
"Youtube","Metadata+Transcript","UdJZzxF587w",0,TRUE,0,0,"not applicable","not applicable","not applicable","Video provides no information on OCD, causes, or interventions, making it unlikely to contain misinformation."
"Youtube","Metadata+Transcript","y7FxvpaQd2U",0,TRUE,1,1,"not applicable","violated","not applicable","Video promotes faking autism, contradicting medical consensus."
"Youtube","Metadata+Transcript","smnMRnrVjV0",0,TRUE,0,0,"not applicable","not applicable","not applicable","Video shares personal experience without providing false medical claims or promoting unproven treatments."
"Youtube","Metadata+Transcript","ALconHA1Xrc",0,TRUE,0,0,"not applicable","not applicable","not applicable","Video contains hate speech and abusive language, not mental health misinformation."
"Youtube","Metadata+Transcript","EFAwrSOKySI",1,TRUE,0,0,"not violated","not violated","not violated","Video discusses psilocybin retreats and their therapeutic benefits, citing research and a specific model, without making false medical claims."
"Youtube","Metadata+Transcript","R5B_jZ1mwH0",0,TRUE,0,0,"not violated","not violated","not violated","The video presents a historically accurate explanation of the causes of the Great Depression, specifically the role of excessive leverage in the stock market."
"Youtube","Metadata+Transcript","yHQv2pUungI",0,TRUE,0,0,"not applicable","not violated","not applicable","Video appears to be a comedic skit about a mother's frustration, not a mental health information source."
"Youtube","Metadata+Transcript","5tdmmq0cCX0",1,TRUE,0.9,1,"violated","violated","violated","Video promotes unproven and unscientific treatment of anger and depression through prayer at an altar."
"Youtube","Metadata+Transcript","A-Pi5lxq4Zg",0,TRUE,0,0,"not applicable","not violated","not applicable","Video provides accurate NHS tips for mental wellbeing, no misinformation found."
"Youtube","Metadata+Transcript","pmJm9ftBt6g",0,TRUE,0,0,"not applicable","not violated","not applicable","Video does not provide medical claims or interventions, only rhetorical questions."
"Youtube","Metadata+Transcript","si0zVfea3PA",0,TRUE,0,0,"not violated","not violated","not violated","Video provides general information about depression, its causes, and treatment without spreading misinformation."
"Youtube","Metadata+Transcript","dw5BbcUSV4c",1,TRUE,0.8,1,"not applicable","violated","not applicable","Claims that liberalism causes depression contradict current scientific consensus on depression causes."
"Youtube","Metadata+Transcript","9NQFR_HLC2M",0,TRUE,0,0,"not applicable","not violated","not applicable","Video promotes self-care and acceptance, without making any false medical claims."
"Youtube","Metadata+Transcript","1a4CJZi1ub4",1,TRUE,0.2,0,"not violated","not violated","not violated","Video presents herbal remedies with scientific backing, no false claims or discouragement of evidence-based treatment."
"Youtube","Metadata+Transcript","gy2wY5zcEg0",0,TRUE,0,0,"not applicable","not violated","not applicable","Video is a heartfelt message promoting self-worth and self-acceptance, without any medical claims or interventions."
"Youtube","Metadata+Transcript","O6dgCRkyrIc",0,TRUE,0,0,"not applicable","not violated","not applicable","Video appears to be a personal, emotional expression rather than a medical claim or advice."
"Youtube","Metadata+Transcript","ZwO0rervo8o",0,TRUE,0,0,"not applicable","not violated","not applicable","Video discusses social commentary on men's mental health awareness, does not provide medical claims or interventions."
"Youtube","Metadata+Transcript","boxHMOpQApI",0,TRUE,0,0,"not applicable","not applicable","not applicable","Video appears to be a comedic skit and does not provide any mental health information."
"Youtube","Metadata+Transcript","XiHaS9u65Ww",0,TRUE,0,0,"not applicable","not violated","not violated","Video presents a prayer for anxiety, which is a personal experience and not a medical claim."
"Youtube","Metadata+Transcript","vmq_X0__Yac",0,TRUE,0,0,"not applicable","not violated","not violated","Video discusses commercialization of mental health treatments, not providing medical claims or interventions."
"Youtube","Metadata+Transcript","_srZLeX19no",0,TRUE,1,1,"not applicable","violated","not applicable","Video title and audio transcript suggest a cure for depression through dance, contradicting medical consensus."
"Youtube","Metadata+Transcript","lPetf9_RGuw",1,TRUE,0.8,1,"not applicable","violated","not violated","Denies the existence of depression, contradicting current scientific consensus."
"Youtube","Metadata+Transcript","R1SradXb2nc",0,TRUE,0,0,"not applicable","not applicable","not applicable","Video title suggests educational content, but lacks actual information."
"Youtube","Metadata+Transcript","-lfrX_32msI",0,TRUE,0,0,"not applicable","not applicable","not applicable","Video appears to be a promotional clip for a coaching service, no mental health information is provided."
"Youtube","Metadata+Transcript","FDJkQ1vD4IQ",0,TRUE,0,0,"not applicable","not violated","not applicable","Video appears to be a personal, relatable skit about anxiety, not providing medical advice or claims."
"Youtube","Metadata+Transcript","td_3gTNbPBU",0,TRUE,0,0,"not applicable","not violated","not applicable","Video discusses data collection by mental health apps, not treatments or interventions."
"Youtube","Metadata+Transcript","xRK0uztdk6A",0,TRUE,0,0,"not violated","not violated","not violated","Video accurately distinguishes between burnout and depression, emphasizing the importance of addressing underlying factors and coping mechanisms."
"Youtube","Metadata+Transcript","Kbwp7d705iE",0,TRUE,0,0,"not violated","not violated","not violated","Video provides general wellness tips and mentions therapy as a valid treatment option."
"Youtube","Metadata+Transcript","Cm1bXg60f88",0,TRUE,0,0,"not applicable","not violated","not violated","Video accurately describes high-functioning depression, its symptoms, and the importance of seeking professional help."
"Youtube","Metadata+Transcript","rqD5L8RJbbc",0,TRUE,0,0,"not violated","not violated","not violated","Video provides general advice on self-acceptance and challenging oneself, without making any false medical claims."
"Youtube","Metadata+Transcript","5gpIG1EHusE",1,TRUE,1,1,"violated","violated","violated","Claims unproven cure for autism using prayer"
"Youtube","Metadata+Transcript","xphnHCRgvOg",0,TRUE,0,0,"not applicable","not violated","not applicable","Video accurately describes psychotic symptoms of schizophrenia, aligning with medical consensus."
"Youtube","Metadata+Transcript","2xcCGRRgHMg",0,TRUE,0,0,"not applicable","not violated","not violated","Video accurately describes depression symptoms and encourages treatment, aligning with medical consensus."
"Youtube","Metadata+Transcript","PbxpBlb4Ozw",1,TRUE,0.9,1,"violated","violated","violated","Unproven treatment with peptides and untested procedure Vegas Nerve Hydrodisection and Stelae Ganglion injection"
"Youtube","Metadata+Transcript","zxCUkSvt4Cg",0,TRUE,0,0,"not applicable","not applicable","not applicable","This video appears to be a real-time emergency response, not a mental health information video."
"Youtube","Metadata+Transcript","Lck4bBz-Xsk",0,TRUE,0,0,"not violated","not violated","not violated","Video presents a prayer for anxiety and fear, aligning with Christian faith and promoting a positive, faith-based approach."
"Youtube","Metadata+Transcript","-iVIZqE00_0",0,TRUE,0.8,1,"violated","violated","not violated","Claims that suppressing emotions leads to depression, implying a simplistic and inaccurate understanding of depression's causes."
"Youtube","Metadata+Transcript","JddEj1fG2kE",0,TRUE,0,0,"not applicable","not applicable","not applicable","Video appears to be a music clip with no discussion of mental health interventions, consensus, or evidence-based treatment."
"Youtube","Metadata+Transcript","4s-UDZwihbg",0,TRUE,0,0,"not violated","not violated","not violated","Video presents general advice and insights from therapy and psychology research without making any false claims or promoting unproven treatments."
"Youtube","Metadata+Transcript","SLh9nuDIb7k",0,TRUE,0,0,"not violated","not violated","not violated","Video presents a positive and realistic portrayal of a child with autism participating in chores."
"Youtube","Metadata+Transcript","hqpJBhkFKcU",0,TRUE,0,0,"not applicable","not violated","not applicable","Video promotes awareness and encourages help-seeking behavior without spreading misinformation or contradicting medical consensus."
"Youtube","Metadata+Transcript","V4itEOdoa94",0,TRUE,0,0,"not applicable","not violated","not applicable","The video does not provide any information about mental health interventions, medical consensus, or evidence-based treatments."
"Youtube","Metadata+Transcript","JRKh2fntvAI",0,TRUE,0,0,"not violated","not violated","not violated","Video provides general advice on how to support someone with depression, aligning with medical consensus and evidence-based treatment."
"Youtube","Metadata+Transcript","jvU-Ra_HO7c",0,TRUE,0,0,"not applicable","not applicable","not applicable","No information provided to evaluate for mental health misinformation."
"Youtube","Metadata+Transcript","kKzlbEEG6YI",0,TRUE,0,0,"not applicable","not applicable","not applicable","No mental health information provided, only a title and a subscription prompt."
"Youtube","Metadata+Transcript","a54ae-6r2wo",0,TRUE,0,0,"not applicable","not applicable","not applicable","Video appears to be a personal, uplifting message without any medical claims or interventions."
"Youtube","Metadata+Transcript","BQ7KlyhsQxE",0,TRUE,0,0,"not applicable","not violated","not applicable","Video appears to be a comedy sketch about a barber with OCD, not a serious discussion of mental health treatments or interventions."
"Youtube","Metadata+Transcript","vDAOPkiqN8o",0,TRUE,0,0,"not applicable","not violated","not violated","Video describes common symptoms of depression without promoting unproven treatments or contradicting medical consensus."
"Youtube","Metadata+Transcript","witXIuWR8t4",0,TRUE,0,0,"not applicable","not applicable","not applicable","Video appears to be incoherent and unrelated to mental health information."
"Youtube","Metadata+Transcript","pEFU9ziZHSA",0,TRUE,0,0,"not violated","not violated","not violated","Andrew Tate's advice is anecdotal and based on his personal experience, not a clear violation of any criteria."
"Youtube","Metadata+Transcript","WCeHc48hEeQ",1,TRUE,0,0,"not applicable","not applicable","not applicable","No information provided to evaluate"
"Youtube","Metadata+Transcript","HH4s5KExwH8",0,TRUE,0,0,"not applicable","not violated","not applicable","Video is a celebratory message with no medical claims or interventions."
"Youtube","Metadata+Transcript","2VCoWG8sCng",0,TRUE,0,0,"not applicable","not applicable","not applicable","Video appears to be a personal reaction or emotional response, lacking any specific medical claims or advice."
"Youtube","Metadata+Transcript","XEARfmD4yHs",0,TRUE,0,0,"not applicable","not violated","not applicable","Video appears to be a personal anecdote about childhood trauma, not providing any medical claims or interventions."
"Youtube","Metadata+Transcript","ffx8Yq7CWNI",0,TRUE,0.9,1,"violated","violated","violated","Unproven and potentially hazardous technique for instant anxiety relief"
"Youtube","Metadata+Transcript","sClf1AE5IlQ",1,TRUE,1,1,"violated","violated","violated","Denies chemical imbalance as cause of mental illness, promotes unproven claim that all mental illnesses are 'fixable'."
"Youtube","Metadata+Transcript","XSICXA8LyFA",0,TRUE,0,0,"not violated","not violated","not violated","Video presents accurate information about ashwagandha's potential benefits for stress and anxiety, citing a peer-reviewed study."
"Youtube","Metadata+Transcript","p-dSORvlAIY",0,TRUE,0,0,"not violated","not violated","not violated","Video discusses importance of struggle and risk in achieving success, without providing false medical claims or discouraging evidence-based treatment."
"Youtube","Metadata+Transcript","lREzP3sDYUI",0,TRUE,0,0,"not applicable","not violated","not applicable","Video appears to be a song or poem about relationships and heartbreak, not providing mental health advice or information."
"Youtube","Metadata+Transcript","xaxEHT1nDdM",0,TRUE,0,0,"not applicable","not applicable","not applicable","Video is a community fundraiser announcement with no mental health information or claims."
"Youtube","Metadata+Transcript","WMlYOjBMoMQ",0,TRUE,0,0,"not violated","not violated","not violated","Video provides accurate information about seeking professional diagnosis and mentions meditation as a personal management tool, without making any false claims."
"Youtube","Metadata+Transcript","YEH73NCYX34",0,TRUE,0,0,"not applicable","not violated","not violated","Video presents a prayer for anxiety, which is a personal experience and not a medical claim. It aligns with biblical teachings and does not contradict medical consensus."
"Youtube","Metadata+Transcript","l1iHYY5H8mg",0,TRUE,0,0,"not applicable","not applicable","not applicable","Video lacks specific information, making it impossible to assess for mental health misinformation."
"Youtube","Metadata+Transcript","FqohaPpqpjc",0,TRUE,0,0,"not applicable","not violated","not violated","Video promotes self-care and motivation, without providing false medical claims or discouraging evidence-based treatment."
"Youtube","Metadata+Transcript","kGvNjCClf9g",1,TRUE,0.9,1,"violated","violated","violated","Claims that speed and constant activity can prevent depression without addressing underlying causes or providing evidence-based interventions."
"Youtube","Metadata+Transcript","T3No207BAOc",0,TRUE,0,0,"not applicable","not violated","not applicable","Video is a lighthearted cooking segment with no mental health claims or misinformation."
"Youtube","Metadata+Transcript","TsJEz8SNvWs",0,TRUE,0,0,"not applicable","not violated","not applicable","Video only discusses awareness and warning signs, no medical claims or interventions mentioned."
"Youtube","Metadata+Transcript","2GHRJva4ixY",0,TRUE,0,0,"not applicable","not applicable","not applicable","Video appears to be an artistic concept, not providing medical information or claims."
"Youtube","Metadata+Transcript","x-4q_BVbLyk",0,TRUE,0,0,"not applicable","not violated","not applicable","Video provides personal, non-medical perspective on anxiety and fear, without promoting unproven treatments or contradicting medical consensus."
"Youtube","Metadata+Transcript","f4aNsjG6DSc",0,TRUE,0,0,"not applicable","not applicable","not applicable","No mental health information or claims presented in the video."
"Youtube","Metadata+Transcript","sNmdOlHw9tA",0,TRUE,0,0,"not applicable","not violated","not applicable","Video is a personal account of anxiety, does not provide medical claims or interventions."
"Youtube","Metadata+Transcript","azSOkDF_I4w",0,TRUE,0,0,"not applicable","not violated","not violated","Video shares personal experience, does not provide medical claims or interventions."
"Youtube","Metadata+Transcript","Ru3mYwN_Pfo",0,TRUE,0.8,1,"not applicable","violated","not applicable","The video suggests that suicidal thoughts are a normal part of life, which contradicts the medical consensus that suicidal thoughts are a serious symptom of mental health disorders."
"Youtube","Metadata+Transcript","VCE2qCzOlKY",0,TRUE,0,0,"not applicable","not violated","not applicable","Video provides general physical signs of autism, not promoting unproven cures or false medical claims."
"Youtube","Metadata+Transcript","ibXssa_Usdw",0,TRUE,0,0,"not applicable","not violated","not applicable","Video appears to be a personal reflection on the speaker's experiences with AuDHD, without providing any medical claims or interventions."
"Youtube","Metadata+Transcript","sN3Cp_fuIlo",0,TRUE,0,0,"not applicable","not violated","not applicable","No medical claims or interventions discussed in the video."
"Youtube","Metadata+Transcript","AhJqmzBow4E",0,TRUE,0,0,"not applicable","not violated","not violated","Video does not provide any medical claims or misinformation about schizophrenia or treatment."
"Youtube","Metadata+Transcript","8e8lN2GvYv0",0,TRUE,0,0,"not applicable","not violated","not applicable","Video is a personal anecdote about a parent's experience with their autistic child, not providing any medical claims or misinformation."
"Youtube","Metadata+Transcript","5n5CE4J4IZE",0,TRUE,0,0,"not applicable","not applicable","not applicable","Video appears to be a spiritual/religious message, not providing medical information or advice."
"Youtube","Metadata+Transcript","ftnS5k1Exlk",0,TRUE,0,0,"not applicable","not applicable","not applicable","Transcript appears to be a personal expression rather than a medical claim."
"Youtube","Metadata+Transcript","AndZjQMrwyQ",0,TRUE,0,0,"not applicable","not violated","not applicable","Video appears to be a discussion or question rather than providing medical information."
"Youtube","Metadata+Transcript","UJLwNZ0tld0",1,TRUE,0.9,1,"violated","violated","violated","Video promotes unproven and inaccurate claims about curing depression in two weeks, disregards evidence-based treatments, and contradicts medical consensus on depression as a mental disease."
"Youtube","Metadata+Transcript","l4MMRInq7M4",0,TRUE,0,0,"not applicable","not violated","not applicable","Video provides general awareness about PTSD, does not contain medical claims or interventions."
"Youtube","Metadata+Transcript","_-pjwq437YA",0,TRUE,0,0,"not applicable","not applicable","not applicable","Video appears to be a personal experience sharing mood changes with bipolar disorder, without providing any medical claims or interventions."
"Youtube","Metadata+Transcript","hF9dLAw1boE",1,TRUE,0.8,1,"not applicable","violated","not applicable","Denies current scientific understanding of transgender identity and its relation to mental health."
"Youtube","Metadata+Transcript","TQfZhNUPN9s",1,TRUE,0.8,1,"not applicable","violated","not violated","Claims that transgender identity is a lie and that it preys on vulnerable individuals, contradicting current scientific and clinical consensus on gender identity and mental health."
"Youtube","Metadata+Transcript","RFuSrSuzCc0",0,TRUE,0,0,"not applicable","not violated","not applicable","Video provides accurate definition of acute trauma, citing specific examples."
"Youtube","Metadata+Transcript","po6qn9DJGaU",0,TRUE,0,0,"not applicable","not applicable","not applicable","Video appears to be a personal expression of sadness, not a medical claim or advice."
"Youtube","Metadata+Transcript","Vn1S5EsD45o",0,TRUE,0,0,"not violated","not violated","not violated","Video provides accurate and relatable personal account of ADHD symptoms in women, without promoting misinformation or unproven treatments."
"Youtube","Metadata+Transcript","9voN1pzwTks",1,TRUE,0.9,1,"violated","violated","violated","Claims that antidepressants suppress emotions and prolong suffering contradict medical consensus and evidence-based treatment."
"Youtube","Metadata+Transcript","45Bc03Di7UU",1,TRUE,0.8,1,"not violated","violated","not violated","Sneako's statement that talking about mental health can cause problems contradicts medical consensus."
"Youtube","Metadata+Transcript","wqBAohnacCk",0,TRUE,0,0,"not violated","not violated","not violated","Video accurately describes potential negative effects of chronic cannabis use on cannabinoid receptors and tolerance development."
"Youtube","Metadata+Transcript","PiEVS3tewbE",0,TRUE,0,0,"not applicable","not violated","not applicable","Video title and description mention OCD, but audio transcript is music only, no information is provided."
"Youtube","Metadata+Transcript","ghs3oO8vIqI",0,TRUE,0,0,"not applicable","not violated","not applicable","Video is a tourist guide, not a mental health resource, and does not contain any medical claims."
"Youtube","Metadata+Transcript","vTLI3fmlJdI",0,TRUE,0,0,"not violated","not violated","not violated","Video presents accurate information on natural ways to increase progesterone levels, without promoting unproven or misleading interventions."
"Youtube","Metadata+Transcript","HBIfl_o93cU",0,TRUE,0,0,"not violated","not violated","not violated","Video presents general stress management strategies based on cognitive-behavioral principles, without making any false or misleading claims."
"Youtube","Metadata+Transcript","pBt9OAs3YaU",0,TRUE,0,0,"not applicable","not violated","not applicable","Video presents a philosophical perspective on depression, not a medical or clinical one, and does not provide misinformation."
"Youtube","Metadata+Transcript","P8iIZmo73uY",0,TRUE,0,0,"not applicable","not violated","not applicable","Video appears to be a personal anecdote about OCD cleaning habits, not providing medical claims or misinformation."
"Youtube","Metadata+Transcript","cmNAny-l6dU",0,TRUE,0,0,"not applicable","not violated","not applicable","Video discusses the issue of misinformation in the ADHD community, but does not present any false medical claims."
"Youtube","Metadata+Transcript","K8MoD7aEiwE",0,TRUE,0,0,"not applicable","not applicable","not applicable","Video appears to be a personal, unclear, and incomplete audio transcript, lacking any specific mental health information."
"Youtube","Metadata+Transcript","bCbnJrh_PLQ",0,TRUE,0,0,"not applicable","not violated","not applicable","The video discusses a personal experience without providing any medical claims or interventions."
"Youtube","Metadata+Transcript","VJmHwDD4RV8",0,TRUE,0,0,"not applicable","not violated","not violated","Video does not contain any mental health information or claims, only a promotional message for a therapy service."
"Youtube","Metadata+Transcript","CFilk8vVBe8",1,TRUE,0,0,"violated","not violated","not violated","No medical claims or interventions mentioned, just a product recommendation."
"Youtube","Metadata+Transcript","3fS21sjTNgk",0,TRUE,0.9,1,"violated","violated","violated","Claims that antidepressants only provide temporary relief and that depression will return when medication is stopped, contradicting current scientific understanding of antidepressant efficacy."
"Youtube","Metadata+Transcript","ViB1YrWjLcM",0,TRUE,0,0,"not applicable","not applicable","not applicable","Video does not contain any mental health information"
"Youtube","Metadata+Transcript","DKn5yUHYxhw",1,TRUE,0.8,1,"not violated","violated","not violated","Claims that Tourette's and OCD vanished due to a spiritual awakening and YouTube videos contradict medical consensus."
"Youtube","Metadata+Transcript","WLFVgnafcbM",0,TRUE,0,0,"not applicable","not applicable","not applicable","Video does not provide any information about mental health, interventions, or treatments."
"Youtube","Metadata+Transcript","7uDNYF-srTk",0,TRUE,0,0,"not applicable","not violated","not violated","Video provides a worksheet to help determine diagnostic criteria and encourages talking to a doctor, promoting evidence-based treatment."
"Youtube","Metadata+Transcript","IeFx75P7GyQ",1,TRUE,0,0,"not violated","not violated","not violated","Video discusses potential reasons for antidepressant ineffectiveness, including 'poop out', without making false claims or discouraging evidence-based treatment."
"Youtube","Metadata+Transcript","G79hhCdPxlI",0,TRUE,0,0,"not violated","not violated","not violated","Video provides general advice on managing Adderall shortage, does not promote unproven treatments or contradict medical consensus."
"Youtube","Metadata+Transcript","1GPv1u9831I",0,TRUE,0,0,"not applicable","not violated","not violated","Video shares personal experience and coping strategy, no medical claims or misinformation."
"Youtube","Metadata+Transcript","pqsQjxDwKKI",0,TRUE,0,0,"not applicable","not applicable","not applicable","No information on interventions, alignment with medical consensus, or evidence-based treatment is provided."
"Youtube","Metadata+Transcript","erbXyUpLVus",0,TRUE,0,0,"not applicable","not applicable","not applicable","Video appears to be a personal anecdote about living with someone with ADHD, without any medical claims or advice."
"Youtube","Metadata+Transcript","bd4AyyVJfSg",0,TRUE,0,0,"not violated","not violated","not violated","The video does not provide any medical claims or interventions, and instead focuses on a social commentary on body positivity and the potential influence of Eugenia Cooney's appearance on young people."
"Youtube","Metadata+Transcript","AN8G04sUFVc",0,TRUE,0,0,"not applicable","not violated","not applicable","The video does not provide any information about mental health interventions, medical consensus, or evidence-based treatment."
"Youtube","Metadata+Transcript","tV7ccFnV6z4",0,TRUE,0,0,"not applicable","not violated","not applicable","Video promotes mental health awareness and Islamic psychology, without making any false medical claims."
"Youtube","Metadata+Transcript","AN2-DxCiPVA",0,TRUE,0,0,"not applicable","not applicable","not applicable","Video appears to be a commentary on societal issues, not providing mental health information."
"Youtube","Metadata+Transcript","lhuRuSguN_Y",1,TRUE,0.9,1,"violated","violated","violated","Kanye West makes unsubstantiated claims about a Jewish doctor's motivations and actions."
"Youtube","Metadata+Transcript","nubEgLuWFTM",0,TRUE,0,0,"not applicable","not violated","not applicable","Video presents personal experience of a diagnosed sociopath, does not provide medical claims or advice."
"Youtube","Metadata+Transcript","qQnEeQpIjC0",0,TRUE,0,0,"not applicable","not violated","not applicable","Video presents a general, scientifically-supported fact about nature's benefits on mental health."
"Youtube","Metadata+Transcript","4e9-6N3ffFA",0,TRUE,0,0,"not applicable","not applicable","not applicable","Video appears to be a creative expression or rap, not providing any mental health information."
"Youtube","Metadata+Transcript","-slve8ec_1g",1,TRUE,0,0,"not applicable","not applicable","not applicable","No specific claims or information about mental health interventions, consensus, or evidence-based treatment."
"Youtube","Metadata+Transcript","wSpjYZWxG3E",0,TRUE,0.8,1,"not applicable","violated","not applicable","Fitness is not a cure for mental health issues, and the video's title is misleading."
"Youtube","Metadata+Transcript","ELNDPhTnqoQ",0,TRUE,0,0,"not applicable","not applicable","not applicable","Video appears to be a personal anecdote about a Jeep repair experience, not related to mental health or misinformation."
"Youtube","Metadata+Transcript","0F6rrGGTDCE",0,TRUE,1,1,"not applicable","violated","not applicable","The video claims Wisconsin is a 'bipolar state', which is a colloquialism for having both hot and cold weather, but it's not a recognized medical term for a mental health condition."
"Youtube","Metadata+Transcript","xItwPY-G0wY",0,TRUE,0,0,"not violated","not violated","not violated","Video provides accurate information about antidepressants and their effects on serotonin and dopamine levels."
"Youtube","Metadata+Transcript","SsPFNgywqHQ",0,TRUE,0.8,1,"not applicable","violated","not applicable","Claims that online interactions prevent suicidal thoughts without evidence-based support, contradicting medical consensus."
"Youtube","Metadata+Transcript","zNdct_3B_ZE",0,TRUE,0,0,"not applicable","not applicable","not applicable","Video appears to be a humorous anecdote, not providing any mental health information."
"Youtube","Metadata+Transcript","501f2k1y9W0",0,TRUE,0,0,"not applicable","not applicable","not applicable","Video contains no information about mental health interventions, consensus, or evidence-based treatment."
"Youtube","Metadata+Transcript","lRaANJuKScE",0,TRUE,0,0,"not violated","not violated","not violated","Video provides accurate information on anxiety symptoms and interventions, promoting professional help when necessary."
"Youtube","Metadata+Transcript","TpwGmyLf2Jk",1,TRUE,0,0,"not applicable","not violated","not violated","Video promotes self-care and relaxation, not providing medical advice or interventions."
"Youtube","Metadata+Transcript","70FM7M62_TI",0,TRUE,0,0,"not applicable","not applicable","not applicable","Video is a product review, not a mental health information source."
"Youtube","Metadata+Transcript","BxGK5gI4WEw",0,TRUE,0,0,"not violated","not violated","not violated","Video provides general sleep hygiene tips consistent with medical consensus."
"Youtube","Metadata+Transcript","QLtouqQU3ME",0,TRUE,0,0,"not applicable","not violated","not applicable","Video presents a nuanced understanding of ADHD, highlighting individual differences in interests and motivation."
"Youtube","Metadata+Transcript","5q42Tj2Gw5U",0,TRUE,0,0,"not violated","not violated","not violated","Video presents personal experience and does not provide false medical claims."
"Youtube","Metadata+Transcript","5a9SFaX_CEg",0,TRUE,0,0,"not applicable","not violated","not applicable","Video appears to be a personal, non-expert discussion about mental health, without any false medical claims."
"Youtube","Metadata+Transcript","FGbvrsRdgEk",0,TRUE,0.8,1,"not applicable","violated","not applicable","Trickle-to-lomania is not a recognized mental health condition, contradicting medical consensus."
"Youtube","Metadata+Transcript","nKe9RIRDMVw",0,TRUE,0,0,"not violated","not violated","not violated","Video promotes general wellness practices supported by scientific consensus."
"Youtube","Metadata+Transcript","fCOV4lbFrsE",0,TRUE,0,0,"not violated","not violated","not violated","Video accurately describes Generalized Anxiety Disorder and encourages seeking medical help."
"Youtube","Metadata+Transcript","SdC_5B-iaDE",1,TRUE,0,0,"not violated","not violated","not violated","Video provides a personal perspective on depression, without making any false medical claims or discouraging evidence-based treatments."
"Youtube","Metadata+Transcript","s1gSdCkEf-o",0,TRUE,0,0,"not applicable","not violated","not violated","Video shares personal recovery experience without promoting unproven treatments or contradicting medical consensus."
"Youtube","Metadata+Transcript","QZYfVcw9gmU",0,TRUE,0.9,1,"violated","violated","not applicable","Video inaccurately describes OCD and schizophrenia symptoms."
"Youtube","Metadata+Transcript","xTHHA9exb9s",0,TRUE,0,0,"not violated","not violated","not violated","The video promotes seeking professional help and accurate information from a doctor, aligning with medical consensus and evidence-based treatment."
"Youtube","Metadata+Transcript","H5QI9xo1xOI",0,TRUE,0,0,"not applicable","not violated","not violated","Video promotes self-care and emotional expression, aligning with mental health consensus."
"Youtube","Metadata+Transcript","hF9DepIPI3I",0,TRUE,0,0,"not applicable","not applicable","not applicable","Video title suggests ADHD awareness, but audio transcript is nonsensical, indicating a likely joke or prank."
"Youtube","Metadata+Transcript","NYVsd7vtdR8",0,TRUE,0.8,1,"not applicable","violated","not applicable","Peterson misrepresents the relationship between gender dysphoria and suicidal risk, contradicting medical consensus."
"Youtube","Metadata+Transcript","jJjYkkDzEPM",0,TRUE,0,0,"not applicable","not applicable","not applicable","No information on interventions, alignment with medical consensus, or evidence-based treatment is provided."
"Youtube","Metadata+Transcript","mf81s35klLg",0,TRUE,0,0,"not applicable","not violated","not applicable","Video presents general awareness message about physical-mental health connection, no false medical claims."
"Youtube","Metadata+Transcript","Y5JhFV37kCI",0,TRUE,1,1,"violated","violated","violated","Claims a cure for anorexia, a serious eating disorder, without providing evidence or credible treatment plan."
"Youtube","Metadata+Transcript","HOBQ71mdMbg",0,TRUE,0,0,"not applicable","not violated","not violated","Video provides general advice on spotting unqualified or unethical mental health professionals, aligning with medical consensus."
"Youtube","Metadata+Transcript","GIaNwh8wdbo",0,TRUE,0,0,"not applicable","not violated","not applicable","Video appears to be a humorous, artistic expression with no medical claims or advice."
"Youtube","Metadata+Transcript","51dEvfAinZU",0,TRUE,0,0,"not violated","not violated","not violated","Video criticizes Gabbie Hanna's mental health advice, but does not provide false information."
"Youtube","Metadata+Transcript","RiN8krXH-_U",0,TRUE,0,0,"not applicable","not violated","not applicable","Video discusses personal struggles with anorexia, does not provide medical advice or misinformation."
"Youtube","Metadata+Transcript","FQPz_dizvzA",1,TRUE,0.8,1,"not applicable","violated","not applicable","Denies existence of depression, contradicting current scientific consensus."
"Youtube","Metadata+Transcript","3lZiRXywXLY",0,TRUE,0,0,"not applicable","not applicable","not applicable","No information on interventions, consensus, or evidence-based treatment is provided."
"Youtube","Metadata+Transcript","tuKjuJraO4A",0,TRUE,0,0,"not violated","not violated","not violated","Video shares personal experience without making false medical claims or promoting unproven treatments."
"Youtube","Metadata+Transcript","S84Pjo0xgbQ",0,TRUE,0,0,"not applicable","not violated","not applicable","Video accurately distinguishes between feeling depressed and having major depressive disorder, and explains the concept of adjustment reaction with depressed mood."
"Youtube","Metadata+Transcript","JaAM2Kc2ecM",1,TRUE,0.9,1,"violated","violated","violated","Unproven claim that 'stopping quetching' and helping others cures depression"
"Youtube","Metadata+Transcript","v7BYFVUOlTM",0,TRUE,0,0,"not applicable","not violated","not violated","Video presents a prayer for mental health, which is a personal and spiritual approach, not a medical intervention or treatment."
"Youtube","Metadata+Transcript","-dcvAPBDhyg",0,TRUE,0.9,1,"violated","violated","violated","Video promotes unproven and unscientific treatments, such as reading religious texts to 'cure' schizophrenia."
"Youtube","Metadata+Transcript","uztpEwk2jFc",0,TRUE,0,0,"not applicable","not applicable","not applicable","Video appears to be a casual, non-therapeutic interaction between two individuals, not providing any mental health information."
"Youtube","Metadata+Transcript","-20cMQKcbtg",0,TRUE,0,0,"not applicable","not applicable","not applicable","Video appears to be a personal anecdote or social media challenge, lacking any medical claims or information."
"Youtube","Metadata+Transcript","8oTrRXdFZ3M",0,TRUE,0,0,"not applicable","not violated","not applicable","Video accurately lists common signs of depression, without providing misinformation or promoting unproven treatments."
"Youtube","Metadata+Transcript","wC5YCHS3pQ8",0,TRUE,0,0,"not applicable","not violated","not applicable","Video discusses personal experience and basketball motivation, no medical claims or misinformation"
"Youtube","Metadata+Transcript","3YiGN7OGnkQ",0,TRUE,0,0,"not violated","not violated","not violated","The video discusses personal experience with medication adherence, not providing false medical claims."
"Youtube","Metadata+Transcript","maxAwL3z2gs",0,TRUE,0,0,"not violated","not violated","not violated","Video provides accurate information about vitamin D and its relationship to depression, with a clear disclaimer about seeking medical advice."
"Youtube","Metadata+Transcript","n5IEL3X1uqo",0,TRUE,0,0,"not applicable","not violated","not applicable","Video provides a neutral, accurate definition of BPD, aligning with medical consensus."
"Youtube","Metadata+Transcript","8AOJJTXAEQs",0,TRUE,0,0,"not applicable","not violated","not violated","Video presents general signs of declining mental health, does not provide false medical claims or discourage evidence-based treatment."
"Youtube","Metadata+Transcript","R5W4r8ZIomE",0,TRUE,0,0,"not applicable","not applicable","not applicable","Video discusses personal OCD symptoms related to game mechanics, not mental health information or interventions."
"Youtube","Metadata+Transcript","E-zt0lausAM",0,TRUE,0,0,"not applicable","not applicable","not applicable","Video appears to be a simple, non-instructional household activity, not related to mental health or treatment."
"Youtube","Metadata+Transcript","9R2VOeiPMAA",0,TRUE,0,0,"not applicable","not applicable","not applicable","Video appears to be unrelated to mental health information, focusing on a repetitive phrase rather than providing any information about ADHD or its treatment."
"Youtube","Metadata+Transcript","H6DQDcgH9-o",1,TRUE,0.8,1,"not applicable","violated","not applicable","Claims that schizophrenia is a spiritual gift, contradicting medical consensus that it's a neurodevelopmental disorder."
"Youtube","Metadata+Transcript","jSYT7raFRiI",0,TRUE,0,0,"not applicable","not violated","not applicable","Video shares personal experience with depression, does not provide medical claims or interventions."
"Youtube","Metadata+Transcript","eXkh4-YasF4",1,TRUE,0.8,1,"not applicable","violated","not applicable","The video implies that ADHD diagnosis is influenced by gender, contradicting medical consensus."
"Youtube","Metadata+Transcript","dgSciNgu_Ac",0,TRUE,0.8,1,"not applicable","violated","not applicable","Claims that specific food preparation methods affect nutrient absorption, contradicting scientific consensus on nutrition."
"Youtube","Metadata+Transcript","_d-pWbhC5yY",0,TRUE,0,0,"not applicable","not violated","not applicable","Video promotes autism acceptance and inclusion, with no medical claims or misinformation."
"Youtube","Metadata+Transcript","GjWYdyrJlks",0,TRUE,0,0,"not applicable","not applicable","not applicable","Video appears to be a personal anecdote about OCD, not providing any medical claims or misinformation."
"Youtube","Metadata+Transcript","ojiGCHY_9vU",0,TRUE,0,0,"not applicable","not violated","not violated","Video presents a personal coping strategy that aligns with general advice on anxiety management."
"Youtube","Metadata+Transcript","FAr6GwkASl0",1,TRUE,0,0,"not violated","not violated","not violated","Video discusses general dietary considerations for autism, without making specific, unsubstantiated claims."
"Youtube","Metadata+Transcript","Py7ugezAlZs",0,TRUE,0,0,"not applicable","not applicable","not applicable","No information on interventions, consensus, or evidence-based treatment is provided."
"Youtube","Metadata+Transcript","BAWG8zL87Ts",0,TRUE,0,0,"not applicable","not applicable","not applicable","Video does not contain any mental health information or claims."
"Youtube","Metadata+Transcript","ePYCbycBgn0",0,TRUE,0,0,"not applicable","not violated","not applicable","Video appears to be a personal, non-medical interaction between Cinderella and Thomas, with no apparent discussion of mental health interventions or treatments."
"Youtube","Metadata+Transcript","D_EWjyZYnmQ",0,TRUE,0.8,1,"not applicable","violated","not applicable","The video's advice to 'embrace the chaos' and 'face the fear' contradicts established anxiety management techniques."
"Youtube","Metadata+Transcript","qZT_3z5IEa0",0,TRUE,0,0,"not applicable","not violated","not applicable","Video promotes books without making medical claims, so it's not misinformation."
"Youtube","Metadata+Transcript","22SU-5ni5vs",0,TRUE,0,0,"not violated","not violated","not violated","Video title suggests exercise as a treatment for depression, which is supported by scientific consensus."
"Youtube","Metadata+Transcript","GLb6Q9_XHHA",0,TRUE,0,0,"not applicable","not violated","not applicable","Video is a personal anecdote about the author's experience with ADHD, not providing medical information or advice."
"Youtube","Metadata+Transcript","Ym1BiBXciMA",0,TRUE,0,0,"not applicable","not applicable","not applicable","Video appears to be a personal expression of art, not providing any medical claims or advice."
"Youtube","Metadata+Transcript","Y83salNpzAo",0,TRUE,0,0,"not applicable","not violated","not violated","Prayer is a common coping mechanism for anxiety and does not contradict medical consensus."
"Youtube","Metadata+Transcript","fKFFzqe1uNI",0,TRUE,0,0,"not applicable","not violated","not violated","Video promotes seeking help and speaking to others, aligning with medical consensus."
"Youtube","Metadata+Transcript","KgDEatZqooo",0,TRUE,0,0,"not applicable","not violated","not applicable","Video presents a nuanced and accurate statement about mental health disclosure."
"Youtube","Metadata+Transcript","waVltXLvwaU",0,TRUE,0,0,"not applicable","not violated","not violated","Video discusses general coping mechanisms and autonomic continuum, without promoting unproven or misleading interventions."
"Youtube","Metadata+Transcript","GzvFeIvZHzw",0,TRUE,0,0,"not applicable","not applicable","not applicable","Video appears to be a family vlog with no discussion of mental health interventions or treatments."
"Youtube","Metadata+Transcript","4tTkgyql540",0,TRUE,0,0,"not applicable","not violated","not applicable","Video is a personal anecdote about anxiety, not providing any medical claims or interventions."
"Youtube","Metadata+Transcript","da4nMAEQYkQ",0,TRUE,0,0,"not applicable","not violated","not applicable","No medical claims or misinformation presented; personal experience shared."
"Youtube","Metadata+Transcript","jwIqKe_sOjY",0,TRUE,0,0,"not applicable","not applicable","not applicable","Video title suggests a critical perspective, but the audio transcript is nonsensical and doesn't provide any information about mental health."
"Youtube","Metadata+Transcript","tVb3tRB-w8A",1,TRUE,0,0,"not applicable","not violated","not applicable","Video presents personal testimony and spiritual perspective without making false medical claims or discouraging evidence-based treatment."
"Youtube","Metadata+Transcript","VLuoYiDExNM",0,TRUE,0.8,1,"not applicable","violated","not applicable","Claims contradict current scientific consensus on ADHD, describing it as an 'attention overload disorder' rather than an attention deficit disorder."
"Youtube","Metadata+Transcript","r6gcPuVt4tg",0,TRUE,0,0,"not violated","not violated","not violated","Video presents accurate information on mindfulness and depression, citing research and neuroscientific explanations."
"Youtube","Metadata+Transcript","OPQ8OdMTtsY",1,TRUE,0,0,"not applicable","not violated","not applicable","Video provides accurate information about autism spectrum disorder and neurodiversity, promoting understanding and acceptance."
"Youtube","Metadata+Transcript","Xjiz3HMQ69c",0,TRUE,0,0,"not violated","not violated","not violated","Peterson's views align with clinical consensus on depression, emphasizing the importance of a supportive life and treatment when necessary."
"Youtube","Metadata+Transcript","NySvMEf1Wl8",0,TRUE,0,0,"not applicable","not violated","not applicable","Video discusses common mistakes autistic people make, but does not provide medical claims or interventions."
"Youtube","Metadata+Transcript","2VlYe0cWCcc",0,TRUE,0,0,"not applicable","not violated","not applicable","Video describes rare psychological disorders without providing false medical claims or promoting unproven treatments."
"Youtube","Metadata+Transcript","ttNsKrqSL5o",0,TRUE,0,0,"not applicable","not violated","not applicable","Video does not provide any information about interventions, consensus, or evidence-based treatment."
"Youtube","Metadata+Transcript","n11vOGD4M2Y",0,TRUE,0,0,"not violated","not violated","not violated","Video presents acupuncture as a potential treatment for postnatal depression, without making any false claims or contradicting medical consensus."
"Youtube","Metadata+Transcript","IqJE1fwddcE",0,TRUE,0.9,1,"violated","violated","not applicable","False claims about doctors and medication"
"Youtube","Metadata+Transcript","3O3O_pXTk3g",1,TRUE,0.8,1,"not applicable","violated","not applicable","Prayer is presented as a cure for OCD, contradicting medical consensus on treatment."
"Youtube","Metadata+Transcript","9dmWYlmlDXs",0,TRUE,0,0,"not applicable","not applicable","not applicable","Video title lacks specific claims, making it unlikely to contain misinformation."
"Youtube","Metadata+Transcript","ATXBlWWLhLM",0,TRUE,0,0,"not applicable","not violated","not violated","Video does not provide false medical claims or promote unproven treatments."
"Youtube","Metadata+Transcript","TX4Iv1gEFd0",0,TRUE,0,0,"not violated","not violated","not violated","Video presents personal stories of individuals with mental health conditions who are doctors, promoting awareness and acceptance."
"Youtube","Metadata+Transcript","wKlBUm9YM5Y",0,TRUE,0,0,"not applicable","not violated","not applicable","Video appears to be a personal vlog about the creator's anorexia recovery, with no medical claims or interventions discussed."
"Youtube","Metadata+Transcript","XIvgwh31Y0I",0,TRUE,0,0,"not applicable","not applicable","not applicable","Video appears to be a song or poem with no mental health information"
"Youtube","Metadata+Transcript","ARvogi1ndzw",0,TRUE,0,0,"not applicable","not applicable","not applicable","Video discusses Tesla Model S performance, no mental health information"
"Youtube","Metadata+Transcript","lu3NHn3zD4M",1,TRUE,0.8,1,"not applicable","violated","not applicable","Denies that mental illness is inevitable, implying it can be avoided by simply changing one's behavior."
"Youtube","Metadata+Transcript","tBjzrJ-QrZ0",0,TRUE,0,0,"not applicable","not applicable","not applicable","Video appears to be a promotional or awareness-raising clip, not providing any medical or therapeutic information."
"Youtube","Metadata+Transcript","EpNQyQ6FSo0",0,TRUE,0,0,"not applicable","not violated","not violated","Video presents a personal, faith-based perspective on anxiety, not providing medical or scientific information."
"Youtube","Metadata+Transcript","xj_NMYfRTAE",0,TRUE,0,0,"not applicable","not violated","not applicable","Video provides personal experience and awareness message without false medical claims."
"Youtube","Metadata+Transcript","iHzrMT0u0ZA",0,TRUE,0,0,"not violated","not violated","not violated","The video accurately describes various forms of self-harm and does not promote any unproven or misleading interventions."
"Youtube","Metadata+Transcript","opNVstlrozg",1,TRUE,0,0,"not violated","not violated","not violated","Video promotes individualized approach to ADHD management, encouraging exploration of various options without dismissing evidence-based treatments."
"Youtube","Metadata+Transcript","ShQVByme3fM",0,TRUE,0,0,"not applicable","not applicable","not applicable","Video appears to be a personal account of hallucinations, not providing medical information or advice."
"Youtube","Metadata+Transcript","9rHW2vN1SVQ",0,TRUE,0,0,"not violated","not violated","not violated","Video promotes mental health awareness and its importance for weight loss, without spreading misinformation."
"Youtube","Metadata+Transcript","WlONLaUuCMs",0,TRUE,0.8,1,"not applicable","violated","not applicable","The video misrepresents bipolar disorder as a personal failing, contradicting medical consensus."
"Youtube","Metadata+Transcript","LZG6ocf28oY",0,TRUE,0,0,"not applicable","not violated","not violated","Video provides general awareness and stress management tips without making any false medical claims."
"Youtube","Metadata+Transcript","F-LbUkIMwlY",1,TRUE,0.8,1,"not applicable","violated","not applicable","Claims that content can cure clinical depression contradict medical consensus."
"Youtube","Metadata+Transcript","2XWIJLDTw3I",0,TRUE,0.8,1,"not applicable","violated","not applicable","The video trivializes OCD and uses it as an excuse for not doing a task, contradicting the understanding of OCD as a serious mental health condition."
"Youtube","Metadata+Transcript","Z2SUM-6uppg",0,TRUE,0,0,"not violated","not violated","not violated","Video provides general awareness about promoting mental health in the workplace, without any false or misleading information."
"Youtube","Metadata+Transcript","s0XDNfVwum8",0,TRUE,0,0,"not applicable","not applicable","not applicable","Video appears to be a lighthearted, personal expression with no medical claims."
"Youtube","Metadata+Transcript","C7mOxPCRB6U",0,TRUE,0,0,"not applicable","not violated","not violated","Video shares personal experience and awareness about the effects of pornography on mental health, without providing false medical claims or promoting unproven treatments."
"Youtube","Metadata+Transcript","azC_jsgJPF8",1,TRUE,0,0,"not applicable","not violated","not applicable","Video presents a metaphorical explanation of depression, not providing medical claims or interventions."
"Youtube","Metadata+Transcript","vdymO4ejH4s",0,TRUE,0,0,"not applicable","not violated","not applicable","Video discusses personal perspective on balance in life, does not provide medical claims or interventions."
"Youtube","Metadata+Transcript","gwlaME7KAz0",0,TRUE,0,0,"not applicable","not violated","not violated","Video promotes awareness and understanding of depression, without providing misinformation or promoting unproven treatments."
"Youtube","Metadata+Transcript","yEj9ReWx-4I",0,TRUE,0,0,"not applicable","not applicable","not applicable","Video contains no information about mental health interventions, consensus, or evidence-based treatment."
"Youtube","Metadata+Transcript","un87txktclU",0,TRUE,0,0,"not applicable","not violated","not applicable","The video does not contain misinformation. It promotes hope and challenges the idea of helplessness associated with depression."
"Youtube","Metadata+Transcript","V6UrhD7XKpw",0,TRUE,0,0,"not applicable","not violated","not applicable","The video accurately summarizes a scientific study on bipolar disorder, without promoting any interventions or treatments."
"Youtube","Metadata+Transcript","0zbuCsFFrxs",0,TRUE,0,0,"not applicable","not applicable","not applicable","Video discusses personal experiences and feelings of a stay-at-home mom, without providing any medical claims or misinformation."
"Youtube","Metadata+Transcript","Z2-263iTC3o",0,TRUE,0,0,"not applicable","not violated","not applicable","Video appears to be a hypothetical or rhetorical question about health anxiety, without providing any medical claims or interventions."
"Youtube","Metadata+Transcript","J94iXSoTrl8",0,TRUE,0.8,1,"not violated","violated","not violated","Michelle Hammer contradicts medical consensus on person-first language, which is widely accepted as respectful and accurate."
"Youtube","Metadata+Transcript","Q5ydCZrGVak",0,TRUE,0,0,"not violated","not violated","not violated","The video presents a gentle, non-invasive energy healing ritual that does not contradict medical consensus or discourage evidence-based treatment."
"Youtube","Metadata+Transcript","RNGBRZTx79E",1,TRUE,0.9,1,"not applicable","violated","not applicable","Denies the validity of gender identity and uses derogatory language, contradicting current scientific and clinical consensus on gender identity."
"Youtube","Metadata+Transcript","NDth6RTupfI",0,TRUE,0,0,"not violated","not violated","not violated","Video discusses addressing suicide prevention and firearms safety, aligning with medical consensus."
"Youtube","Metadata+Transcript","iJncRZQHU3w",1,TRUE,0.9,1,"violated","violated","violated","Video promotes pushing negative thoughts out of the brain without addressing underlying causes or providing evidence-based interventions."
"Youtube","Metadata+Transcript","s1BxqnCpRzA",0,TRUE,0.8,1,"not applicable","violated","not applicable","The video makes a false analogy between a hat dial and mental illness, contradicting medical consensus."
"Youtube","Metadata+Transcript","LCyXbex1QM8",0,TRUE,0,0,"not applicable","not violated","not applicable","Video provides accurate information on ASD diagnostic criteria and causes, aligning with medical consensus."
"Youtube","Metadata+Transcript","Hxmb0Oa850A",0,TRUE,0,0,"not violated","not violated","not violated","The video presents a personal experience and cautious advice, not promoting unproven cures or false claims."
"Youtube","Metadata+Transcript","umDbarMXl1s",0,TRUE,0,0,"not violated","not violated","not violated","Chris Olsen shares personal experiences with mental health treatment and therapy without making any false claims or promoting unproven interventions."
"Youtube","Metadata+Transcript","OiARN50RBcQ",1,TRUE,0,0,"not applicable","not violated","not applicable","Video does not provide medical claims or interventions, but rather a spiritual perspective on anxiety."
"Youtube","Metadata+Transcript","A3e1pwVg6bs",0,TRUE,0.8,1,"not applicable","violated","not applicable","Contradicts current scientific understanding of mental health, suggesting that navigation and technology cause mental health struggles."
"Youtube","Metadata+Transcript","4l0QPOCpfzY",0,TRUE,0,0,"not applicable","not applicable","not applicable","Video title and description suggest awareness and support, no specific claims made"
"Youtube","Metadata+Transcript","pXzHN2bvgJM",0,TRUE,0,0,"not applicable","not violated","not violated","Video discusses men's mental health within the Manosphere, promoting open dialogue and support, without providing any false medical claims."
"Youtube","Metadata+Transcript","-6BWao7HgE8",1,TRUE,0,0,"not applicable","not violated","not violated","Video presents a Bible verse as a source of comfort and peace, without making any medically relevant claims or promoting unproven treatments."
"Youtube","Metadata+Transcript","szK-y3kgt7Q",0,TRUE,0,0,"not violated","not violated","not violated","Video provides general advice on managing research compulsion, without making any false medical claims."
"Youtube","Metadata+Transcript","u1r43GNrtzA",0,TRUE,0,0,"not applicable","not violated","not applicable","Video only shares personal experiences and medical conditions of MrBeast crew members, without providing any interventions, claims, or discouragement of evidence-based treatments."
"Youtube","Metadata+Transcript","66JGqDLJ4QM",0,TRUE,0,0,"not applicable","not violated","not applicable","Video is a personal account of a family's experiences with autism and IDD, without any medical claims or misinformation."
"Youtube","Metadata+Transcript","3pkXLOdtWSE",0,TRUE,0,0,"not applicable","not applicable","not applicable","No information on interventions, consensus, or evidence-based treatment is provided."
"Youtube","Metadata+Transcript","LInEgQJnzoc",0,TRUE,0,0,"not applicable","not applicable","not applicable","Video does not provide any information on mental health interventions, consensus, or treatment."
"Youtube","Metadata+Transcript","62lcuqA1S6Q",0,TRUE,0,0,"not violated","not violated","not violated","Video accurately describes apathy, its causes, and its effects, without promoting misinformation or unproven treatments."
"Youtube","Metadata+Transcript","L_I-7ltNZyE",0,TRUE,0,0,"not applicable","not violated","not violated","Video presents personal experience and opinion without false medical claims or misinformation."
"Youtube","Metadata+Transcript","6tTr9dn9bQc",0,TRUE,0.9,1,"violated","violated","violated","Misrepresents cognitive behavioral therapy as a method to defeat depression, implying it's ineffective in today's society."
"Youtube","Metadata+Transcript","OCRKI5WYk6k",0,TRUE,0,0,"not violated","not violated","not violated","Video provides general warning signs of addiction, consistent with clinical consensus."
"Youtube","Metadata+Transcript","qt2Bpryqnv0",0,TRUE,0,0,"not applicable","not applicable","not applicable","Video does not contain any mental health information or claims."
"Youtube","Metadata+Transcript","3Y4qKvB1R6s",0,TRUE,0,0,"not applicable","not violated","not applicable","Video presents personal experience and advocacy for mental health awareness, without providing misinformation or promoting unproven treatments."
"Youtube","Metadata+Transcript","7EAx33wtx9w",0,TRUE,0,0,"not applicable","not applicable","not applicable","No information on interventions, alignment with consensus, or evidence-based treatment is provided."
"Youtube","Metadata+Transcript","QnCVCHKayOw",0,TRUE,0,0,"not applicable","not applicable","not applicable","Video does not contain any information about mental health treatments or interventions."
"Youtube","Metadata+Transcript","p_hOzP7toUc",0,TRUE,0,0,"not applicable","not violated","not applicable","Video does not provide any information on mental health, interventions, or treatments."
"Youtube","Metadata+Transcript","8WpPws3sonY",0,TRUE,0,0,"not applicable","not applicable","not applicable","Video appears to be a personal anecdote about OCD symptoms, no medical claims made."
"Youtube","Metadata+Transcript","8-2-4pmwDBw",1,TRUE,0.8,1,"violated","not violated","not violated","Device claim lacks evidence, promoting unproven intervention."
"Youtube","Metadata+Transcript","s-yy4LowrdU",0,TRUE,0,0,"not applicable","not violated","not applicable","Video shares personal experience of autism awareness, no medical claims or misinformation"
"Youtube","Metadata+Transcript","0I4leK5RS8g",1,TRUE,0.8,1,"not applicable","violated","not applicable","Video presents a conspiracy theory as the cause of depression, contradicting medical consensus."
"Youtube","Metadata+Transcript","Pnh7l_SiR_0",0,TRUE,0.8,1,"not violated","violated","not violated","Breathing technique contradicts established advice to focus on slow, deep inhalations during panic attacks."
"Youtube","Metadata+Transcript","i7aZs6OPT_Y",0,TRUE,0,0,"not violated","not violated","not violated","Video discusses teaching mental health in school, promoting awareness and encouraging students to seek help when needed."
"Youtube","Metadata+Transcript","2Itm-DRkhSs",0,TRUE,0,0,"not applicable","not violated","not applicable","Video promotes positive affirmations without providing any medical claims or interventions."
"Youtube","Metadata+Transcript","PGu2-QOfLBA",0,TRUE,0,0,"not applicable","not violated","not applicable","Video describes personal experience of ADHD paralysis without making any medical claims or promoting unproven treatments."
"Youtube","Metadata+Transcript","YAv6DWGwM0o",0,TRUE,0,0,"not applicable","not applicable","not applicable","No information on interventions, consensus, or evidence-based treatment is provided."
"Youtube","Metadata+Transcript","3QHBfE64LHU",0,TRUE,0,0,"not applicable","not violated","not violated","Video provides a worksheet to help determine diagnostic criteria and encourages talking to a doctor, promoting evidence-based treatment."
"Youtube","Metadata+Transcript","om-iqGmwMvA",0,TRUE,0,0,"not applicable","not violated","not applicable","Video discusses general concepts of connection and mental health without providing specific, inaccurate, or misleading information."
"Youtube","Metadata+Transcript","_aPT9EpeDZU",1,TRUE,0.8,1,"not applicable","violated","not applicable","Denies that depression is caused by environmental factors for women and lack of escape for men, contradicting current scientific understanding."
"Youtube","Metadata+Transcript","Xxz59AoBQcw",0,TRUE,0,0,"not applicable","not applicable","not applicable","Video appears to be awareness message without providing any medical claims or interventions."
"Youtube","Metadata+Transcript","lwQ01TsuPLA",0,TRUE,0,0,"not applicable","not violated","not applicable","Video discusses societal factors contributing to depression, without promoting unproven treatments or contradicting medical consensus."
"Youtube","Metadata+Transcript","e4-NNSFIZNs",0,TRUE,0,0,"not applicable","not applicable","not applicable","Video title suggests a discussion on ADHD, but the audio transcript is empty, indicating no actual content."
"Youtube","Metadata+Transcript","s18lVVyFLYk",0,TRUE,0.8,1,"not applicable","violated","not applicable","Video presents unsubstantiated claims about causes of personality disorders, contradicting current scientific consensus."
"Youtube","Metadata+Transcript","9gRBpX5dE90",0,TRUE,0,0,"not violated","not violated","not violated","The video does not provide false information about treatments or interventions for schizophrenia, nor does it contradict current scientific or clinical consensus about the disorder."
"Youtube","Metadata+Transcript","XOB_FYvRO5g",0,TRUE,0,0,"not applicable","not violated","not applicable","Video discusses historical accounts of Hitler's mental health, no medical claims or interventions mentioned."
"Youtube","Metadata+Transcript","kYZtrLHUNLM",0,TRUE,0,0,"not violated","not violated","not violated","Video presents a scientifically accurate explanation of ADHD self-medication with dopamine-increasing substances."
"Youtube","Metadata+Transcript","c4QyR8zSkdQ",0,TRUE,0,0,"not applicable","not applicable","not applicable","No information on interventions, alignment with consensus, or evidence-based treatment is provided."
"Youtube","Metadata+Transcript","tMTLAaU2dFk",0,TRUE,0.8,1,"not applicable","violated","not violated","Video claims high risk of schizophrenia transmission to children, contradicting current scientific consensus on genetic contribution."
"Youtube","Metadata+Transcript","RfNeRx02Xns",0,TRUE,0,0,"not applicable","not violated","not applicable","Video does not provide any mental health information or claims, it appears to be a social experiment or a prank."
"Youtube","Metadata+Transcript","CMucg9dZK7E",0,TRUE,1,1,"not applicable","violated","not applicable","Claims schizophrenia can be cured by the universe or God, contradicting medical consensus."
"Youtube","Metadata+Transcript","a_4DmDyMTa8",1,TRUE,1,1,"violated","violated","violated","Claims unproven cures for autism, attributing it to spirits."
"Youtube","Metadata+Transcript","omnqeiNj-4U",0,TRUE,0,0,"not applicable","not applicable","not applicable","Video appears to be a song snippet, not a mental health information video."
"Youtube","Metadata+Transcript","rkK06N3cgiA",0,TRUE,0,0,"not applicable","not applicable","not applicable","Video appears to be a playful, humorous take on ADHD, without any medical claims or advice."
"Youtube","Metadata+Transcript","l7-hbQHrMyg",0,TRUE,0,0,"not applicable","not applicable","not applicable","Video appears to be a lighthearted, non-medical post about a person with autism completing a jigsaw puzzle."
"Youtube","Metadata+Transcript","bKdwHofYqhc",0,TRUE,0,0,"not applicable","not violated","not violated","Video shares personal experiences and encourages seeking professional help, without providing false medical claims."
"Youtube","Metadata+Transcript","y6lz8sJaqsk",0,TRUE,0,0,"not applicable","not applicable","not applicable","Video appears to be a humorous gaming clip, not related to mental health information."
"Youtube","Metadata+Transcript","_zro7CtfM34",0,TRUE,0,0,"not applicable","not applicable","not applicable","Video appears to be a personal expression of frustration and anxiety, without any medical claims or advice."
"Youtube","Metadata+Transcript","lF15GflGyIU",0,TRUE,0,0,"not applicable","not applicable","not applicable","Video does not provide any mental health information"
"Youtube","Metadata+Transcript","xMCVBQNlD00",0,TRUE,0,0,"not violated","not violated","not violated","Video presents accurate information about omega-3 supplements and their potential benefits for anxiety."
"Youtube","Metadata+Transcript","ikdcp3OOJBo",0,TRUE,0,0,"not applicable","not violated","not applicable","Video discusses personal experience and asks for opinions, without providing any medical claims or misinformation."
"Youtube","Metadata+Transcript","6RaXv-m8K9U",0,TRUE,0,0,"not violated","not violated","not violated","The video presents a personal experience and coping strategy for managing ADHD and depression, without making any false medical claims."
"Youtube","Metadata+Transcript","IgeDksPm-uk",0,TRUE,0,0,"not violated","not violated","not violated","Video accurately lists evidence-based treatments for seasonal depression."
"Youtube","Metadata+Transcript","kl36liiKqhk",0,TRUE,0,0,"not applicable","not applicable","not applicable","No mental health information or claims presented."
"Youtube","Metadata+Transcript","tFkNw-mkBT8",0,TRUE,0,0,"not applicable","not applicable","not applicable","Video appears to be a celebrity clip compilation with no mental health information or claims."
"Youtube","Metadata+Transcript","OERUqUnLzxw",0,TRUE,0,0,"not applicable","not violated","not applicable","Video title acknowledges addiction as a mental illness, aligning with medical consensus."
"Youtube","Metadata+Transcript","a0-jlB-sRho",0,TRUE,0,0,"not applicable","not violated","not violated","Video promotes inclusive and supportive parenting, no misinformation or false medical claims."
"Youtube","Metadata+Transcript","sQ9iinqa-KE",0,TRUE,0,0,"not applicable","not applicable","not applicable","Video appears to be a personal anecdote about living with OCD, no medical claims or misinformation."
"Youtube","Metadata+Transcript","4eZnWEOmdsc",0,TRUE,0,0,"not violated","not violated","not violated","Bill Burr's explanation of autism spectrum is accurate and based on general knowledge, not promoting misinformation."
"Youtube","Metadata+Transcript","Gz_Zg4kPy44",0,TRUE,0,0,"not applicable","not violated","not violated","The video presents a prayer for mental health, which is a personal and spiritual approach, not a medical intervention or treatment."
"Youtube","Metadata+Transcript","IFImSEAaMz0",0,TRUE,0,0,"not applicable","not violated","not applicable","Video presents a common misconception and attempts to correct it with a metaphor, aligning with medical consensus."
"Youtube","Metadata+Transcript","JISZdOhsCBs",0,TRUE,0,0,"not applicable","not applicable","not applicable","Video does not provide any information on interventions, alignment with medical consensus, or evidence-based treatment."
"Youtube","Metadata+Transcript","Cvu_iRftVwY",0,TRUE,0,0,"not violated","not violated","not violated","Maria Bamford shares a personal anecdote about a potentially insensitive response from an online mental health provider, but does not provide misinformation."
"Youtube","Metadata+Transcript","7PxNgif85bE",0,TRUE,0,0,"not applicable","not applicable","not applicable","Video title suggests educational content, but no information is provided to assess."
"Youtube","Metadata+Transcript","BcKuX6TV1To",0,TRUE,0,0,"not violated","not violated","not violated","Discussion on mental health trends, no false medical claims or discouragement of evidence-based treatment."
"Youtube","Metadata+Transcript","QIsCSHSSz1Y",0,TRUE,0,0,"not applicable","not violated","not applicable","Video provides general life advice and perspective, not specific medical claims or interventions."
"Youtube","Metadata+Transcript","ee-f_yu9nQg",0,TRUE,0,0,"not applicable","not applicable","not applicable","Video appears to be a personal anecdote with no medical claims or advice."
"Youtube","Metadata+Transcript","IAvQFhyNTeE",0,TRUE,0,0,"not violated","not violated","not violated","Video accurately describes active phase of schizophrenia and encourages evidence-based treatment."
"Youtube","Metadata+Transcript","5WkUpvW853E",1,TRUE,0.8,1,"not violated","violated","not violated","Claims depression is a choice and can be overcome by willpower, contradicting medical consensus."
"Youtube","Metadata+Transcript","4A08pjnzAp8",0,TRUE,0,0,"not violated","not violated","not violated","Video presents accurate information on potential link between marijuana and schizophrenia, citing expert concerns and research."
"Youtube","Metadata+Transcript","msZG1Cryu-c",0,TRUE,0,0,"not violated","not violated","not violated","Video presents a prayer for anxiety relief, which is not a medical intervention, and does not contradict medical consensus or discourage evidence-based treatment."
"Youtube","Metadata+Transcript","CPhqdth_bAk",0,TRUE,0,0,"not applicable","not applicable","not applicable","Video provides inspirational quotes and motivational messages without making any medically relevant claims."
"Youtube","Metadata+Transcript","lpY0FFG9oBM",0,TRUE,0,0,"not violated","not violated","not violated","The video discusses personal experiences with depression and alcohol abuse, but does not provide any misinformation about treatments or interventions."
"Youtube","Metadata+Transcript","6lc4sXrjTow",0,TRUE,0.8,1,"not applicable","violated","not applicable","The video presents a false dichotomy between agoraphobia and schizophrenia, and the dialogue suggests that the speaker is experiencing symptoms of agoraphobia, but the tone and language used are stigmatizing and inaccurate."
"Youtube","Metadata+Transcript","jslKU7vIxeY",0,TRUE,0,0,"not violated","not violated","not violated","Video presents a hypothetical explanation for hand flapping as a coping mechanism, without making any false medical claims."
"Youtube","Metadata+Transcript","caJpg6F81jo",0,TRUE,0,0,"not applicable","not violated","not applicable","Video does not contain medical claims or interventions, only a personal expression of anxiety and uncertainty."
"Youtube","Metadata+Transcript","WDymiiSfS4s",0,TRUE,0,0,"not applicable","not applicable","not applicable","The video appears to be a lighthearted, personal moment between a parent and child with autism, without any medical claims or interventions."
"Youtube","Metadata+Transcript","q7EYMLToHjE",0,TRUE,0,0,"not applicable","not violated","not violated","Video promotes self-acceptance and self-improvement without making any false medical claims."
"Youtube","Metadata+Transcript","_dLWisnAySY",0,TRUE,0,0,"not applicable","not violated","not applicable","Video provides general support and awareness, without promoting or discouraging specific treatments or interventions."
"Youtube","Metadata+Transcript","tyUlVGtmXZg",0,TRUE,0,0,"not violated","not violated","not violated","Video provides general, non-specific advice that aligns with mental health consensus and does not promote unproven interventions or discourage evidence-based treatments."
"Youtube","Metadata+Transcript","jqffqAJRRLY",0,TRUE,0,0,"not applicable","not applicable","not applicable","No information on interventions, consensus, or evidence-based treatment is provided."
"Youtube","Metadata+Transcript","x1cj_NIx49M",1,TRUE,0,0,"not applicable","not violated","not applicable","Video presents personal prayers for mental health, does not provide medical claims or interventions."
"Youtube","Metadata+Transcript","PwdAw2nE-s0",0,TRUE,0,0,"not applicable","not violated","not applicable","Video discusses personal experiences and stigma surrounding mental health disorders, without promoting misinformation or contradicting medical consensus."
"Youtube","Metadata+Transcript","ao9QHIrU3_Y",0,TRUE,0,0,"not applicable","not violated","not applicable","Video does not provide medical claims or interventions, and aligns with general awareness about ADHD hyperfixation."
"Youtube","Metadata+Transcript","9whgryk-jdY",0,TRUE,0,0,"not applicable","not violated","not applicable","Video discusses compassion and gospel exposure, no medical claims or interventions mentioned."
"Youtube","Metadata+Transcript","8bsZGvE9pkU",0,TRUE,0,0,"not applicable","not violated","not violated","Video promotes self-care through personal items, no medical claims or interventions."
"Youtube","Metadata+Transcript","Ikx_gtjKBp0",0,TRUE,0,0,"not applicable","not applicable","not applicable","Video appears to be a music performance with no mental health content."
"Youtube","Metadata+Transcript","_gg8rAVtr5o",1,TRUE,0,0,"not applicable","not applicable","not applicable","No information on interventions, consensus, or evidence-based treatment is provided."
"Youtube","Metadata+Transcript","FpS1Rsb1edc",0,TRUE,0,0,"not violated","not violated","not violated","The video presents a personal experience and does not provide false medical claims or discourage evidence-based treatment."
"Youtube","Metadata+Transcript","Ya8QvEz_pqs",0,TRUE,0,0,"not applicable","not applicable","not applicable","Video does not contain any information about interventions, medical consensus, or evidence-based treatment."
"Youtube","Metadata+Transcript","hlgaBBtsJEI",1,TRUE,0.8,1,"not applicable","violated","not applicable","Denies mental health disorders, contradicting current scientific consensus."
"Youtube","Metadata+Transcript","U8WqEszw0ZY",0,TRUE,0,0,"not violated","not violated","not violated","The video presents a personal experience and a non-medical solution to OCD symptoms, without making any false medical claims."
"Youtube","Metadata+Transcript","-gCSzvsCWCU",0,TRUE,0,0,"not applicable","not violated","not applicable","Video does not provide medical claims, but rather a personal perspective on autism management."
"Youtube","Metadata+Transcript","yWGD0CocLXA",0,TRUE,0.8,1,"not applicable","violated","not applicable","Claims Satan causes anxiety, contradicting medical consensus on anxiety causes and treatments."
"Youtube","Metadata+Transcript","GA7oKrNNyFo",0,TRUE,0,0,"not violated","not violated","not violated","The video provides accurate information on eating disorders, their prevalence, and the importance of seeking help. It also recommends a supportive approach to encourage individuals to seek help."
"Youtube","Metadata+Transcript","eM2wDYtggAM",0,TRUE,0,0,"not applicable","not applicable","not applicable","Video title and description suggest a general mental health awareness message, but no specific claims or information are provided."
"Youtube","Metadata+Transcript","Tses1eKubME",0,TRUE,0,0,"not violated","not violated","not violated","Video promotes awareness and understanding of mental health, without providing misinformation or discouraging evidence-based treatment."
"Youtube","Metadata+Transcript","cBH6kwEoy6w",0,TRUE,0,0,"not violated","not violated","not violated","Video provides personal tips and resources for managing ADHD, without making false medical claims."
"Youtube","Metadata+Transcript","ULCpQIkiixg",0,TRUE,0,0,"not violated","not violated","not violated","Video promotes self-awareness, healthy expression, and evidence-based talk therapy without spreading misinformation."
"Youtube","Metadata+Transcript","SruTpupF20k",0,TRUE,0,0,"not applicable","not violated","not applicable","Video presents personal experience and reframes identity, does not provide medical claims or misinformation."
"Youtube","Metadata+Transcript","DPmkskPbsuI",0,TRUE,0,0,"not applicable","not violated","not violated","Video appears to be a personal account of eating habits in anorexia recovery, not providing medical advice or misinformation."
"Youtube","Metadata+Transcript","-HSKuYeOZyY",0,TRUE,0,0,"not violated","not violated","not violated","Video provides accurate and evidence-based grounding techniques for anxiety management."
"Youtube","Metadata+Transcript","6mLnW-g39Rg",1,TRUE,0,0,"not violated","not violated","not violated","Video presents accurate information about fish oil's potential benefits for depression, citing research and expert opinion."
"Youtube","Metadata+Transcript","Ucemr3N4mMI",0,TRUE,0.2,0,"not violated","not violated","not violated","Video provides general guidelines for mental health, but lacks scientific evidence and consensus"
"Youtube","Metadata+Transcript","v8dEHmvwwnQ",0,TRUE,0,0,"not violated","not violated","not violated","Video presents Bible verses as a source of comfort and reassurance, without making any false medical claims."
"Youtube","Metadata+Transcript","0wXg2ngro9M",0,TRUE,0,0,"not applicable","not violated","not violated","The video discusses a personal experience and a colloquial term, without making any medically inaccurate claims."
"Youtube","Metadata+Transcript","aPpQgvZYToo",0,TRUE,0,0,"not applicable","not applicable","not applicable","Video appears to be a personal anecdote or vlog, not providing any mental health information."
"Youtube","Metadata+Transcript","IX2h1gcLXkU",0,TRUE,0,0,"not applicable","not violated","not applicable","Video accurately describes binge eating disorder criteria according to DSM-5"
"Youtube","Metadata+Transcript","Y_FErNCZ7g8",0,TRUE,0,0,"not applicable","not violated","not applicable","Video promotes awareness and acceptance of autism, without providing any medical claims or interventions."
"Youtube","Metadata+Transcript","XQh5vlmEKHY",0,TRUE,0,0,"not applicable","not violated","not applicable","Video only provides a title and description, no information is presented."
"Youtube","Metadata+Transcript","jUF1K9rsh9o",0,TRUE,0.8,1,"not applicable","violated","not applicable","Incorrectly describes mood disorders as not triggered by life events and having a slow onset, contradicting medical consensus."
"Youtube","Metadata+Transcript","IlsEZLs1PUI",1,TRUE,0.8,1,"violated","violated","not violated","Tylenol's risks for autism and ADHD are overstated, and natural remedies are not evidence-based alternatives."
"Youtube","Metadata+Transcript","bib-90wfm1s",0,TRUE,0,0,"not applicable","not violated","not violated","Video provides general awareness about behavioral addiction signs, aligning with medical consensus."
"Youtube","Metadata+Transcript","1gJa2-Z11Qs",1,TRUE,1,1,"violated","violated","violated","Denies clinical depression as a disease, suggesting it can be fixed by addressing life problems."
"Youtube","Metadata+Transcript","E4VvdPsS6B0",0,TRUE,0.8,1,"not applicable","violated","not applicable","Claims that mental illness is the viewer's fault contradict current scientific consensus on mental health."
"Youtube","Metadata+Transcript","vzM2YJeAIUU",0,TRUE,0.8,1,"violated","not violated","not violated","Claiming shoes help with ADHD symptoms without evidence or explanation is misleading and potentially harmful."
"Youtube","Metadata+Transcript","r4pnYvpJtKA",0,TRUE,0,0,"not applicable","not applicable","not applicable","Video only contains calming music, no medical claims or advice."
"Youtube","Metadata+Transcript","BAVHze_aoCY",0,TRUE,0.8,1,"not applicable","violated","not applicable","Claim contradicts scientific consensus that antidepressants are not added to water supply."
"Youtube","Metadata+Transcript","9ThZOOXJvIg",0,TRUE,0,0,"not violated","not violated","not violated","Video shares personal growth tips and self-care strategies without making false medical claims."
"Youtube","Metadata+Transcript","iVVIrk9aFes",0,TRUE,0,0,"not applicable","not violated","not applicable","Video appears to be a personal expression of emotions and thoughts, without providing any medical claims or interventions."
"Youtube","Metadata+Transcript","NxHUrzyrBsI",0,TRUE,0,0,"not applicable","not applicable","not applicable","Video appears to be a meme with no medical claims or information."
"Youtube","Metadata+Transcript","67-_cxW5GsM",0,TRUE,0,0,"not applicable","not applicable","not applicable","Video appears to be a personal expression of emotions and experiences, without any medical claims or advice."
"Youtube","Metadata+Transcript","DLJLH3vm3Ec",0,TRUE,0,0,"not applicable","not applicable","not applicable","Video appears to be a relatable, humorous anecdote about social anxiety, without any medical claims or advice."
"Youtube","Metadata+Transcript","i9-mEza2vbY",0,TRUE,0,0,"not applicable","not violated","not applicable","The video presents a nuanced discussion of the relationship between cannabis use and psychosis, referencing specific studies and acknowledging the age-related risk."
"Youtube","Metadata+Transcript","bWUoFJwf-s4",0,TRUE,0,0,"not applicable","not violated","not applicable","Video appears to be a joke or comedy sketch, not providing mental health information."
"Youtube","Metadata+Transcript","lKuYRcumQLg",0,TRUE,0,0,"not violated","not violated","not violated","Video promotes responsible internet use and seeking expert help, without spreading misinformation."
"Youtube","Metadata+Transcript","ul3UE8Z8EX8",1,TRUE,0,0,"not applicable","not violated","not applicable","Video provides a Quranic perspective on managing overthinking and depression, without making any false medical claims."
"Youtube","Metadata+Transcript","3ePM7727_ug",1,FALSE,NA,NA,NA,NA,NA,NA
"Youtube","Metadata+Transcript","DOta5VO4LI8",0,TRUE,0,0,"not applicable","not applicable","not applicable","Video appears to be a personal expression of frustration, not providing any mental health information."
"Youtube","Metadata+Transcript","uSB31DnftkM",0,TRUE,0,0,"not violated","not violated","not violated","Video promotes a general self-help approach without making any medically relevant claims."
"Youtube","Metadata+Transcript","sJ1W2gzoNyY",0,TRUE,0,0,"not applicable","not applicable","not applicable","Video appears to be a comedic skit, not providing mental health information."
"Youtube","Metadata+Transcript","IOGKwaBmjnQ",0,TRUE,0,0,"not violated","not violated","not violated","Video presents historical fact about ancient Greek physician's treatment, without making any false claims about modern treatments or interventions."
"Youtube","Metadata+Transcript","B9StQM7O_SU",1,TRUE,0,0,"not violated","not violated","not violated","Video promotes a spiritual approach to mental health, which is not necessarily misinformation."
"Youtube","Metadata+Transcript","SJ5JN3GoEtc",0,TRUE,0,0,"not applicable","not applicable","not applicable","Video appears to be a comedic skit, not providing mental health information."
"Youtube","Metadata+Transcript","HpESXb-KXrU",0,TRUE,0,0,"not applicable","not violated","not applicable","Video only lists Disney Princess characters with mental disorders, no treatment or intervention claims"
"Youtube","Metadata+Transcript","Y1JMsfxGUZ4",0,TRUE,0,0,"not applicable","not applicable","not applicable","Video title and description suggest a prayer or dua for depression and anxiety, but the audio transcript is empty, providing no information to evaluate."
"Youtube","Metadata+Transcript","MtfDPN7BHag",0,TRUE,0,0,"not violated","not violated","not violated","Video promotes faith-based coping mechanisms without contradicting medical consensus or discouraging evidence-based treatment."
"Youtube","Metadata+Transcript","nsm5QK1fFgY",0,TRUE,0,0,"not applicable","not violated","not violated","Video provides accurate information about Bipolar Disorder and its symptoms, and includes a disclaimer about seeking professional advice."
"Youtube","Metadata+Transcript","CxmWzYTg95s",0,TRUE,0.8,1,"not applicable","violated","not applicable","Video makes unsubstantiated claims about prayer removing anxiety and depression, contradicting medical consensus."
"Youtube","Metadata+Transcript","xY6K2YoNB1c",0,TRUE,0,0,"not applicable","not violated","not applicable","Video shares personal experience of panic attack, does not provide medical claims or interventions."
"Youtube","Metadata+Transcript","oBYHVIyRsPI",0,TRUE,0,0,"not violated","not violated","not violated","Video presents evidence-based tips for ADHD, citing research studies and providing links to supplements and studies."
"Youtube","Metadata+Transcript","kklTNZKx2jk",0,TRUE,0,0,"not applicable","not applicable","not applicable","Video appears to be a personal awareness message without medical claims."
"Youtube","Metadata+Transcript","jytc_QTsY4Q",0,TRUE,0,0,"not applicable","not applicable","not applicable","Video is a personal story and music, no medical claims or interventions discussed."
"Youtube","Metadata+Transcript","GuugQIt_KqQ",0,TRUE,0,0,"not applicable","not violated","not applicable","Video is a personal anecdote about the author's experience with Adderall, without making any medical claims or promoting misinformation."
"Youtube","Metadata+Transcript","SUdRVPiZ6o0",0,TRUE,0,0,"not violated","not violated","not violated","Video provides general advice on habits to avoid, without making any false medical claims or promoting unproven treatments."
"Youtube","Metadata+Transcript","px7yku9rs2w",0,TRUE,0,0,"not applicable","not violated","not applicable","Video appears to be a personal account of living with BPD and anxiety, without providing any medical claims or interventions."
"Youtube","Metadata+Transcript","a8JGsnY-RY0",0,TRUE,0,0,"not violated","not violated","not violated","The video does not provide any medical claims or interventions for OCD, and only recommends a game as a form of entertainment."
"Youtube","Metadata+Transcript","kVVDn7nwgRg",0,TRUE,0,0,"not applicable","not applicable","not applicable","No medical claims or interventions mentioned in the video."
"Youtube","Metadata+Transcript","FjuelU1QMWY",1,TRUE,0.9,1,"violated","violated","violated","Video promotes fasting as a treatment for anorexia, contradicting established treatment protocols."
"Youtube","Metadata+Transcript","cYTxkDwS8aM",0,TRUE,0,0,"not applicable","not applicable","not applicable","Video contains inspirational quotes without providing any medical claims or advice."
"Youtube","Metadata+Transcript","yyB2oEYKM6U",0,TRUE,0.8,1,"not applicable","violated","not applicable","Denies the possibility of feeling depression, contradicting current scientific consensus."
"Youtube","Metadata+Transcript","ZnapOFQYaz0",0,TRUE,0,0,"not applicable","not violated","not applicable","Video promotes general wellness and self-improvement, but does not provide specific mental health information or interventions."
"Youtube","Metadata+Transcript","C5ss48kjixw",0,FALSE,NA,NA,NA,NA,NA,NA
"Youtube","Metadata+Transcript","H94uwCMcT20",1,TRUE,0,0,"not applicable","not violated","not violated","Video aligns with medical consensus, discussing gender dysphoria as a mental disorder and advocating for treatment."
"Youtube","Metadata+Transcript","ZohmODtXZhw",0,TRUE,0,0,"not violated","not violated","not violated","The video suggests a thought experiment to help manage OCD, without promoting unproven treatments or contradicting medical consensus."
"Youtube","Metadata+Transcript","IoLLTb8F9n0",0,TRUE,0,0,"not violated","not violated","not violated","Video promotes Bhagavad Gita as a solution for depression, but does not make any false medical claims."
"Youtube","Metadata+Transcript","1pMwCO4p2WA",1,TRUE,0.8,1,"not violated","violated","not violated","Claims that depression and stress are caused by ignoring the guidance of the Creator, contradicting current scientific consensus."
"Youtube","Metadata+Transcript","8_RK7jQrQbc",0,TRUE,0,0,"not applicable","not violated","not applicable","The video shares a personal experience and does not provide any medical claims or interventions."
"Youtube","Metadata+Transcript","d9JVGzdcWRQ",0,TRUE,0.8,1,"not applicable","violated","not applicable","The video presents a false dichotomy between hypomania and bipolar, implying they are mutually exclusive, which contradicts medical consensus."
"Youtube","Metadata+Transcript","d_HV3f1OThc",0,TRUE,0,0,"not applicable","not violated","not applicable","Video promotes self-care and happiness, without providing any medical claims or interventions."
"Youtube","Metadata+Transcript","2n-GS8LUddU",0,TRUE,0,0,"not violated","not violated","not violated","Video promotes seeking professional help and discourages self-diagnosis, aligning with medical consensus."
"Youtube","Metadata+Transcript","kS1GsUStQzQ",0,TRUE,0,0,"not applicable","not violated","not applicable","Video presents accurate information about racial discrimination's link to depression in college-educated Black Americans, citing a study."
"Youtube","Metadata+Transcript","N9zEBD6ZcAw",0,TRUE,0,0,"not applicable","not violated","not violated","Video discusses a child's personal experience with a learning app, without making any medical claims or promoting unproven treatments."
"Youtube","Metadata+Transcript","7BGLiQ4n2F0",0,TRUE,0.8,1,"violated","not violated","not violated","The video promotes a self-help technique without evidence or medical backing."
"Youtube","Metadata+Transcript","XeT25DgkJeE",0,TRUE,0,0,"not applicable","not applicable","not applicable","Video appears to be a short, innocuous clip of a child with autism playing with a toy, with no mention of mental health or medical information."
"Youtube","Metadata+Transcript","A--oGVHVK1c",0,TRUE,0.8,1,"not applicable","violated","not applicable","The video mislabels autism as a 'medical condition', contradicting current scientific consensus."
"Youtube","Metadata+Transcript","XBEyqLnZHw0",0,TRUE,0,0,"not applicable","not violated","not violated","Video promotes self-care and mental health awareness without making any false medical claims."
"Youtube","Metadata+Transcript","k1cy8GafMCw",0,TRUE,0,0,"not violated","not violated","not violated","Video provides accurate information about Maladaptive Daydreaming, its causes, and recommended treatment (therapy)."
"Youtube","Metadata+Transcript","Wt0aPy1ZXSg",1,TRUE,0,0,"not violated","not violated","not violated","Video presents a plausible explanation for anxiety and suggests evidence-based interventions, such as electrolyte balance and herbal remedies."
"Youtube","Metadata","xdVMLwUyKFo",0,TRUE,0,0,"not applicable","not applicable","not applicable","Video appears to be a personal anecdote or awareness message without any medical claims."
"Youtube","Metadata","nefiLRyJ7bc",0,TRUE,0,0,"not applicable","not violated","not applicable","Video appears to be a motivational speech without any specific medical claims or interventions."
"Youtube","Metadata","rWKYkXH3API",0,TRUE,0,0,"not applicable","not violated","not applicable","Video describes somatic symptom disorder accurately, without promoting misinformation or unproven treatments."
"Youtube","Metadata","B1twiLfbjow",0,TRUE,0,0,"not violated","not violated","not violated","Video does not contain any false medical claims or misinformation about OCD or anxiety treatment."
"Youtube","Metadata","qVm0N_MjyXo",1,TRUE,0,0,"not applicable","not applicable","not applicable","Video appears to be a commentary on societal attitudes towards men's mental health, not providing medical information."
"Youtube","Metadata","5pwNICniqtM",0,TRUE,0,0,"not violated","not violated","not violated","Video does not provide medical claims or interventions, and the influencer explicitly states they are not a professional."
"Youtube","Metadata","dmE-lkYba9Q",0,TRUE,0,0,"not applicable","not violated","not violated","Video promotes general awareness and support for mental health, without providing any specific interventions or claims contradicting medical consensus."
"Youtube","Metadata","C9j4JxFlyTg",1,TRUE,0.8,1,"not applicable","violated","not applicable","Claims that ESFPs and ENFPs don't have ADHD contradict medical consensus."
"Youtube","Metadata","qCthXuL1yZU",0,TRUE,0,0,"not violated","not violated","not violated","Video presents general information on vitamins for mental health without making false claims or discouraging evidence-based treatment."
"Youtube","Metadata","JjYK_kwcu5Q",1,TRUE,0.2,0,"not violated","not violated","not violated","Video presents microdosing as potentially helpful, but does not make false claims about treatments or interventions."
"Youtube","Metadata","lxcR-piMkgo",0,TRUE,0,0,"not applicable","not violated","not applicable","Video appears to be an educational introduction to neuroscientist Andrew Huberman's work, without making any specific claims about depression treatment."
"Youtube","Metadata","qXCyeRW8uRQ",0,TRUE,0,0,"not violated","not violated","not violated","Video provides general wellness tips and resources, no false medical claims or discouragement of evidence-based treatment."
"Youtube","Metadata","89Cl_G6OEFg",0,TRUE,0,0,"not applicable","not applicable","not applicable","Video title suggests awareness and support, no apparent medical claims"
"Youtube","Metadata","uN6Wba7A2Z0",0,TRUE,0,0,"not applicable","not applicable","not applicable","Video is a personal account of mental health struggles, does not provide medical claims or advice."
"Youtube","Metadata","BCQYfe3k11Q",0,TRUE,0,0,"not applicable","not applicable","not applicable","Video appears to be about language usage, not mental health treatment or interventions."
"Youtube","Metadata","xGvaSROftWU",0,TRUE,0,0,"not violated","not violated","not violated","Video promotes self-care and prioritizing mental health recovery without spreading misinformation."
"Youtube","Metadata","qu9hKSCX-5w",0,TRUE,0,0,"not applicable","not violated","not violated","Video discusses exercise as a general mental health benefit, without making any specific claims about treatments or interventions for bipolar disorder."
"Youtube","Metadata","28PZ4m8bCAY",1,TRUE,0.9,1,"violated","violated","violated","Claims that God healed her from an eating disorder and rage without providing evidence or medical context."
"Youtube","Metadata","N-6ghXgeO7A",0,TRUE,0,0,"not applicable","not applicable","not applicable","Video appears to be a speculative discussion about a fictional character's mental health, not providing medical information."
"Youtube","Metadata","_s04cdduA84",0,TRUE,0,0,"not applicable","not applicable","not applicable","Video title does not contain any medical claims or information about mental health interventions."
"Youtube","Metadata","k4pmykfIhzk",0,TRUE,0,0,"not applicable","not violated","not applicable","Video appears to be a personal, artistic expression of mental illness, without any medical claims or interventions."
"Youtube","Metadata","FRnLETy5TdA",0,TRUE,0,0,"not applicable","not applicable","not applicable","Video appears to be a lighthearted, humorous clip with no apparent mental health claims or advice."
"Youtube","Metadata","vN3MctHrJPo",1,TRUE,0,0,"not applicable","not applicable","not applicable","Video title suggests a spiritual approach to anxiety, no specific claims made"
"Youtube","Metadata","zlo8Ec4KF20",0,TRUE,0,0,"not applicable","not applicable","not applicable","Video appears to be a humorous clip with no mental health information"
"Youtube","Metadata","GqgRCPs1bdo",0,TRUE,0,0,"not applicable","not applicable","not applicable","Video appears to be a personal awareness message, no medical claims made."
"Youtube","Metadata","2uE8YsXdloA",1,TRUE,0,0,"not applicable","not applicable","not applicable","Video appears to be a motivational or inspirational clip, not providing mental health information."
"Youtube","Metadata","htKGdOiwM00",1,TRUE,0,0,"not applicable","not violated","not applicable","Video only shows a representation of severe depression, no medical claims or interventions mentioned."
"Youtube","Metadata","NdLGryoieVY",0,TRUE,0,0,"not applicable","not violated","not applicable","Video discusses general mental illness statistics without providing false medical claims."
"Youtube","Metadata","G-aQVbKfO4I",0,TRUE,0,0,"not applicable","not applicable","not applicable","Video appears to be a personal account of living with ADHD, no medical claims or interventions mentioned."
"Youtube","Metadata","zb-wqjf_WyA",0,TRUE,0,0,"not applicable","not applicable","not applicable","Video appears to be a personal experience or awareness message without medical claims."
"Youtube","Metadata","lyT-x9pMNjU",1,TRUE,0,0,"not applicable","not applicable","not applicable","No information on interventions, consensus, or evidence-based treatment is provided."
"Youtube","Metadata","uxfsZMtABmU",0,TRUE,0,0,"not applicable","not applicable","not applicable","Video appears to be a personal experience sharing, not providing medical claims or interventions."
"Youtube","Metadata","HPc0nOxEmF0",0,TRUE,0,0,"not applicable","not violated","not applicable","Video appears to be a social experiment or expose, not providing mental health information."
"Youtube","Metadata","Gwk1saT156k",0,TRUE,0,0,"not applicable","not applicable","not applicable","Video appears to be a personal anecdote about autism and stimming, without any medical claims."
"Youtube","Metadata","6iw0JZbX8qo",0,TRUE,0,0,"not violated","not violated","not violated","Video provides accurate information on experiential avoidance and its consequences, and mentions effective treatments without promoting misinformation."
"Youtube","Metadata","NdYCNW5ge7A",0,TRUE,0,0,"not applicable","not applicable","not applicable","Video title suggests a spiritual or motivational speech, not a medical intervention or treatment."
"Youtube","Metadata","XvcxJpDmW1k",0,TRUE,0,0,"not applicable","not applicable","not applicable","Video appears to be a personal vlog about the creator's experiences and music, without any medical claims or advice."
"Youtube","Metadata","YNJNHelSbeg",0,TRUE,0.8,1,"not applicable","violated","not applicable","Claim that weed causes psychosis and schizophrenia contradicts current scientific consensus on cannabis use and mental health."
"Youtube","Metadata","J2tBtMslyE0",0,TRUE,0,0,"not applicable","not violated","not applicable","Video appears to be a personal account and awareness-raising effort, without any medical claims or interventions discussed."
"Youtube","Metadata","hgT_cIJR_bY",0,TRUE,0,0,"not applicable","not applicable","not applicable","Video appears to be a personal expression of relatability, not providing medical claims or advice."
"Youtube","Metadata","TEP0KseWO5Y",0,TRUE,0,0,"not applicable","not applicable","not applicable","Video appears to be a lighthearted, entertainment-focused clip using a filter, not providing mental health information."
"Youtube","Metadata","5vcRFAn-KRE",0,TRUE,0,0,"not applicable","not applicable","not applicable","Video title suggests a humorous take on mental health, no explicit medical claims."
"Youtube","Metadata","O7lOzhiKnaA",0,TRUE,0,0,"not applicable","not violated","not applicable","Video appears to be a personal account of a parent's experience with autism, without any false medical claims."
"Youtube","Metadata","fz6dbtnwEi0",0,TRUE,0,0,"not applicable","not applicable","not applicable","Video title suggests awareness and interest in autism, without making any medical claims."
"Youtube","Metadata","JGw_BzwtqtM",0,TRUE,0,0,"not applicable","not violated","not applicable","Video reports on news event, does not provide medical information or advice."
"Youtube","Metadata","XfSfQ2JtYrk",0,TRUE,0,0,"not applicable","not applicable","not applicable","Video appears to be educational content about chemistry definitions, not related to mental health."
"Youtube","Metadata","qa9lid42H8w",0,TRUE,0,0,"not applicable","not violated","not applicable","Video appears to be a personal awareness message without medical claims, promoting a foundation's work on mental health and suicide prevention."
"Youtube","Metadata","BSpH3LAI0qM",0,TRUE,0,0,"not applicable","not applicable","not applicable","Video title does not contain medical claims or interventions."
"Youtube","Metadata","91PG4eFfXw8",0,TRUE,0,0,"not applicable","not violated","not applicable","Video appears to be a general awareness message about depression, without providing any specific interventions or treatments."
"Youtube","Metadata","tQe1C_asEMM",0,TRUE,0,0,"not applicable","not applicable","not applicable","Video appears to be a personal art project, no medical claims made."
"Youtube","Metadata","pK7V7KcU0DU",0,TRUE,0,0,"not applicable","not applicable","not applicable","Video title suggests a series on seasonal depression, implying a focus on awareness and education rather than misinformation."
"Youtube","Metadata","omATxc5uQ4w",0,TRUE,0,0,"not violated","not violated","not violated","Video promotes awareness and encourages seeking help, without spreading misinformation."
"Youtube","Metadata","7FoFzYlQMpw",0,TRUE,0,0,"not applicable","not applicable","not applicable","Video appears to be educational and informative, no medical claims made."
"Youtube","Metadata","phh9NVUMQF8",0,TRUE,0.2,0,"not applicable","not violated","not applicable","Video title suggests a sensationalized and potentially misleading question, but no specific claims are made."
"Youtube","Metadata","c1633088Vz0",0,TRUE,0,0,"not applicable","not violated","not applicable","Video appears to be educational and informative, providing general information about schizophrenia."
"Youtube","Metadata","8g5shmI0bJ8",0,TRUE,0,0,"not applicable","not violated","not applicable","Video title does not contain any medical claims or misinformation"
"Youtube","Metadata","WdT6V3IYWk4",0,TRUE,0,0,"not violated","not violated","not violated","Video title suggests a myth about OCD treatment, but description promotes a book with a treatment approach, indicating a potentially helpful resource."
"Youtube","Metadata","HiK4YNFROKs",0,TRUE,0,0,"not applicable","not violated","not applicable","Video is a general awareness message without any medical claims or interventions."
"Youtube","Metadata","brK6ddIrUZw",0,TRUE,0,0,"not applicable","not applicable","not applicable","Video appears to be a personal experience or awareness message, no medical claims made."
"Youtube","Metadata","g3aazom7QaM",0,TRUE,0,0,"not applicable","not violated","not applicable","Video appears to be a personal account, not providing medical claims or interventions."
"Youtube","Metadata","Ov7d4fiRTvQ",0,TRUE,0,0,"not applicable","not violated","not violated","Video provides general awareness and encourages professional consultation, no misinformation."
"Youtube","Metadata","GjtJr9atv9E",0,TRUE,0,0,"not applicable","not applicable","not applicable","Video appears to be a personal transformation story without medical claims or advice."
"Youtube","Metadata","p77wIPwP0e8",0,TRUE,0,0,"not applicable","not applicable","not applicable","Video title suggests a general discussion on mental health, no specific claims made"
"Youtube","Metadata","JtYvjwQrMHY",0,TRUE,0,0,"not applicable","not violated","not applicable","Hyperfocus is a recognized symptom of ADHD, supported by medical consensus."
"Youtube","Metadata","UtqzXDxVXVY",0,TRUE,0,0,"not applicable","not applicable","not applicable","Video lacks any information about mental health interventions, consensus, or evidence-based treatment."
"Youtube","Metadata","OlM33xwZQbs",0,TRUE,0,0,"not applicable","not violated","not violated","Video promotes mental health support and prioritizing well-being, without spreading misinformation."
"Youtube","Metadata","WU5SzsUhqO8",0,TRUE,0.8,1,"not applicable","violated","not applicable","Andrew Tate's comments on depression may contradict medical consensus, promoting unproven or misleading views on mental health."
"Youtube","Metadata","5DmxLFifVgc",0,TRUE,0,0,"not applicable","not applicable","not applicable","Video title suggests a personal experience or awareness message, not a medical claim."
"Youtube","Metadata","u3CxNG5M_tQ",0,TRUE,0,0,"not applicable","not applicable","not applicable","Video title suggests a personal experience or awareness message, no medical claims apparent."
"Youtube","Metadata","iiHAnwJo69g",0,TRUE,0,0,"not applicable","not violated","not violated","Video provides general information and awareness about mental health without promoting misinformation or unproven treatments."
"Youtube","Metadata","LRx8ldVnF4w",0,TRUE,0,0,"not applicable","not applicable","not applicable","Video appears to be a relaxing music video with no mental health information or claims."
"Youtube","Metadata","KO5guA5-jy4",0,TRUE,0,0,"not applicable","not applicable","not applicable","Video title suggests general advice, no specific claims made"
"Youtube","Metadata","_BbDoqyU99U",0,TRUE,0,0,"not applicable","not applicable","not applicable","Video appears to be awareness-raising and does not provide medical claims."
"Youtube","Metadata","_rOGNSnHkyc",0,TRUE,0,0,"not applicable","not applicable","not applicable","Video title does not contain any specific claims or information about mental health treatments or interventions."
"Youtube","Metadata","WCerwCy4Ig4",0,TRUE,0,0,"not violated","not violated","not violated","The video provides general advice on creating sensory-safe environments, journaling, and cultivating special interests, which are all evidence-based strategies for improving mental health in autistic individuals."
"Youtube","Metadata","FS7B6Vkoofo",1,TRUE,0,0,"not applicable","not applicable","not applicable","Video does not contain any mental health information or claims."
"Youtube","Metadata","dwkORltd-DE",0,TRUE,0,0,"not applicable","not applicable","not applicable","Video title appears to be a joke or attention-grabber, lacking any specific mental health claims."
"Youtube","Metadata","bDd5E6GHamE",0,TRUE,0,0,"not applicable","not violated","not applicable","Video provides accurate information about autism spectrum disorder, aligning with medical consensus."
"Youtube","Metadata","R2O31GUYUfc",0,TRUE,0,0,"not applicable","not applicable","not applicable","Video title suggests a discussion on ADHD and relationships, no specific claims made"
"Youtube","Metadata","gqx9R_7XJtQ",0,TRUE,0,0,"not applicable","not violated","not violated","Video provides general support tips from a therapist's perspective without promoting unproven or misleading interventions."
"Youtube","Metadata","kLnS071dIFQ",0,TRUE,0,0,"not applicable","not applicable","not applicable","Video is a music playlist with no mental health content"
"Youtube","Metadata","AZ4fJqLexQs",0,TRUE,0,0,"not applicable","not applicable","not applicable","Video appears to be a personal anecdote about living with ADHD, no medical claims made."
"Youtube","Metadata","pkqoMvue2J0",0,TRUE,0,0,"not applicable","not applicable","not applicable","Video appears to be a personal anecdote without medical claims or advice."
"Youtube","Metadata","2ruSYtdm8kQ",0,TRUE,0,0,"not applicable","not violated","not applicable","Video shares personal experience without providing false medical claims or promoting unproven treatments."
"Youtube","Metadata","TJ4vIghzCic",0,TRUE,0,0,"not applicable","not violated","not applicable","Video appears to be educational and informative, discussing differences between two mental health conditions."
"Youtube","Metadata","DXatP-pzUGo",0,TRUE,0,0,"not applicable","not violated","not violated","Video promotes awareness and book, but does not provide specific medical claims or interventions."
"Youtube","Metadata","klNbW287nlg",0,TRUE,0,0,"not applicable","not violated","not violated","Video provides general information on emotional triggers and resilience without promoting misinformation or unproven treatments."
"Youtube","Metadata","WSmyb4qVu0k",0,TRUE,0,0,"not applicable","not applicable","not applicable","Video does not provide any mental health information or claims."
"Youtube","Metadata","hB5cC5X39pM",1,TRUE,0.8,1,"not applicable","violated","not applicable","Claims mental illness is 'broken' and implies spiritual warfare as a cause, contradicting medical consensus."
"Youtube","Metadata","YyK5Xv8AjZg",0,TRUE,0,0,"not applicable","not applicable","not applicable","Video appears to be a personal story or anecdote, not providing medical information."
"Youtube","Metadata","zGI4Ocz9XlU",0,TRUE,0,0,"not applicable","not applicable","not applicable","Video appears to be a fan-made edit with no medical claims or information."
"Youtube","Metadata","yBbPSY4Z1Bo",0,TRUE,0,0,"not applicable","not applicable","not applicable","Video appears to be a relatable commentary rather than providing mental health advice."
"Youtube","Metadata","lKphfmJJ0BQ",0,TRUE,0,0,"not applicable","not applicable","not applicable","Video appears to be a personal anecdote, not providing medical information."
"Youtube","Metadata","ksnljQ1ysUs",0,TRUE,0,0,"not applicable","not violated","not applicable","Video discusses stigma around mental health without providing any medical claims or interventions."
"Youtube","Metadata","sjtEcVR0g8k",0,TRUE,0.8,1,"violated","violated","not applicable","OCD is a mental disorder, not obesity. Misuse of OCD diagnosis."
"Youtube","Metadata","RC1919tTab0",0,TRUE,0.2,0,"not applicable","not applicable","not applicable","Video title suggests awareness message, no specific claims made"
"Youtube","Metadata","qpU7Tx_ORwI",0,TRUE,0.2,0,"not applicable","not applicable","not applicable","Video title suggests surprising facts, but no specific claims made, so no clear misinformation"
"Youtube","Metadata","c9REsOZljcc",1,TRUE,0,0,"not applicable","not violated","not applicable","Video makes a claim about pharma's role in anorexia in Japan, but does not provide specific medical information to evaluate."
"Youtube","Metadata","KEykaHC-VZs",0,TRUE,0,0,"not applicable","not violated","not applicable","Video provides accurate information about Ganser Syndrome, a rare dissociative disorder, without promoting any interventions or treatments."
"Youtube","Metadata","7SwCneXlTrg",0,TRUE,0,0,"not applicable","not violated","not applicable","Video presents accurate information on mental health and its impact, citing WHO's World Mental Health Report."
"Youtube","Metadata","cDcTyTX_Jkw",0,TRUE,0,0,"not applicable","not violated","not applicable","Video appears to be a prayer message, not providing medical advice or interventions."
"Youtube","Metadata","Aflfn6Xoz2I",0,TRUE,0,0,"not applicable","not applicable","not applicable","Video title suggests awareness and discussion, not misinformation"
"Youtube","Metadata","pjEwV7gltsU",0,TRUE,0,0,"not applicable","not applicable","not applicable","Video title appears to be a personal anecdote, not providing medical claims."
"Youtube","Metadata","BSRmjdGv3A4",1,TRUE,0.8,1,"not applicable","violated","not applicable","Claims supernatural entities cause autism, contradicting medical consensus on autism's causes."
"Youtube","Metadata","9yuuC_7YC6k",0,TRUE,0,0,"not applicable","not violated","not violated","Video provides general information on emotional vs mental health without promoting unproven treatments or contradicting medical consensus."
"Youtube","Metadata","MLIF5fd4hco",0,TRUE,0,0,"not applicable","not applicable","not applicable","Video title suggests awareness message, no specific claims made"
"Youtube","Metadata","1srbIRTp0zc",0,TRUE,0,0,"not applicable","not violated","not violated","Video title suggests helpful advice, but no specific claims made."
"Youtube","Metadata","TNdMjOmtqAk",0,TRUE,0,0,"not applicable","not violated","not applicable","Video describes a common behavior in children, does not provide false medical claims or discourage evidence-based treatment."
"Youtube","Metadata","fpLA7X7qBCM",1,TRUE,1,1,"violated","violated","violated","Claims unproven cure for autism, contradicting medical consensus and discouraging evidence-based treatment."
"Youtube","Metadata","lxILJao_VAw",0,TRUE,0,0,"not applicable","not violated","not applicable","Video provides general awareness and facts about schizophrenia without making any false medical claims."
"Youtube","Metadata","iaBMUv5BJGA",0,TRUE,0,0,"not applicable","not violated","not applicable","Video appears to be a commentary on a public figure's behavior, not providing medical advice or claims."
"Youtube","Metadata","OW2QQO8n5es",1,TRUE,0,0,"not applicable","not violated","not applicable","Video appears to be a personal experience and awareness message, without any false medical claims."
"Youtube","Metadata","m3xLJ1-8ZhQ",0,TRUE,0,0,"not applicable","not applicable","not applicable","Video is promotional and does not contain mental health information."
"Youtube","Metadata","Szew595ukwY",1,TRUE,0.9,1,"violated","violated","violated","Video promotes unproven and unscientific methods of demon removal and spiritual warfare."
"Youtube","Metadata","lQBP_zD581Q",1,TRUE,0,0,"not applicable","not applicable","not applicable","Video title and description do not provide any specific information about mental health interventions or claims."
"Youtube","Metadata","EV7tqtutZNo",0,TRUE,0,0,"not violated","not violated","not violated","Video provides general advice on time management, study skills, and mental fitness, but does not contain any misinformation or false medical claims."
"Youtube","Metadata","l2KuxKGImMw",0,TRUE,0,0,"not applicable","not applicable","not applicable","Video appears to be a personal, celebratory moment with no medical claims or interventions."
"Youtube","Metadata","mUjXbmsiGT4",0,TRUE,0,0,"not applicable","not applicable","not applicable","Video appears to be an art project, not providing mental health information."
"Youtube","Metadata","-rF8IVO2hNc",1,TRUE,0.8,1,"not applicable","violated","not applicable","Claims that autism is a demon, contradicting medical consensus on autism as a neurodevelopmental disorder."
"Youtube","Metadata","A_sXi4NNlvw",0,TRUE,0,0,"not applicable","not applicable","not applicable","Video appears to be inspirational and motivational, without providing any specific information about treatments or interventions for anxiety."
"Youtube","Metadata","Tyq492QJOkw",0,TRUE,0,0,"not applicable","not applicable","not applicable","Video title suggests a personal, experiential perspective, not a claim about treatments or interventions."
"Youtube","Metadata","ssMfK0TAw6g",0,TRUE,0,0,"not applicable","not applicable","not applicable","Video does not provide any mental health information"
"Youtube","Metadata","sGIKEVW3PGc",0,TRUE,0.2,0,"not applicable","not applicable","not applicable","Video appears to be a discussion or exploration of a topic, not presenting medical claims or interventions."
"Youtube","Metadata","oTlu3mjKnUM",0,TRUE,0,0,"not violated","not violated","not violated","Video presents herbal remedies supported by a study, without making false claims."
"Youtube","Metadata","HzUXFPO3cJE",0,TRUE,0,0,"not applicable","not applicable","not applicable","Video title suggests a personal experience or awareness message, no medical claims apparent"
"Youtube","Metadata","dXK_R-Du2qE",0,TRUE,0,0,"not applicable","not applicable","not applicable","Video title suggests awareness and personal experience, no explicit medical claims"
"Youtube","Metadata","-S2vaXWwbkU",0,TRUE,0,0,"not applicable","not violated","not applicable","Video appears to be a discussion or commentary on eating disorders, not providing medical advice or promoting misinformation."
"Youtube","Metadata","w6G94lbYAmY",0,TRUE,0,0,"not applicable","not violated","not violated","Video does not provide any specific information about treatments or interventions for anxiety, and does not contradict current scientific or clinical consensus."
"Youtube","Metadata","D9GqBaSlE70",0,TRUE,0,0,"not applicable","not applicable","not applicable","Video title and description do not provide sufficient information to evaluate for mental health misinformation."
"Youtube","Metadata","88eZje7RPq4",0,TRUE,0,0,"not applicable","not applicable","not applicable","Video appears to be a comedy sketch, not providing mental health information."
"Youtube","Metadata","6dfBSqN9RKA",0,TRUE,0.8,1,"not applicable","violated","not applicable","Video title suggests a how-to guide for being bipolar, which contradicts medical consensus that bipolar disorder is a serious mental health condition."
"Youtube","Metadata","gdG4f2HnnAw",0,TRUE,0,0,"not applicable","not applicable","not applicable","Video title does not contain any medical claims or interventions."
"Youtube","Metadata","ih_t7x9LYLE",0,TRUE,0.8,1,"not applicable","violated","not applicable","Ben Shapiro's statement on gender dysphoria as a mental illness contradicts current scientific consensus."
"Youtube","Metadata","-gh7_FRuT_I",0,TRUE,0,0,"not applicable","not applicable","not applicable","Video title suggests motivational content, no apparent medical claims"
"Youtube","Metadata","hDCXEdp5FUU",0,TRUE,0.8,1,"violated","not violated","not violated","Video implies medication management is a joke, potentially leading to non-adherence."
"Youtube","Metadata","w5rGacpyx20",0,TRUE,0,0,"not applicable","not violated","not applicable","Video does not provide any information about mental health interventions or treatments."
"Youtube","Metadata","o7l9oVurnms",0,TRUE,0.8,1,"not applicable","violated","not applicable","Video title suggests dismissing autism as a legitimate condition, contradicting medical consensus."
"Youtube","Metadata","jWH4yjOP9JI",0,TRUE,0.8,1,"not applicable","violated","not applicable","The video's title and description suggest a critical stance on mental health, potentially implying that mental illness is a sign of weakness, contradicting medical consensus."
"Youtube","Metadata","XfP0V523Bo8",0,TRUE,0,0,"not applicable","not violated","not applicable","Video accurately describes the subjective experience of mental health sufferers."
"Youtube","Metadata","IRaLrnJAn1k",0,TRUE,0,0,"not applicable","not violated","not applicable","Video is a Q&A session with a person living with schizophrenia, discussing their experiences without providing medical claims or interventions."
"Youtube","Metadata","1IEc8KGpDY8",0,TRUE,0,0,"not applicable","not applicable","not applicable","Video is an introductory/informational video without any medical claims or advice."
"Youtube","Metadata","Dr_WKUNMqAo",0,TRUE,0,0,"not applicable","not applicable","not applicable","Video title suggests a game, not a mental health topic, so likely not misinformation."
"Youtube","Metadata","n3t6wYC07js",0,TRUE,0,0,"not applicable","not violated","not applicable","Video accurately describes bipolar disorder and its symptoms, providing helpful resources for those concerned."
"Youtube","Metadata","AJiI0RlDyyM",1,TRUE,0,0,"not applicable","not applicable","not applicable","Video appears to be a hypothetical scenario or thought experiment, not providing medical information."
"Youtube","Metadata","MjJhAvXEBzc",0,TRUE,0,0,"not applicable","not applicable","not applicable","Video is a short, lighthearted clip with no medical claims or information."
"Youtube","Metadata","BHh2_PJVXhQ",0,TRUE,0,0,"not applicable","not applicable","not applicable","Video title suggests personal, unfiltered thoughts, not providing medical claims or interventions."
"Youtube","Metadata","GiUwHNwtlCY",1,TRUE,0,0,"not applicable","not violated","not violated","Video appears to be a motivational message without any medical claims or interventions."
"Youtube","Metadata","WOatqwOabgA",0,TRUE,0,0,"not applicable","not applicable","not applicable","Video appears to be a factual list without any medical claims or interventions."
"Youtube","Metadata","Y9vz81tot1c",1,TRUE,0.8,1,"violated","violated","violated","Video claims a 'cure' for depression, which contradicts current medical consensus and may imply unproven or misleading interventions."
"Youtube","Metadata","N4vwF8SFQlQ",0,TRUE,0,0,"not applicable","not applicable","not applicable","No information on interventions, consensus, or evidence-based treatment is provided."
"Youtube","Metadata","okvr566FcpM",0,TRUE,0,0,"not applicable","not applicable","not applicable","Video title suggests general tips for anxiety, no specific claims made"
"Youtube","Metadata","tEZ7KyRDyEY",0,TRUE,0,0,"not applicable","not violated","not applicable","Video provides general information on differences between SAD and ASD without promoting misinformation or unproven treatments."
"Youtube","Metadata","ftmDYudRI_4",0,TRUE,0,0,"not applicable","not violated","not applicable","Video discusses personal experiences and opinions without providing false medical claims or promoting unproven treatments."
"Youtube","Metadata","gmzX3R_fhrI",0,TRUE,0,0,"not applicable","not applicable","not applicable","Video appears to be a personal account of a family's experience with depression, no medical claims made."
"Youtube","Metadata","vWVzT3cH5XU",0,TRUE,0,0,"not applicable","not applicable","not applicable","Video appears to be a personal streamer's rant about ADHD, no medical claims or advice provided."
"Youtube","Metadata","OTHpUtWuCTQ",0,TRUE,0,0,"not applicable","not applicable","not applicable","Video title and description suggest a critical or satirical tone, not providing mental health information."
"Youtube","Metadata","R2VWf64Aoic",0,TRUE,0,0,"not applicable","not applicable","not applicable","Video appears to be a general wellness tip, no mental health claims or interventions mentioned."
"Youtube","Metadata","xhZAwXNuzHI",0,TRUE,0,0,"not applicable","not applicable","not applicable","Video appears to be a descriptive, awareness-raising clip without medical claims."
"Youtube","Metadata","IGrtpCmwj20",0,TRUE,0,0,"not violated","not violated","not violated","Video promotes staying busy as a treatment aspect, which aligns with general mental health advice."
"Youtube","Metadata","YjgvaZuFzBY",0,TRUE,0,0,"not violated","not violated","not violated","Personal experience shared without promoting unproven treatments or contradicting medical consensus."
"Youtube","Metadata","LaVUX5bHz9Y",0,TRUE,0,0,"not applicable","not violated","not applicable","Video provides general information on signs of high functioning depression without promoting unproven treatments or contradicting medical consensus."
"Youtube","Metadata","JNKntNB-6B8",0,TRUE,0,0,"not applicable","not applicable","not applicable","Video does not provide any mental health information or claims, only promotes awareness and encourages seeking professional help."
"Youtube","Metadata","fjFCCdrHe8U",0,TRUE,0,0,"not applicable","not applicable","not applicable","Video is a comedy clip referencing ADHD, not providing medical information."
"Youtube","Metadata","66myqtc_pzs",0,TRUE,0,0,"not applicable","not violated","not violated","Video discusses general information about BPD, treatment, and symptoms without making any false claims or promoting unproven interventions."
"Youtube","Metadata","BdQA91Cmbig",0,TRUE,0,0,"not applicable","not violated","not applicable","Video appears to be an educational and humorous introduction to executive dysfunction, not providing medical claims or misinformation."
"Youtube","Metadata","LTTtutrJMuk",0,TRUE,0,0,"not applicable","not applicable","not applicable","Video appears to be a personal vlog about anorexia recovery, not providing medical information"
"Youtube","Metadata","M5ABBo-nhKQ",0,TRUE,0,0,"not applicable","not applicable","not applicable","Video appears to be a personal anecdote about ADHD symptoms, no medical claims made."
"Youtube","Metadata","bc_sfaXzJyY",0,TRUE,0.2,0,"not applicable","not applicable","not applicable","Video title suggests shocking facts, but description does not indicate any specific claims or misinformation."
"Youtube","Metadata","oKLJ41B0zGY",0,TRUE,0,0,"not applicable","not applicable","not applicable","Video appears to be a personal moment between two individuals, no medical claims or interventions mentioned."
"Youtube","Metadata","PpnNuWtjdwA",0,TRUE,0,0,"not applicable","not applicable","not applicable","Video title suggests personal perspective on mental health, no specific claims made"
"Youtube","Metadata","lM25nX9ndoI",0,TRUE,0,0,"not applicable","not applicable","not applicable","Video appears to be a promotional or entertainment video, not providing mental health information."
"Youtube","Metadata","HQjbKlb1mZk",0,TRUE,0,0,"not applicable","not applicable","not applicable","Video appears to be a personal anecdote about a child's separation anxiety, without any medical claims or advice."
"Youtube","Metadata","Y2PEcXPepIE",0,TRUE,0,0,"not violated","not violated","not violated","Video appears to be a motivational clip with general advice on limiting anxiety, no specific medical claims or misinformation detected."
"Youtube","Metadata","YqLwvkMPaYw",0,TRUE,0,0,"not applicable","not applicable","not applicable","Video appears to be educational and informative, no medical claims or interventions mentioned."
"Youtube","Metadata","XsHqJEr2QyI",0,TRUE,0,0,"not applicable","not violated","not applicable","Video promotes tablets as assistive technology for autism, aligning with medical consensus."
"Youtube","Metadata","orPiXkk3SYU",0,TRUE,0.2,0,"violated","not violated","not violated","Claims a new way to manage ADHD without medication, but no evidence is provided."
"Youtube","Metadata","H0RfsJIs2No",0,TRUE,0,0,"not applicable","not violated","not applicable","Video promotes awareness, empathy, and self-celebration, without providing any medical claims or misinformation."
"Youtube","Metadata","zsqdjkgRvXg",0,TRUE,0,0,"not applicable","not violated","not applicable","Video provides a spiritual encouragement, not a medical intervention or treatment."
"Youtube","Metadata","SMDp6INB3ko",0,TRUE,0,0,"not applicable","not applicable","not applicable","Video appears to be a personal account of living with ADHD, no medical claims made."
"Youtube","Metadata","GwmXw9apSnM",0,TRUE,0,0,"not applicable","not violated","not violated","Video provides accurate information about bipolar disorder, its symptoms, and treatment options, aligning with medical consensus."
"Youtube","Metadata","xGhXicj_0l8",0,TRUE,0,0,"not applicable","not applicable","not applicable","Video title suggests a prayer for depression, which is a personal experience or opinion, not a medical claim."
"Youtube","Metadata","i7G_J2Jdzt4",0,TRUE,0,0,"not applicable","not violated","not violated","Video provides general anxiety relief tips without making any false medical claims."
"Youtube","Metadata","9QFX_5WDKP0",1,TRUE,0.2,0,"not applicable","not applicable","not applicable","Video title suggests a sensationalized or provocative tone, but no specific claims are made, so it's unclear if misinformation is present."
"Youtube","Metadata","19utJMmTPOo",1,TRUE,0,0,"not applicable","not violated","not applicable","Video presents personal experience and spiritual beliefs without making false medical claims or discouraging evidence-based treatment."
"Youtube","Metadata","qa3a-5BqJxo",0,TRUE,0,0,"not applicable","not violated","not applicable","Video does not present misinformation; instead, it encourages viewers to learn more about OCD from reputable sources."
"Youtube","Metadata","Lc10puOjwsc",0,TRUE,0,0,"not applicable","not violated","not violated","Video promotes a general wellness approach without making any specific, unsubstantiated claims about depression treatment."
"Youtube","Metadata","jEOgtLCKaCI",0,TRUE,0,0,"not applicable","not violated","not applicable","Video does not provide medical claims or interventions, only a list of behaviors associated with ADHD."
"Youtube","Metadata","jTyb19mhk3o",0,TRUE,0,0,"not applicable","not applicable","not applicable","Video appears to be a trigger test for OCD, not providing medical information or advice."
"Youtube","Metadata","xyv-00OnCU0",0,TRUE,0,0,"not applicable","not applicable","not applicable","Video appears to be a personal experience and awareness message, no medical claims made."
"Youtube","Metadata","JgrkcLgRxM8",0,TRUE,0,0,"not applicable","not applicable","not applicable","Video appears to be a personal experience sharing, not providing medical information."
"Youtube","Metadata","vXx6ddYtGMw",0,TRUE,0,0,"not applicable","not applicable","not applicable","Video appears to be a personal experience and awareness message, no medical claims made."
"Youtube","Metadata","MXAUwEVIL7E",0,TRUE,0,0,"not applicable","not applicable","not applicable","Video appears to be educational and informative, discussing signs of depression."
"Youtube","Metadata","L4QTO0CocT0",0,TRUE,0,0,"not applicable","not applicable","not applicable","Video title and description do not contain any specific claims or information about mental health treatments or interventions."
"Youtube","Metadata","C2TzAP24EjQ",1,TRUE,0.8,1,"violated","violated","violated","Video implies depression is caused by laziness and lack of motivation, contradicting current understanding of depression as a complex mental health disorder."
"Youtube","Metadata","zFX9C8uyaOI",0,TRUE,0,0,"not applicable","not violated","not applicable","Video appears to be a personal, animated commentary on cheating and depression, without providing medical claims or interventions."
"Youtube","Metadata","EwTOYpGK1Q8",1,TRUE,0,0,"not violated","not violated","not violated","Video presents a personal opinion on magnesium as an effective remedy for anxiety, without making any false medical claims."
"Youtube","Metadata","ki4Q-wVe3nM",0,TRUE,0,0,"not applicable","not applicable","not applicable","Video appears to be a spiritual or faith-based approach, not a medical claim."
"Youtube","Metadata","qA1pBwBcrtI",0,TRUE,0,0,"not applicable","not applicable","not applicable","Video appears to be an animated series about a character with OCD, not a source of mental health information."
"Youtube","Metadata","Jt2sYPgYe0A",1,TRUE,0,0,"not violated","not violated","not violated","Video presents hypnosis as a potential anxiety relief tool, without making false claims or contradicting medical consensus."
"Youtube","Metadata","b6WKN64k_mc",0,TRUE,0,0,"not applicable","not applicable","not applicable","Video title suggests a personal perspective on anxiety, no medical claims made."
"Youtube","Metadata","uA5zSmAANOs",0,TRUE,0.2,0,"not applicable","not violated","not applicable","Video title suggests general advice, no specific medical claims mentioned"
"Youtube","Metadata","jj0lzrVUXLo",0,TRUE,0,0,"not applicable","not applicable","not applicable","Video appears to be a short, lighthearted clip with no apparent mental health information."
"Youtube","Metadata","OICA2v0Eu0Y",0,TRUE,0,0,"not applicable","not applicable","not applicable","Video appears to be a personal vlog, no medical claims or interventions mentioned."
"Youtube","Metadata","XwxGdICbmY8",0,TRUE,0,0,"not applicable","not applicable","not applicable","Video appears to be a humorous anecdote about a mom's OCD, no medical claims or misinformation present."
"Youtube","Metadata","iv3Cj24_xCI",0,TRUE,0,0,"not applicable","not applicable","not applicable","Video appears to be a personal vlog or documentary-style content, lacking explicit medical claims or advice."
"Youtube","Metadata","gVx1y2SIFn0",0,TRUE,0.2,0,"violated","not violated","not violated","Video title and description suggest helpful tips, but lack of specific information makes it hard to assess."
"Youtube","Metadata","Jd3cSwNw1qY",0,TRUE,0,0,"not applicable","not applicable","not applicable","No information provided to evaluate"
"Youtube","Metadata","rGtp1LkfuUE",0,TRUE,0,0,"not applicable","not applicable","not applicable","Video title does not contain any medical claims or information."
"Youtube","Metadata","TS_Kfm4AjOw",0,TRUE,0,0,"not applicable","not applicable","not applicable","Video title suggests awareness and education, no specific claims made"
"Youtube","Metadata","LmaulL0dZIk",0,TRUE,0,0,"not applicable","not applicable","not applicable","Video title does not contain specific medical claims or interventions."
"Youtube","Metadata","YyZ6GTKLpXc",0,TRUE,0,0,"not applicable","not applicable","not applicable","Video appears to be a personal vlog about the creator's experiences with autism, not providing any medical claims or advice."
"Youtube","Metadata","_MS_j7Ecc6k",0,TRUE,0.8,1,"not applicable","violated","not applicable","Video implies a false dichotomy between OCD and BPD, contradicting medical consensus on distinct disorders."
"Youtube","Metadata","wHg6dH5OLVM",1,TRUE,0.8,1,"violated","not applicable","not applicable","Video likely promotes unproven or misleading information about exercise as a cure for depression."
"Youtube","Metadata","lA0akWhmLhU",0,TRUE,0,0,"not applicable","not applicable","not applicable","Video title suggests educational content, no claims made"
"Youtube","Metadata","JqQ8nIKaCwU",0,TRUE,0,0,"not applicable","not violated","not applicable","Video does not provide medical claims or interventions, instead focuses on peer support and resources."
"Youtube","Metadata","NyUNAfkjQGg",0,TRUE,0,0,"not applicable","not applicable","not applicable","Video title suggests general advice on ADHD and sleep, no specific claims made"
"Youtube","Metadata","IsJgszoBoeQ",0,TRUE,0,0,"not applicable","not applicable","not applicable","No information on interventions, consensus, or evidence-based treatment is provided."
"Youtube","Metadata","t2RThwohuWg",0,TRUE,0,0,"not violated","not violated","not violated","Video promotes therapy and licensed therapists, aligning with medical consensus and evidence-based treatment."
"Youtube","Metadata","jyodW7XuCCE",1,TRUE,0,0,"not applicable","not applicable","not applicable","Video title suggests a factual presentation, but no content is available for evaluation."
"Youtube","Metadata","tWReRa_O7kQ",0,TRUE,0,0,"not applicable","not applicable","not applicable","Video appears to be a general awareness message with no specific medical claims or interventions."
"Youtube","Metadata","53brF-7hqX0",0,TRUE,0,0,"not applicable","not applicable","not applicable","Video title suggests awareness, not providing medical claims or interventions."
"Youtube","Metadata","UdJZzxF587w",0,TRUE,0,0,"not applicable","not violated","not applicable","Video appears to be an educational explanation of OCD, without any false medical claims."
"Youtube","Metadata","y7FxvpaQd2U",0,TRUE,1,1,"violated","violated","violated","The video title suggests faking autism, which is a serious mental health condition, and contradicts medical consensus."
"Youtube","Metadata","smnMRnrVjV0",0,TRUE,0,0,"not applicable","not applicable","not applicable","Video appears to be a personal account of living with OCD, no medical claims or interventions mentioned."
"Youtube","Metadata","ALconHA1Xrc",0,TRUE,0.8,1,"violated","violated","not applicable","Claiming all girls are bipolar when hungry contradicts medical consensus on bipolar disorder."
"Youtube","Metadata","EFAwrSOKySI",1,TRUE,0,0,"not violated","not violated","not violated","Video discusses psilocybin research, does not make false claims about treatment or interventions."
"Youtube","Metadata","R5B_jZ1mwH0",0,TRUE,0,0,"not applicable","not applicable","not applicable","Video appears to be a historical discussion, not related to mental health."
"Youtube","Metadata","yHQv2pUungI",0,TRUE,0,0,"not applicable","not applicable","not applicable","Video appears to be a comedy sketch, not providing mental health information."
"Youtube","Metadata","5tdmmq0cCX0",1,TRUE,0.8,1,"violated","violated","violated","Video promotes unproven and unscientific "
"Youtube","Metadata","A-Pi5lxq4Zg",0,TRUE,0,0,"not violated","not violated","not violated","Video provides accurate NHS tips for mental wellbeing, promoting evidence-based self-help."
"Youtube","Metadata","pmJm9ftBt6g",0,TRUE,0,0,"not applicable","not applicable","not applicable","Video title suggests awareness message, no specific medical claims"
"Youtube","Metadata","si0zVfea3PA",0,TRUE,0,0,"not applicable","not violated","not applicable","Video acknowledges depression as an illness, promoting a neutral and non-misleading stance."
"Youtube","Metadata","dw5BbcUSV4c",1,TRUE,0.2,0,"not applicable","not violated","not applicable","Video title suggests a discussion on the causes of depression, which may not necessarily contain misinformation."
"Youtube","Metadata","9NQFR_HLC2M",0,TRUE,0,0,"not applicable","not applicable","not applicable","Video title suggests a general wellness message, no specific claims made."
"Youtube","Metadata","1a4CJZi1ub4",1,TRUE,0.2,0,"not violated","not violated","not violated","Video presents herbal remedies with scientific backing, no false claims or unproven cures."
"Youtube","Metadata","gy2wY5zcEg0",0,TRUE,0,0,"not applicable","not violated","not applicable","Video is a supportive message with no medical claims or interventions."
"Youtube","Metadata","O6dgCRkyrIc",0,TRUE,0.9,1,"violated","violated","not applicable","Video presents false dichotomy between Tourette's and anxiety, implying a choice between two conditions."
"Youtube","Metadata","ZwO0rervo8o",0,TRUE,0,0,"not applicable","not applicable","not applicable","Video title suggests awareness message, no specific claims made"
"Youtube","Metadata","boxHMOpQApI",0,TRUE,0,0,"not applicable","not applicable","not applicable","Video appears to be a comedy sketch, not providing mental health information."
"Youtube","Metadata","XiHaS9u65Ww",0,TRUE,0,0,"not applicable","not applicable","not applicable","Video appears to be a prayer for anxiety, not providing medical information or advice."
"Youtube","Metadata","vmq_X0__Yac",0,TRUE,0,0,"not applicable","not applicable","not applicable","Video discusses commercialization process, not treatments or interventions."
"Youtube","Metadata","_srZLeX19no",0,TRUE,0.9,1,"violated","violated","violated","Claims a cure for depression without providing evidence-based treatment options."
"Youtube","Metadata","lPetf9_RGuw",1,TRUE,0.8,1,"not applicable","violated","not applicable","Video denies the existence of depression, contradicting medical consensus."
"Youtube","Metadata","R1SradXb2nc",0,TRUE,0.2,0,"not applicable","not violated","not applicable","Video appears to be educational, providing general information about catatonic depression without promoting unproven treatments or contradicting medical consensus."
"Youtube","Metadata","-lfrX_32msI",0,TRUE,0,0,"not applicable","not applicable","not applicable","No specific claims or information about treatments or interventions provided."
"Youtube","Metadata","FDJkQ1vD4IQ",0,TRUE,0,0,"not applicable","not violated","not applicable","Video title suggests awareness, not providing medical claims or interventions."
"Youtube","Metadata","td_3gTNbPBU",0,TRUE,0,0,"not applicable","not violated","not applicable","Video discusses data collection by mental health apps, not treatments or interventions."
"Youtube","Metadata","xRK0uztdk6A",0,TRUE,0,0,"not applicable","not violated","not violated","Video provides general information and promotes evidence-based resources without spreading misinformation."
"Youtube","Metadata","Kbwp7d705iE",0,TRUE,0.2,0,"not applicable","not applicable","not applicable","Video title suggests natural improvement tips, but no specific claims made"
"Youtube","Metadata","Cm1bXg60f88",0,TRUE,0,0,"not applicable","not violated","not violated","Video accurately describes high-functioning depression and its effects, without promoting misinformation or unproven treatments."
"Youtube","Metadata","rqD5L8RJbbc",0,TRUE,0,0,"not applicable","not applicable","not applicable","No specific mental health information provided, only a title suggesting a discussion on anxiety."
"Youtube","Metadata","5gpIG1EHusE",1,TRUE,0.8,1,"not applicable","violated","not applicable","Claims a supernatural entity caused autism, contradicting medical consensus."
"Youtube","Metadata","xphnHCRgvOg",0,TRUE,0,0,"not violated","not violated","not violated","Video provides general information on schizophrenia symptoms without promoting unproven treatments or contradicting medical consensus."
"Youtube","Metadata","2xcCGRRgHMg",0,TRUE,0,0,"not applicable","not applicable","not applicable","Video appears to be a general awareness message without any specific medical claims."
"Youtube","Metadata","PbxpBlb4Ozw",1,TRUE,0.8,1,"violated","not applicable","not applicable","Video mentions peptides and vagus nerve, suggesting unproven treatments."
"Youtube","Metadata","zxCUkSvt4Cg",0,TRUE,0,0,"not applicable","not applicable","not applicable","Video appears to be a news report or documentary, not providing mental health information."
"Youtube","Metadata","Lck4bBz-Xsk",0,TRUE,0,0,"not violated","not violated","not violated","Video presents a prayer for fear and anxiety, aligning with spiritual practices, not medical interventions."
"Youtube","Metadata","-iVIZqE00_0",0,TRUE,0.8,1,"not applicable","violated","not applicable","Claims that mental health has no place in schools contradict current scientific and clinical consensus."
"Youtube","Metadata","JddEj1fG2kE",0,TRUE,0,0,"not applicable","not applicable","not applicable","Video appears to be a list of K-pop idols with mental health issues, without providing any medical claims or interventions."
"Youtube","Metadata","4s-UDZwihbg",0,TRUE,0,0,"not applicable","not violated","not violated","Video provides general mental health insights without making any specific claims or promoting unproven treatments."
"Youtube","Metadata","SLh9nuDIb7k",0,TRUE,0,0,"not violated","not violated","not violated","Video presents a positive and realistic view of children with Autism participating in chores."
"Youtube","Metadata","hqpJBhkFKcU",0,TRUE,0,0,"not applicable","not violated","not violated","Video promotes mental health awareness, personal story, and encourages help-seeking behavior without spreading misinformation."
"Youtube","Metadata","V4itEOdoa94",0,TRUE,0,0,"not applicable","not applicable","not applicable","Video appears to be a personal anecdote or story, not providing medical information."
"Youtube","Metadata","JRKh2fntvAI",0,TRUE,0,0,"not applicable","not applicable","not applicable","Video title does not imply misinformation, only awareness and support"
"Youtube","Metadata","jvU-Ra_HO7c",0,TRUE,0,0,"not applicable","not applicable","not applicable","Video title does not contain any specific mental health claims or recommendations."
"Youtube","Metadata","kKzlbEEG6YI",0,TRUE,0,0,"not applicable","not applicable","not applicable","Video title does not suggest any specific claims or interventions."
"Youtube","Metadata","a54ae-6r2wo",0,TRUE,0,0,"not applicable","not violated","not applicable","Video appears to be a personal reflection on mental health, without providing any medical claims or interventions."
"Youtube","Metadata","BQ7KlyhsQxE",0,TRUE,0,0,"not applicable","not applicable","not applicable","Video appears to be a comedy sketch about OCD, not a mental health information source."
"Youtube","Metadata","vDAOPkiqN8o",0,TRUE,0,0,"not applicable","not violated","not applicable","Video only lists signs of depression, no medical claims or interventions mentioned."
"Youtube","Metadata","witXIuWR8t4",0,TRUE,0.2,0,"not applicable","not violated","not applicable","Video title suggests a question, not a claim, and does not provide explicit information to evaluate."
"Youtube","Metadata","pEFU9ziZHSA",0,TRUE,0,0,"not applicable","not violated","not violated","Video promotes general wellness and exercise as a positive influence on mental health, without making any specific claims that contradict medical consensus."
"Youtube","Metadata","WCeHc48hEeQ",1,TRUE,0,0,"not applicable","not applicable","not applicable","No specific information provided, likely an awareness message or personal experience."
"Youtube","Metadata","HH4s5KExwH8",0,TRUE,0,0,"not applicable","not violated","not applicable","Video is a celebratory message with no medical claims or interventions."
"Youtube","Metadata","2VCoWG8sCng",0,TRUE,0,0,"not applicable","not applicable","not applicable","No specific information about treatments or interventions provided"
"Youtube","Metadata","XEARfmD4yHs",0,TRUE,0,0,"not applicable","not applicable","not applicable","Video appears to be a personal awareness message without medical claims."
"Youtube","Metadata","ffx8Yq7CWNI",0,FALSE,NA,NA,NA,NA,NA,NA
"Youtube","Metadata","sClf1AE5IlQ",1,TRUE,0,0,"not applicable","not applicable","not applicable","Video title does not contain any specific claims or information about mental health treatments or interventions."
"Youtube","Metadata","XSICXA8LyFA",0,TRUE,0,0,"not violated","not violated","not violated","Video presents accurate information about ashwagandha's effects on stress and anxiety, citing a peer-reviewed study."
"Youtube","Metadata","p-dSORvlAIY",0,TRUE,0,0,"not applicable","not violated","not applicable","Video discusses personal experience and importance of struggle, no medical claims or interventions mentioned."
"Youtube","Metadata","lREzP3sDYUI",0,TRUE,0.2,0,"not applicable","not applicable","not applicable","Video title suggests helpful tips, but no specific claims made, so likely not misinformation"
"Youtube","Metadata","xaxEHT1nDdM",0,TRUE,0,0,"not applicable","not violated","not applicable","Video promotes a community fundraiser and charity event, does not provide medical information or advice."
"Youtube","Metadata","WMlYOjBMoMQ",0,TRUE,0,0,"not violated","not violated","not violated","Video advises seeking official diagnosis and mentions meditation as a complementary tool, without making false claims."
"Youtube","Metadata","YEH73NCYX34",0,TRUE,0,0,"not applicable","not applicable","not applicable","Video presents a prayer for anxiety, which is a personal experience and not a medical claim."
"Youtube","Metadata","l1iHYY5H8mg",0,TRUE,0,0,"not applicable","not applicable","not applicable","Video title suggests general mental health awareness, no specific claims made"
"Youtube","Metadata","FqohaPpqpjc",0,TRUE,0,0,"not violated","not violated","not violated","Video promotes self-care and motivation, without providing false medical claims or discouraging evidence-based treatments."
"Youtube","Metadata","kGvNjCClf9g",1,TRUE,0.9,1,"violated","violated","violated","Speed and wealth are not established causes of depression prevention, contradicting medical consensus."
"Youtube","Metadata","T3No207BAOc",0,TRUE,0,0,"not applicable","not applicable","not applicable","Video appears to be a lighthearted, non-medical content promoting a food-related concept."
"Youtube","Metadata","TsJEz8SNvWs",0,TRUE,0,0,"not applicable","not violated","not applicable","Video only discusses awareness and warning signs, no medical claims or interventions mentioned"
"Youtube","Metadata","2GHRJva4ixY",0,TRUE,0,0,"not applicable","not violated","not applicable","Video appears to be about AI-generated art, not mental health information."
"Youtube","Metadata","x-4q_BVbLyk",0,TRUE,0,0,"not applicable","not violated","not applicable","Video discusses personal experience and emotional response to children's anxiety, without providing medical claims or interventions."
"Youtube","Metadata","f4aNsjG6DSc",0,TRUE,0,0,"not applicable","not applicable","not applicable","Video appears to be a humorous anecdote, not providing mental health information."
"Youtube","Metadata","sNmdOlHw9tA",0,TRUE,0,0,"not applicable","not applicable","not applicable","Video appears to be a personal account of anxiety, no medical claims or interventions mentioned."
"Youtube","Metadata","azSOkDF_I4w",0,TRUE,0,0,"not applicable","not violated","not applicable","Video shares personal experience, does not provide medical claims or interventions."
"Youtube","Metadata","Ru3mYwN_Pfo",0,TRUE,0,0,"not applicable","not violated","not applicable","Video title promotes a positive message without providing any medical claims."
"Youtube","Metadata","VCE2qCzOlKY",0,TRUE,0,0,"not applicable","not violated","not applicable","Video does not provide information on interventions, alignment with medical consensus, or evidence-based treatment."
"Youtube","Metadata","ibXssa_Usdw",0,TRUE,0,0,"not applicable","not applicable","not applicable","Video appears to be a personal account of living with AuDHD, no medical claims or interventions discussed."
"Youtube","Metadata","sN3Cp_fuIlo",0,TRUE,0,0,"not applicable","not applicable","not applicable","Video appears to be a fictional, entertainment-based content with no apparent mental health claims or information."
"Youtube","Metadata","AhJqmzBow4E",0,TRUE,0,0,"not applicable","not violated","not violated","Video does not provide medical claims, instead encourages seeking professional help."
"Youtube","Metadata","8e8lN2GvYv0",0,TRUE,0,0,"not applicable","not violated","not applicable","Video promotes awareness and acceptance of autism, does not contain medical claims."
"Youtube","Metadata","5n5CE4J4IZE",0,TRUE,0,0,"not applicable","not applicable","not applicable","Video appears to be a spiritual/religious message, not providing medical information or interventions."
"Youtube","Metadata","ftnS5k1Exlk",0,TRUE,0,0,"not applicable","not applicable","not applicable","Video title suggests personal experience, no medical claims apparent"
"Youtube","Metadata","AndZjQMrwyQ",0,TRUE,0,0,"not applicable","not violated","not applicable","Video appears to be a general discussion on ADHD and procrastination, no specific medical claims or interventions mentioned."
"Youtube","Metadata","UJLwNZ0tld0",1,TRUE,0.9,1,"violated","violated","violated","Video claims to cure depression with no evidence-based interventions, contradicting medical consensus."
"Youtube","Metadata","l4MMRInq7M4",0,TRUE,0,0,"not applicable","not violated","not violated","Video provides general information about PTSD without promoting unproven treatments or contradicting medical consensus."
"Youtube","Metadata","_-pjwq437YA",0,TRUE,0,0,"not applicable","not violated","not applicable","Video appears to be a personal account of living with bipolar disorder, without any medical claims or interventions."
"Youtube","Metadata","hF9dLAw1boE",1,TRUE,0.8,1,"not applicable","violated","not applicable","Video denies a causal link between trans identity and suicidal ideation, contradicting medical consensus."
"Youtube","Metadata","TQfZhNUPN9s",1,TRUE,0.8,1,"not violated","violated","not violated","Claims contradict current scientific consensus on transgender treatment, citing 'false ideology' and 'experimental medicalization'."
"Youtube","Metadata","RFuSrSuzCc0",0,TRUE,0,0,"not applicable","not violated","not applicable","Video provides a general definition of acute trauma without promoting misinformation or unproven treatments."
"Youtube","Metadata","po6qn9DJGaU",0,TRUE,0,0,"not applicable","not applicable","not applicable","Video appears to be a personal, emotional expression rather than a medical claim."
"Youtube","Metadata","Vn1S5EsD45o",0,TRUE,0,0,"not applicable","not violated","not applicable","Video appears to be a personal experience and awareness message about ADHD in women, without any medical claims."
"Youtube","Metadata","9voN1pzwTks",1,FALSE,NA,NA,NA,NA,NA,NA
"Youtube","Metadata","45Bc03Di7UU",1,TRUE,0,0,"not applicable","not applicable","not applicable","Video description does not contain any mental health information or claims."
"Youtube","Metadata","wqBAohnacCk",0,TRUE,0,0,"not applicable","not violated","not applicable","Video discusses a widely accepted concept in psychology: tolerance can lead to increased anxiety when substance use is stopped or reduced."
"Youtube","Metadata","PiEVS3tewbE",0,TRUE,0,0,"not applicable","not violated","not applicable","Video appears to be a personal account of living with OCD, no medical claims or misinformation."
"Youtube","Metadata","ghs3oO8vIqI",0,TRUE,0,0,"not applicable","not applicable","not applicable","Video appears to be a tour of a Disney house, no mental health information provided"
"Youtube","Metadata","vTLI3fmlJdI",0,TRUE,0,0,"not violated","not violated","not violated","Video presents accurate information on progesterone's role in anxiety and natural ways to increase progesterone levels."
"Youtube","Metadata","HBIfl_o93cU",0,TRUE,0,0,"not applicable","not violated","not violated","Video provides general advice on managing stress and anxiety, without making any false medical claims."
"Youtube","Metadata","pBt9OAs3YaU",0,TRUE,0,0,"not applicable","not violated","not applicable","Video does not provide any mental health information or claims."
"Youtube","Metadata","P8iIZmo73uY",0,TRUE,0,0,"not applicable","not applicable","not applicable","Video appears to be a personal anecdote about a relationship issue, not providing medical information."
"Youtube","Metadata","cmNAny-l6dU",0,TRUE,0.2,0,"not applicable","not applicable","not applicable","Video title suggests misinformation, but no content is available to assess"
"Youtube","Metadata","K8MoD7aEiwE",0,TRUE,0,0,"not applicable","not applicable","not applicable","Video title does not contain any specific claims or information about mental health treatments or interventions."
"Youtube","Metadata","bCbnJrh_PLQ",0,TRUE,0,0,"not applicable","not violated","not applicable","Video discusses personal experiences and coping mechanisms, no medical claims or misinformation."
"Youtube","Metadata","VJmHwDD4RV8",0,TRUE,0,0,"not applicable","not violated","not violated","Video provides general information about stress and counseling services without making any false medical claims."
"Youtube","Metadata","CFilk8vVBe8",1,TRUE,0.9,1,"violated","not applicable","not applicable","Unproven cure claim with no evidence or explanation"
"Youtube","Metadata","3fS21sjTNgk",0,TRUE,0,0,"not applicable","not applicable","not applicable","Video title suggests educational content, no indication of misinformation"
"Youtube","Metadata","ViB1YrWjLcM",0,TRUE,0,0,"not applicable","not applicable","not applicable","Video title and description do not contain mental health information"
"Youtube","Metadata","DKn5yUHYxhw",1,TRUE,0,0,"not applicable","not violated","not applicable","Video does not provide medical claims or interventions, only a personal anecdote."
"Youtube","Metadata","WLFVgnafcbM",0,TRUE,0,0,"not applicable","not applicable","not applicable","Video only asks about symptoms, no medical claims or interventions mentioned."
"Youtube","Metadata","7uDNYF-srTk",0,TRUE,0,0,"not applicable","not violated","not violated","Video provides a worksheet to help determine diagnostic criteria and encourages talking to a doctor, promoting evidence-based treatment."
"Youtube","Metadata","IeFx75P7GyQ",1,TRUE,0,0,"not applicable","not violated","not violated","Video discusses potential reasons for antidepressant ineffectiveness, does not provide misinformation."
"Youtube","Metadata","G79hhCdPxlI",0,TRUE,0,0,"not violated","not violated","not violated","Video provides general information on adderall shortage and offers tips for managing supplies, without promoting unproven treatments or contradicting medical consensus."
"Youtube","Metadata","1GPv1u9831I",0,TRUE,0,0,"not applicable","not violated","not violated","Video does not provide any mental health information or advice."
"Youtube","Metadata","pqsQjxDwKKI",0,TRUE,0,0,"not applicable","not applicable","not applicable","Video title suggests a general, non-specific discussion on breath and mental health, no specific claims made."
"Youtube","Metadata","erbXyUpLVus",0,TRUE,0,0,"not applicable","not applicable","not applicable","Video appears to be a personal anecdote, no medical claims or interventions discussed."
"Youtube","Metadata","bd4AyyVJfSg",0,TRUE,0,0,"not applicable","not violated","not applicable","Video title appears to be sensationalized, but does not provide any mental health information."
"Youtube","Metadata","AN8G04sUFVc",0,TRUE,0,0,"not applicable","not applicable","not applicable","Video is a personal anecdote without any medical claims or advice."
"Youtube","Metadata","tV7ccFnV6z4",0,TRUE,0,0,"not applicable","not applicable","not applicable","Video appears to be a promotional event for a live session, no mental health information provided."
"Youtube","Metadata","AN2-DxCiPVA",0,TRUE,0,0,"not applicable","not applicable","not applicable","Video title appears to be a commentary or critique, not providing medical information."
"Youtube","Metadata","lhuRuSguN_Y",1,TRUE,0.8,1,"not violated","violated","not violated","Kanye West's claim about a Jewish doctor diagnosing him with bipolar disorder and pumping him with meds contradicts medical consensus."
"Youtube","Metadata","nubEgLuWFTM",0,TRUE,0.8,1,"not applicable","violated","not applicable","Claim contradicts established understanding of sociopathy and emotional regulation."
"Youtube","Metadata","qQnEeQpIjC0",0,TRUE,0,0,"not applicable","not violated","not violated","Video presents a scientifically supported fact about the benefits of nature on mental health."
"Youtube","Metadata","4e9-6N3ffFA",0,TRUE,0,0,"not applicable","not applicable","not applicable","Video appears to be a lighthearted, humorous post about ADHD and neurodivergence, without any medical claims."
"Youtube","Metadata","-slve8ec_1g",1,TRUE,0,0,"not applicable","not applicable","not applicable","Video title suggests coping with anxiety, no specific claims made"
"Youtube","Metadata","wSpjYZWxG3E",0,FALSE,NA,NA,NA,NA,NA,NA
"Youtube","Metadata","ELNDPhTnqoQ",0,TRUE,0,0,"not applicable","not applicable","not applicable","Video appears to be a personal experience sharing, not providing medical information or advice."
"Youtube","Metadata","0F6rrGGTDCE",0,TRUE,0,0,"not applicable","not applicable","not applicable","Video appears to be a comedy skit, not providing mental health information."
"Youtube","Metadata","xItwPY-G0wY",0,TRUE,0,0,"not applicable","not applicable","not applicable","Video title suggests a discussion, but description lacks context and no claims are made."
"Youtube","Metadata","SsPFNgywqHQ",0,TRUE,0,0,"not applicable","not violated","not applicable","Video title and description do not contain specific medical claims or interventions."
"Youtube","Metadata","zNdct_3B_ZE",0,TRUE,0,0,"not applicable","not applicable","not applicable","Video appears to be a humorous anecdote, not providing medical information or advice."
"Youtube","Metadata","501f2k1y9W0",0,TRUE,0,0,"not applicable","not applicable","not applicable","Video title suggests inspirational or awareness content, no medical claims apparent."
"Youtube","Metadata","lRaANJuKScE",0,TRUE,0,0,"not violated","not violated","not violated","Video provides accurate information on anxiety symptoms and evidence-based coping mechanisms."
"Youtube","Metadata","TpwGmyLf2Jk",1,TRUE,0,0,"not applicable","not applicable","not applicable","No specific information about interventions, consensus, or treatment provided."
"Youtube","Metadata","70FM7M62_TI",0,TRUE,0,0,"not applicable","not applicable","not applicable","Video appears to be an advertisement for a fidget toy calendar, no mental health claims made."
"Youtube","Metadata","BxGK5gI4WEw",0,TRUE,0,0,"not violated","not violated","not violated","Video provides general sleep hygiene tips consistent with medical consensus and does not discourage evidence-based treatment."
"Youtube","Metadata","QLtouqQU3ME",0,TRUE,0,0,"not applicable","not applicable","not applicable","Video appears to be a personal anecdote or comedy sketch, not providing medical information."
"Youtube","Metadata","5q42Tj2Gw5U",0,TRUE,0,0,"not violated","not violated","not violated","Video discusses personal experience with schizophrenia while on medication, does not provide false medical claims."
"Youtube","Metadata","5a9SFaX_CEg",0,TRUE,0,0,"not applicable","not applicable","not applicable","Video appears to be a personal perspective on mental health, not providing medical claims or interventions."
"Youtube","Metadata","FGbvrsRdgEk",0,TRUE,0,0,"not applicable","not violated","not applicable","Video appears to be a personal opinion piece, not providing medical claims or interventions."
"Youtube","Metadata","nKe9RIRDMVw",0,TRUE,0,0,"not applicable","not applicable","not applicable","No information on interventions, consensus, or treatment provided"
"Youtube","Metadata","fCOV4lbFrsE",0,TRUE,0,0,"not violated","not violated","not violated","Video accurately describes Generalized Anxiety Disorder and encourages seeking medical help."
"Youtube","Metadata","SdC_5B-iaDE",1,TRUE,0,0,"not applicable","not violated","not violated","Video appears to be a motivational clip with no medical claims or advice."
"Youtube","Metadata","s1gSdCkEf-o",0,TRUE,0,0,"not applicable","not applicable","not applicable","Video appears to be a personal vlog about recovery from anorexia, not providing medical advice or claims."
"Youtube","Metadata","QZYfVcw9gmU",0,TRUE,0,0,"not applicable","not applicable","not applicable","Video discusses Disney Princess Theory, not mental health information or interventions."
"Youtube","Metadata","xTHHA9exb9s",0,TRUE,0,0,"not applicable","not violated","not violated","Video promotes seeking professional help and support, aligning with medical consensus."
"Youtube","Metadata","H5QI9xo1xOI",0,TRUE,0,0,"not applicable","not applicable","not applicable","Video appears to be a general awareness message without specific medical claims."
"Youtube","Metadata","hF9DepIPI3I",0,TRUE,0,0,"not applicable","not applicable","not applicable","Video appears to be educational and informative, no apparent false medical claims."
"Youtube","Metadata","NYVsd7vtdR8",0,TRUE,0.8,1,"not applicable","violated","not applicable","Denies existence of gender dysphoria as a valid mental health condition, contradicting medical consensus."
"Youtube","Metadata","jJjYkkDzEPM",0,TRUE,0,0,"not applicable","not applicable","not applicable","Video title suggests a hypothetical future event, no specific mental health claims made"
"Youtube","Metadata","mf81s35klLg",0,TRUE,0,0,"not applicable","not violated","not applicable","Video title and description do not contain any specific claims about mental health treatments or interventions."
"Youtube","Metadata","Y5JhFV37kCI",0,TRUE,0.9,1,"violated","violated","violated","Claiming a 'cure' for anorexia, a complex and chronic disorder, suggests unproven or misleading information."
"Youtube","Metadata","HOBQ71mdMbg",0,TRUE,0,0,"not applicable","not applicable","not applicable","Video appears to be a general awareness message, not providing any specific medical claims or misinformation."
"Youtube","Metadata","GIaNwh8wdbo",0,TRUE,0,0,"not applicable","not violated","not applicable","Video appears to be a humorous, relatable art piece, not providing medical information or advice."
"Youtube","Metadata","51dEvfAinZU",0,TRUE,0,0,"not applicable","not violated","not applicable","Video criticizes Gabbie Hanna's mental health advice, does not provide any advice itself."
"Youtube","Metadata","RiN8krXH-_U",0,TRUE,0,0,"not applicable","not violated","not applicable","Video appears to be a personal account of an individual's struggles with anorexia, without providing any medical claims or interventions."
"Youtube","Metadata","FQPz_dizvzA",1,TRUE,0,0,"not applicable","not violated","not applicable","Video does not provide any mental health information or claims, it appears to be a promotional video for Andrew Tate's channel and products."
"Youtube","Metadata","3lZiRXywXLY",0,TRUE,0,0,"not applicable","not applicable","not applicable","Video title suggests a lighthearted, personal perspective on ADHD, no medical claims apparent."
"Youtube","Metadata","tuKjuJraO4A",0,TRUE,0,0,"not applicable","not applicable","not applicable","Video title suggests self-medication, but no specific claims are made"
"Youtube","Metadata","S84Pjo0xgbQ",0,TRUE,0,0,"not violated","not violated","not violated","Video provides accurate information and promotes evidence-based treatment options."
"Youtube","Metadata","JaAM2Kc2ecM",1,TRUE,0,0,"not applicable","not violated","not applicable","Video does not provide specific mental health advice or interventions, and does not contradict medical consensus."
"Youtube","Metadata","v7BYFVUOlTM",0,TRUE,0,0,"not applicable","not violated","not applicable","Video presents a prayer for mental health, which is a personal experience and not a medical claim."
"Youtube","Metadata","-dcvAPBDhyg",0,TRUE,0,0,"not applicable","not violated","not applicable","Video title does not contain any medical claims or misinformation."
"Youtube","Metadata","uztpEwk2jFc",0,TRUE,0,0,"not applicable","not applicable","not applicable","Video appears to be a personal experience or awareness message, not providing medical claims or interventions."
"Youtube","Metadata","-20cMQKcbtg",0,TRUE,0,0,"not applicable","not applicable","not applicable","Video appears to be a personal anecdote or joke, not providing any mental health information."
"Youtube","Metadata","8oTrRXdFZ3M",0,TRUE,0,0,"not applicable","not violated","not applicable","Video appears to be a general awareness message about depression symptoms, no specific claims or interventions mentioned."
"Youtube","Metadata","wC5YCHS3pQ8",0,TRUE,0,0,"not applicable","not applicable","not applicable","Video appears to be a motivational sports video with no mental health information."
"Youtube","Metadata","3YiGN7OGnkQ",0,TRUE,0,0,"not applicable","not applicable","not applicable","Video expresses frustration, not providing medical claims or advice."
"Youtube","Metadata","maxAwL3z2gs",0,TRUE,0,0,"not violated","not violated","not violated","Video provides general information on vitamin D without making any claims about its effectiveness for anxiety or mental health."
"Youtube","Metadata","n5IEL3X1uqo",0,TRUE,0,0,"not applicable","not violated","not applicable","Video provides general information on BPD without making any false medical claims or promoting unproven treatments."
"Youtube","Metadata","8AOJJTXAEQs",0,TRUE,0,0,"not applicable","not applicable","not applicable","Video appears to be a general awareness message without specific medical claims."
"Youtube","Metadata","R5W4r8ZIomE",0,TRUE,0,0,"not applicable","not applicable","not applicable","Video appears to be a personal account of OCD symptoms, not providing medical claims or interventions."
"Youtube","Metadata","E-zt0lausAM",0,TRUE,0,0,"not applicable","not applicable","not applicable","Video appears to be a general, non-medical, and non-clinical discussion of sensory activities."
"Youtube","Metadata","9R2VOeiPMAA",0,TRUE,0,0,"not applicable","not applicable","not applicable","Video title suggests awareness and discussion, no explicit medical claims"
"Youtube","Metadata","H6DQDcgH9-o",1,TRUE,0.8,1,"not applicable","violated","not applicable","Claims schizophrenia as a spiritual gift contradict medical consensus on its diagnosis and treatment."
"Youtube","Metadata","jSYT7raFRiI",0,TRUE,0,0,"not applicable","not applicable","not applicable","Video appears to be a motivational clip with no medical claims or advice."
"Youtube","Metadata","eXkh4-YasF4",1,TRUE,0,0,"not applicable","not violated","not applicable","Video shares personal experience, does not provide medical claims or misinformation."
"Youtube","Metadata","dgSciNgu_Ac",0,TRUE,0,0,"not applicable","not applicable","not applicable","Video title and description do not provide any specific information about treatments or interventions."
"Youtube","Metadata","_d-pWbhC5yY",0,TRUE,0,0,"not applicable","not violated","not applicable","Video promotes autism acceptance and inclusion, with no medical claims or misinformation."
"Youtube","Metadata","GjWYdyrJlks",0,TRUE,0,0,"not applicable","not applicable","not applicable","Video appears to be a personal anecdote or motivational clip, lacking specific mental health information."
"Youtube","Metadata","ojiGCHY_9vU",0,TRUE,0,0,"not applicable","not applicable","not applicable","Video title suggests a supportive message, no specific claims made"
"Youtube","Metadata","FAr6GwkASl0",1,TRUE,0,0,"not applicable","not violated","not violated","Video discusses general dietary considerations for autism, without making specific, unsubstantiated claims."
"Youtube","Metadata","Py7ugezAlZs",0,TRUE,0,0,"not applicable","not applicable","not applicable","Video appears to be a personal account of a panic attack, no medical claims or interventions mentioned."
"Youtube","Metadata","BAWG8zL87Ts",0,TRUE,0,0,"not applicable","not applicable","not applicable","Video appears to be a personal anecdote about ADHD and exercise, without any medical claims."
"Youtube","Metadata","ePYCbycBgn0",0,TRUE,0,0,"not applicable","not applicable","not applicable","Video appears to be a personal anecdote about autism awareness, no medical claims made."
"Youtube","Metadata","D_EWjyZYnmQ",0,TRUE,0,0,"not applicable","not applicable","not applicable","Video title and description do not contain any specific claims or information about mental health interventions or treatments."
"Youtube","Metadata","qZT_3z5IEa0",0,TRUE,0,0,"not applicable","not applicable","not applicable","Video promotes personal reading experiences without making medical claims."
"Youtube","Metadata","22SU-5ni5vs",0,TRUE,0,0,"not applicable","not violated","not violated","Exercise has been consistently linked to improved mental health outcomes, including reduced symptoms of depression."
"Youtube","Metadata","GLb6Q9_XHHA",0,TRUE,0,0,"not applicable","not applicable","not applicable","Video title does not imply any specific claims or information about ADHD treatments or interventions."
"Youtube","Metadata","Ym1BiBXciMA",0,TRUE,0,0,"not applicable","not applicable","not applicable","Video appears to be a personal expression of art, not providing medical information or claims."
"Youtube","Metadata","Y83salNpzAo",0,TRUE,0,0,"not applicable","not applicable","not applicable","Video presents a prayer for anxiety, which is a personal experience and not a medical claim."
"Youtube","Metadata","fKFFzqe1uNI",0,TRUE,0,0,"not applicable","not applicable","not applicable","Video title does not contain any medical claims or information."
"Youtube","Metadata","KgDEatZqooo",0,TRUE,0,0,"not applicable","not applicable","not applicable","Video title does not contain any specific claims or information about mental health treatments or interventions."
"Youtube","Metadata","waVltXLvwaU",0,TRUE,0,0,"not violated","not violated","not violated","Video appears to be a legitimate sharing of Dr. Andrew Huberman's content, promoting general lifestyle tips and habits without making any false medical claims."
"Youtube","Metadata","GzvFeIvZHzw",0,TRUE,0,0,"not applicable","not applicable","not applicable","Video appears to be a family vlog with no discussion of mental health interventions or treatments."
"Youtube","Metadata","4tTkgyql540",0,TRUE,0,0,"not applicable","not applicable","not applicable","Video appears to be a personal anecdote, not providing any mental health information."
"Youtube","Metadata","da4nMAEQYkQ",0,TRUE,1,1,"not applicable","violated","not applicable","Video denies existence of mental illness, implying it's caused by supernatural entities."
"Youtube","Metadata","jwIqKe_sOjY",0,TRUE,0.2,0,"not applicable","not violated","not applicable","Video title suggests a critical perspective on school's impact on mental health, but no specific claims are made."
"Youtube","Metadata","tVb3tRB-w8A",1,TRUE,0,0,"not applicable","not violated","not violated","Video presents personal testimony without making false medical claims or promoting unproven treatments."
"Youtube","Metadata","VLuoYiDExNM",0,TRUE,0,0,"not applicable","not applicable","not applicable","Video title and description do not provide any information about mental health claims or interventions."
"Youtube","Metadata","r6gcPuVt4tg",0,TRUE,0,0,"not violated","not violated","not violated","Video promotes evidence-based treatments for depression, such as psychotherapy and mindfulness, and does not contain any false medical claims."
"Youtube","Metadata","OPQ8OdMTtsY",1,TRUE,0,0,"not applicable","not violated","not applicable","Video provides accurate and informative content about autism spectrum disorder, promoting understanding and acceptance."
"Youtube","Metadata","Xjiz3HMQ69c",0,TRUE,0,0,"not applicable","not violated","not violated","Video presents a motivational message without making any false medical claims about depression or its treatment."
"Youtube","Metadata","NySvMEf1Wl8",0,TRUE,0,0,"not violated","not violated","not violated","Video appears to be a promotional content with no medical claims or misinformation."
"Youtube","Metadata","2VlYe0cWCcc",0,TRUE,0,0,"not applicable","not violated","not applicable","Video appears to be educational and informative, listing unusual psychological disorders without promoting false claims or interventions."
"Youtube","Metadata","ttNsKrqSL5o",0,TRUE,0.8,1,"not applicable","violated","not applicable","Dopamine activity is not directly linked to schizophrenia; it's a complex neurochemical imbalance."
"Youtube","Metadata","n11vOGD4M2Y",0,TRUE,0,0,"not violated","not violated","not violated","Video presents acupuncture as a potential treatment for postnatal depression, without making any false claims or contradicting medical consensus."
"Youtube","Metadata","IqJE1fwddcE",0,TRUE,0.8,1,"not applicable","violated","not applicable","Video title suggests a sensationalized and potentially inaccurate portrayal of schizophrenia, contradicting medical consensus."
"Youtube","Metadata","3O3O_pXTk3g",1,TRUE,0,0,"not applicable","not applicable","not applicable","Video appears to be a prayer for OCD, not providing medical information or advice."
"Youtube","Metadata","9dmWYlmlDXs",0,TRUE,0,0,"not applicable","not applicable","not applicable","Video title does not contain any specific claims or information about mental health treatments or interventions."
"Youtube","Metadata","ATXBlWWLhLM",0,TRUE,0,0,"not applicable","not violated","not violated","Video does not contain any medical claims or interventions, and appears to be a general introduction to the channel."
"Youtube","Metadata","TX4Iv1gEFd0",0,TRUE,0,0,"not applicable","not violated","not violated","Video discusses hypothetical scenario without promoting unproven treatments or contradicting medical consensus."
"Youtube","Metadata","wKlBUm9YM5Y",0,TRUE,0,0,"not applicable","not violated","not applicable","Video appears to be a personal vlog about the creator's experience with anorexia recovery, without providing any medical claims or interventions."
"Youtube","Metadata","XIvgwh31Y0I",0,TRUE,0,0,"not applicable","not applicable","not applicable","Video title suggests awareness and identification of depression, not treatment or intervention."
"Youtube","Metadata","ARvogi1ndzw",0,TRUE,0,0,"not applicable","not applicable","not applicable","Video discusses car model's market viability, not mental health."
"Youtube","Metadata","lu3NHn3zD4M",1,TRUE,0,0,"not applicable","not violated","not applicable","Video appears to be a motivational or awareness message without specific medical claims."
"Youtube","Metadata","tBjzrJ-QrZ0",0,TRUE,0,0,"not applicable","not violated","not applicable","Video appears to be a heartwarming awareness campaign, promoting art and special education for children with autism, without any medical claims or misinformation."
"Youtube","Metadata","EpNQyQ6FSo0",0,TRUE,0.8,1,"violated","violated","violated","Video title suggests unproven or misleading claims about eliminating anxiety, potentially contradicting medical consensus."
"Youtube","Metadata","xj_NMYfRTAE",0,TRUE,0,0,"not applicable","not violated","not applicable","Video provides personal experience and awareness message without false medical claims."
"Youtube","Metadata","iHzrMT0u0ZA",0,TRUE,0,0,"not applicable","not violated","not applicable","Video does not provide information on interventions, alignment with medical consensus, or evidence-based treatment. It appears to be a promotional video for a YouTube channel."
"Youtube","Metadata","opNVstlrozg",1,TRUE,0,0,"not applicable","not applicable","not applicable","Video title suggests awareness and nuance, no explicit medical claims"
"Youtube","Metadata","ShQVByme3fM",0,TRUE,0,0,"not applicable","not applicable","not applicable","Video appears to be a personal account of hallucinations, no medical claims or interventions discussed."
"Youtube","Metadata","9rHW2vN1SVQ",0,TRUE,0,0,"not applicable","not violated","not violated","Video discusses mental health's importance for weight loss, aligning with medical consensus."
"Youtube","Metadata","WlONLaUuCMs",0,TRUE,0,0,"not applicable","not violated","not applicable","Video title suggests awareness and support, no specific medical claims made"
"Youtube","Metadata","LZG6ocf28oY",0,TRUE,0,0,"not applicable","not violated","not violated","Video promotes general stress management techniques without making any false medical claims."
"Youtube","Metadata","F-LbUkIMwlY",1,TRUE,0,0,"not applicable","not violated","not applicable","Video appears to be satire or humorous commentary, not providing medical information or promoting unproven treatments."
"Youtube","Metadata","2XWIJLDTw3I",0,TRUE,0.8,1,"not applicable","violated","not applicable","The video implies that people are 'faking' autism, which contradicts medical consensus on autism spectrum disorder."
"Youtube","Metadata","Z2SUM-6uppg",0,TRUE,0,0,"not violated","not violated","not violated","Video promotes evidence-based strategies for promoting mental health in the workplace."
"Youtube","Metadata","s0XDNfVwum8",0,TRUE,0,0,"not applicable","not applicable","not applicable","Video appears to be a lighthearted, personal expression with no medical claims."
"Youtube","Metadata","C7mOxPCRB6U",0,TRUE,0,0,"not applicable","not applicable","not applicable","Video appears to be a personal account of recovery, no medical claims made."
"Youtube","Metadata","azC_jsgJPF8",1,TRUE,0,0,"not applicable","not violated","not applicable","Video appears to be an introductory explanation of depression, without providing any specific interventions or treatments."
"Youtube","Metadata","vdymO4ejH4s",0,TRUE,0,0,"not applicable","not applicable","not applicable","Video is a brief bio and does not contain any mental health information"
"Youtube","Metadata","gwlaME7KAz0",0,TRUE,0,0,"not applicable","not violated","not applicable","Video provides general information and awareness about depression, without making any false medical claims or promoting unproven treatments."
"Youtube","Metadata","yEj9ReWx-4I",0,TRUE,0,0,"not applicable","not applicable","not applicable","Video appears to be a personal expression of anxiety, no medical claims made."
"Youtube","Metadata","un87txktclU",0,TRUE,0.2,0,"not applicable","not applicable","not applicable","No specific claims or information about interventions, consensus, or evidence-based treatment provided"
"Youtube","Metadata","V6UrhD7XKpw",0,TRUE,0,0,"not applicable","not violated","not applicable","Video appears to be a summary of a scientific article, presenting accurate information about bipolar disorder."
"Youtube","Metadata","0zbuCsFFrxs",0,TRUE,0,0,"not applicable","not applicable","not applicable","Video appears to be a personal vlog with affiliate links, no medical claims or misinformation."
"Youtube","Metadata","Z2-263iTC3o",0,TRUE,0,0,"not applicable","not applicable","not applicable","No specific claims or interventions mentioned in the video description."
"Youtube","Metadata","J94iXSoTrl8",0,TRUE,0,0,"not applicable","not violated","not applicable","Video discusses terminology and personal perspective, no medical claims or misinformation."
"Youtube","Metadata","Q5ydCZrGVak",0,TRUE,0.8,1,"violated","violated","not applicable","Claims energy healing as a treatment for depression without evidence."
"Youtube","Metadata","RNGBRZTx79E",1,TRUE,0.8,1,"not applicable","violated","not applicable","Denies existence of mental illness, contradicting medical consensus."
"Youtube","Metadata","NDth6RTupfI",0,TRUE,0,0,"not violated","not violated","not violated","Video discusses addressing suicide prevention and firearms safety, aligning with medical consensus and promoting evidence-based approaches."
"Youtube","Metadata","iJncRZQHU3w",1,TRUE,0.2,0,"not applicable","not applicable","not applicable","Video title suggests helpful content, but no information is available to assess"
"Youtube","Metadata","s1BxqnCpRzA",0,TRUE,0,0,"not applicable","not applicable","not applicable","Video appears to be a comedy sketch with no mental health information"
"Youtube","Metadata","LCyXbex1QM8",0,TRUE,0,0,"not applicable","not violated","not applicable","Video appears to be educational and based on DSM-V diagnostic criteria, no misinformation detected."
"Youtube","Metadata","Hxmb0Oa850A",0,TRUE,0,0,"not applicable","not violated","not applicable","Video discusses personal experience with hallucinogens and schizophrenia, does not provide medical claims or interventions."
"Youtube","Metadata","umDbarMXl1s",0,TRUE,0,0,"not applicable","not applicable","not applicable","Video appears to be a personal account of mental health struggles, no medical claims or interventions mentioned."
"Youtube","Metadata","OiARN50RBcQ",1,TRUE,0,0,"not applicable","not applicable","not applicable","Video appears to be a personal anecdote or awareness message, no medical claims made."
"Youtube","Metadata","A3e1pwVg6bs",0,TRUE,0.8,1,"not applicable","violated","not applicable","Video likely promotes unproven or pseudoscientific claims about mental illness causes."
"Youtube","Metadata","4l0QPOCpfzY",0,TRUE,0,0,"not applicable","not applicable","not applicable","Video title suggests awareness or personal experience, no medical claims apparent"
"Youtube","Metadata","pXzHN2bvgJM",0,TRUE,0,0,"not applicable","not violated","not violated","Video discusses men's mental health within the Manosphere, promoting open dialogue and support, without providing false medical claims or discouraging evidence-based treatment."
"Youtube","Metadata","-6BWao7HgE8",1,TRUE,0,0,"not applicable","not violated","not applicable","Video presents a personal anecdote and a Bible verse, without making any medical claims or promoting unproven treatments."
"Youtube","Metadata","szK-y3kgt7Q",0,TRUE,0,0,"not applicable","not applicable","not applicable","Video does not contain any information about interventions, medical consensus, or evidence-based treatment."
"Youtube","Metadata","u1r43GNrtzA",0,TRUE,0,0,"not applicable","not applicable","not applicable","Video does not discuss mental health or provide any information, so none of the criteria are applicable."
"Youtube","Metadata","66JGqDLJ4QM",0,TRUE,0,0,"not applicable","not violated","not applicable","The video does not contain any medical claims or interventions, and it appears to be a personal vlog documenting a family's experiences with a child with disabilities."
"Youtube","Metadata","3pkXLOdtWSE",0,TRUE,0,0,"not applicable","not applicable","not applicable","Video title suggests anxiety relief through pictures, but no specific claims or information are provided."
"Youtube","Metadata","LInEgQJnzoc",0,TRUE,0,0,"not applicable","not applicable","not applicable","Video title suggests personal experience, not medical claims"
"Youtube","Metadata","62lcuqA1S6Q",0,TRUE,0,0,"not violated","not violated","not violated","Video provides general information on apathy, its causes, and promotes therapy as an option without spreading misinformation."
"Youtube","Metadata","L_I-7ltNZyE",0,TRUE,0,0,"not applicable","not violated","not applicable","Video appears to be a personal Q&A session with a schizophrenia advocate, promoting awareness and support, without providing medical claims or interventions."
"Youtube","Metadata","6tTr9dn9bQc",0,TRUE,0.8,1,"not applicable","violated","not applicable","Claims that over sensitivity creates mental illness contradict medical consensus on mental health causes."
"Youtube","Metadata","OCRKI5WYk6k",0,TRUE,0,0,"not applicable","not violated","not violated","Video provides general warning signs of addiction without promoting unproven treatments or contradicting medical consensus."
"Youtube","Metadata","qt2Bpryqnv0",0,TRUE,0,0,"not applicable","not applicable","not applicable","Video appears to be a personal vlog with no medical claims or advice."
"Youtube","Metadata","3Y4qKvB1R6s",0,TRUE,0,0,"not applicable","not violated","not applicable","Video presents personal experience and advocacy for mental health awareness, without providing false medical claims or discouraging evidence-based treatment."
"Youtube","Metadata","7EAx33wtx9w",0,TRUE,0.2,0,"not applicable","not violated","not violated","Video title and description suggest a neutral, informative approach to OCD treatment options."
"Youtube","Metadata","QnCVCHKayOw",0,TRUE,0,0,"not applicable","not applicable","not applicable","Video title does not contain any medical claims or information."
"Youtube","Metadata","p_hOzP7toUc",0,TRUE,0,0,"not applicable","not applicable","not applicable","Video is a personal reflection and does not provide any medical claims or advice."
"Youtube","Metadata","8WpPws3sonY",0,TRUE,0,0,"not applicable","not applicable","not applicable","Video title suggests awareness and understanding of POCD, no misinformation apparent"
"Youtube","Metadata","8-2-4pmwDBw",1,TRUE,0,0,"not applicable","not applicable","not applicable","Video title suggests helpful advice, but no specific claims made"
"Youtube","Metadata","s-yy4LowrdU",0,TRUE,0,0,"not applicable","not violated","not applicable","Video shares personal experience and awareness message without providing false medical claims."
"Youtube","Metadata","0I4leK5RS8g",1,TRUE,0,0,"not applicable","not applicable","not applicable","No information provided to evaluate"
"Youtube","Metadata","Pnh7l_SiR_0",0,TRUE,0.2,0,"not applicable","not applicable","not applicable","Video title suggests helpful tips, but no specific claims made, so cannot assess for misinformation"
"Youtube","Metadata","i7aZs6OPT_Y",0,TRUE,0,0,"not applicable","not violated","not applicable","Video discusses a general topic (mental health in schools) without providing any specific information or claims that could be considered misinformation."
"Youtube","Metadata","2Itm-DRkhSs",0,TRUE,0,0,"not applicable","not applicable","not applicable","Video appears to be a motivational message with no medical claims or interventions."
"Youtube","Metadata","PGu2-QOfLBA",0,TRUE,0,0,"not applicable","not applicable","not applicable","Video title suggests explanation, not promotion of misinformation"
"Youtube","Metadata","YAv6DWGwM0o",0,TRUE,0,0,"not applicable","not applicable","not applicable","No specific information about interventions, consensus, or treatment presented."
"Youtube","Metadata","3QHBfE64LHU",0,TRUE,0,0,"not applicable","not violated","not violated","Video provides a worksheet to help determine diagnostic criteria and encourages talking to a doctor, promoting evidence-based treatment."
"Youtube","Metadata","om-iqGmwMvA",0,TRUE,0,0,"not applicable","not violated","not applicable","Video discusses general well-being and relationships without making specific medical claims."
"Youtube","Metadata","_aPT9EpeDZU",1,TRUE,0,0,"not applicable","not applicable","not applicable","No specific information on interventions, consensus, or evidence-based treatment is provided."
"Youtube","Metadata","Xxz59AoBQcw",0,TRUE,0,0,"not applicable","not applicable","not applicable","Video title appears to be a general awareness message without any specific medical claims."
"Youtube","Metadata","lwQ01TsuPLA",0,TRUE,0,0,"not applicable","not applicable","not applicable","Video title suggests awareness and discussion, no specific claims made"
"Youtube","Metadata","e4-NNSFIZNs",0,TRUE,0,0,"not applicable","not applicable","not applicable","Video title suggests awareness and education, no explicit medical claims"
"Youtube","Metadata","s18lVVyFLYk",0,TRUE,0,0,"not applicable","not violated","not violated","Video does not provide specific claims about mental health interventions or causes of personality disorder."
"Youtube","Metadata","9gRBpX5dE90",0,TRUE,0,0,"not applicable","not violated","not applicable","The video does not provide any information on interventions, medical consensus, or evidence-based treatment. It appears to be a Q&A session with a person with schizophrenia, discussing their personal experiences."
"Youtube","Metadata","XOB_FYvRO5g",0,TRUE,0,0,"not applicable","not violated","not applicable","Video title appears to be a factual statement about Hitler's mental health, without promoting any treatments or interventions."
"Youtube","Metadata","kYZtrLHUNLM",0,TRUE,0,0,"not violated","not violated","not violated","Video discusses a neuroscientist's explanation of a phenomenon, without promoting unproven treatments or contradicting medical consensus."
"Youtube","Metadata","c4QyR8zSkdQ",0,TRUE,0,0,"not applicable","not applicable","not applicable","No information on interventions, consensus, or evidence-based treatment is provided."
"Youtube","Metadata","tMTLAaU2dFk",0,TRUE,0,0,"not applicable","not violated","not applicable","Video only mentions schizophrenia as a hereditary condition, no specific claims or interventions mentioned."
"Youtube","Metadata","RfNeRx02Xns",0,TRUE,0,0,"not applicable","not applicable","not applicable","Video title and description do not contain any mental health information"
"Youtube","Metadata","CMucg9dZK7E",0,TRUE,0.9,1,"violated","violated","violated","Claiming schizophrenia is cured by nature contradicts medical consensus and discourages evidence-based treatment."
"Youtube","Metadata","a_4DmDyMTa8",1,TRUE,0.8,1,"not applicable","violated","not applicable","Claims that autism is caused by 'demons' contradict medical consensus on autism's neurodevelopmental origins."
"Youtube","Metadata","omnqeiNj-4U",0,TRUE,0,0,"not applicable","not applicable","not applicable","Video appears to be an educational comparison of OCD and ADHD, no medical claims made."
"Youtube","Metadata","rkK06N3cgiA",0,TRUE,0,0,"not applicable","not applicable","not applicable","Video appears to be a personal anecdote about ADHD, no medical claims made."
"Youtube","Metadata","l7-hbQHrMyg",0,TRUE,0,0,"not applicable","not applicable","not applicable","Video appears to be a personal achievement story, not providing any mental health information."
"Youtube","Metadata","bKdwHofYqhc",0,TRUE,0,0,"not applicable","not violated","not violated","Video provides personal experiences and awareness message without false medical claims."
"Youtube","Metadata","y6lz8sJaqsk",0,TRUE,0,0,"not applicable","not applicable","not applicable","Video title suggests a humorous, lighthearted content, unrelated to mental health information."
"Youtube","Metadata","_zro7CtfM34",0,TRUE,0,0,"not applicable","not applicable","not applicable","Video appears to be a personal venting session with no medical claims or interventions."
"Youtube","Metadata","lF15GflGyIU",0,TRUE,0,0,"not applicable","not applicable","not applicable","Video title does not contain any medical claims or information."
"Youtube","Metadata","xMCVBQNlD00",0,TRUE,0,0,"not violated","not violated","not violated","Video presents research-based information on omega-3 supplements for anxiety, without making false claims."
"Youtube","Metadata","ikdcp3OOJBo",0,TRUE,0,0,"not applicable","not applicable","not applicable","Video appears to be an awareness message or educational content without medical claims."
"Youtube","Metadata","6RaXv-m8K9U",0,TRUE,0,0,"not applicable","not applicable","not applicable","Video title suggests ADHD management through cleaning and motivation, no specific claims made"
"Youtube","Metadata","IgeDksPm-uk",0,TRUE,0,0,"not applicable","not violated","not violated","Video provides general tips for seasonal depression without making any false medical claims."
"Youtube","Metadata","kl36liiKqhk",0,TRUE,0.8,1,"violated","not applicable","not applicable","Video implies a specific intervention (stopping her from grabbing things) without providing evidence or expert advice."
"Youtube","Metadata","tFkNw-mkBT8",0,TRUE,0,0,"not applicable","not applicable","not applicable","Video appears to be a compilation of celebrity clips without any medical claims or advice."
"Youtube","Metadata","OERUqUnLzxw",0,TRUE,0,0,"not applicable","not violated","not applicable","Video title aligns with medical consensus that addiction is a mental health disorder."
"Youtube","Metadata","a0-jlB-sRho",0,TRUE,0,0,"not applicable","not applicable","not applicable","Video appears to be a personal anecdote about autism awareness, no medical claims or interventions mentioned."
"Youtube","Metadata","sQ9iinqa-KE",0,TRUE,0,0,"not applicable","not applicable","not applicable","Video appears to be a personal experience sharing, no medical claims made."
"Youtube","Metadata","4eZnWEOmdsc",0,TRUE,0,0,"not applicable","not violated","not applicable","Video is a comedy podcast discussing autism, not providing medical information or promoting misinformation."
"Youtube","Metadata","Gz_Zg4kPy44",0,TRUE,0,0,"not applicable","not violated","not violated","Video presents a prayer for mental health, which is a personal experience and not a medical claim."
"Youtube","Metadata","IFImSEAaMz0",0,TRUE,0,0,"not applicable","not violated","not applicable","Video appears to be a general awareness message debunking a common myth, without promoting any specific interventions or treatments."
"Youtube","Metadata","JISZdOhsCBs",0,TRUE,0,0,"not applicable","not applicable","not applicable","Video title does not contain any medical claims or information."
"Youtube","Metadata","Cvu_iRftVwY",0,TRUE,0,0,"not applicable","not applicable","not applicable","Video is a comedy podcast discussing mental health, not providing medical information."
"Youtube","Metadata","7PxNgif85bE",0,TRUE,0,0,"not applicable","not applicable","not applicable","Video title suggests educational content, no specific claims made"
"Youtube","Metadata","BcKuX6TV1To",0,TRUE,0,0,"not applicable","not violated","not applicable","Video discusses a social trend, not providing medical advice or claims."
"Youtube","Metadata","QIsCSHSSz1Y",0,TRUE,0,0,"not applicable","not applicable","not applicable","No information provided to evaluate"
"Youtube","Metadata","ee-f_yu9nQg",0,TRUE,0,0,"not applicable","not applicable","not applicable","Video title suggests awareness message, no specific medical claims"
"Youtube","Metadata","IAvQFhyNTeE",0,TRUE,0,0,"not applicable","not violated","not applicable","Video provides accurate information about schizophrenia phases and encourages seeking medical advice."
"Youtube","Metadata","5WkUpvW853E",1,TRUE,0,0,"not applicable","not violated","not applicable","Video appears to be a motivational speech without providing medical claims or interventions."
"Youtube","Metadata","4A08pjnzAp8",0,TRUE,0,0,"not applicable","not violated","not applicable","Video appears to be a news summary, does not provide medical claims or interventions."
"Youtube","Metadata","msZG1Cryu-c",0,TRUE,0,0,"not applicable","not applicable","not applicable","Video title suggests a personal experience or anecdote, not a medical claim."
"Youtube","Metadata","CPhqdth_bAk",0,TRUE,0,0,"not applicable","not applicable","not applicable","Video contains inspirational quotes and motivational messages without providing any medical claims or interventions."
"Youtube","Metadata","lpY0FFG9oBM",0,FALSE,NA,NA,NA,NA,NA,NA
"Youtube","Metadata","6lc4sXrjTow",0,TRUE,0.8,1,"not applicable","violated","not applicable","The video presents a false dichotomy between two mental health conditions, implying they are mutually exclusive."
"Youtube","Metadata","jslKU7vIxeY",0,TRUE,0,0,"not applicable","not violated","not violated","Video does not contain medical claims or interventions, only promotional links and social media handles."
"Youtube","Metadata","caJpg6F81jo",0,TRUE,0,0,"not applicable","not applicable","not applicable","Video title and description do not contain any specific claims or information about mental health."
"Youtube","Metadata","WDymiiSfS4s",0,TRUE,0,0,"not applicable","not applicable","not applicable","Video appears to be a personal experience or awareness message, no medical claims or interventions mentioned."
"Youtube","Metadata","q7EYMLToHjE",0,TRUE,0,0,"not applicable","not applicable","not applicable","Video appears to be a personal account of overcoming hoarding disorder, no medical claims or interventions mentioned."
"Youtube","Metadata","_dLWisnAySY",0,TRUE,0,0,"not applicable","not violated","not applicable","Video provides general support and awareness, without promoting or discussing specific interventions or treatments."
"Youtube","Metadata","tyUlVGtmXZg",0,TRUE,0,0,"not applicable","not violated","not violated","Video appears to be a short motivational clip referencing a longer video by Kati Morton, a licensed therapist, and does not contain any medical claims or misinformation."
"Youtube","Metadata","jqffqAJRRLY",0,TRUE,0,0,"not applicable","not applicable","not applicable","Video title suggests a personal perspective on ADHD, no specific claims made"
"Youtube","Metadata","x1cj_NIx49M",1,TRUE,0,0,"not applicable","not applicable","not applicable","Video appears to be a spiritual/religious message, not providing medical information or advice."
"Youtube","Metadata","PwdAw2nE-s0",0,TRUE,0,0,"not applicable","not violated","not violated","Video discusses mental health awareness and personal experiences, without providing medical claims or promoting unproven treatments."
"Youtube","Metadata","ao9QHIrU3_Y",0,TRUE,0,0,"not applicable","not applicable","not applicable","Video appears to be a personal experience and awareness message about ADHD hyperfixations, without any medical claims."
"Youtube","Metadata","9whgryk-jdY",0,TRUE,0,0,"not applicable","not violated","not applicable","Video appears to be a theological discussion with no mental health claims or interventions."
"Youtube","Metadata","8bsZGvE9pkU",0,TRUE,0,0,"not applicable","not applicable","not applicable","Video title appears to be a metaphorical expression, no specific claims made about mental health treatments or interventions."
"Youtube","Metadata","Ikx_gtjKBp0",0,TRUE,0,0,"not applicable","not applicable","not applicable","Video appears to be a personal experience or awareness message, no medical claims made."
"Youtube","Metadata","_gg8rAVtr5o",1,TRUE,0,0,"not applicable","not violated","not violated","Video title suggests helpful content, but no information is provided to assess."
"Youtube","Metadata","FpS1Rsb1edc",0,TRUE,0,0,"not violated","not violated","not violated","The video does not provide any medical claims or advice, but rather shares a personal experience and promotes awareness and support for schizophrenia."
"Youtube","Metadata","Ya8QvEz_pqs",0,TRUE,0,0,"not applicable","not violated","not applicable","Video appears to be a promotional or awareness video, not providing any medical claims or interventions."
"Youtube","Metadata","hlgaBBtsJEI",1,TRUE,0.8,1,"violated","violated","violated","Video title suggests a single 'cure' for mental health, implying a simplistic solution."
"Youtube","Metadata","U8WqEszw0ZY",0,TRUE,0.2,0,"not applicable","not applicable","not applicable","No specific claims made, may be a general awareness message"
"Youtube","Metadata","-gCSzvsCWCU",0,TRUE,0.8,1,"not applicable","violated","not applicable","Contradicts current scientific consensus that autism is a treatable neurodevelopmental disorder."
"Youtube","Metadata","yWGD0CocLXA",0,TRUE,0.8,1,"not applicable","violated","not applicable","Claims Satan causes anxiety contradict medical consensus on anxiety causes."
"Youtube","Metadata","GA7oKrNNyFo",0,TRUE,0,0,"not applicable","not violated","not applicable","Video provides general awareness and encourages seeking help, without promoting misinformation."
"Youtube","Metadata","eM2wDYtggAM",0,TRUE,0,0,"not applicable","not applicable","not applicable","Video title and description do not contain any specific mental health claims or advice."
"Youtube","Metadata","Tses1eKubME",0,TRUE,0,0,"not violated","not violated","not violated","Video promotes awareness and understanding of mental health, without providing misinformation or promoting unproven treatments."
"Youtube","Metadata","cBH6kwEoy6w",0,TRUE,0,0,"not violated","not violated","not violated","Video provides personal tips and a link to a diagnostic worksheet, without making any false medical claims."
"Youtube","Metadata","ULCpQIkiixg",0,TRUE,0,0,"not violated","not violated","not violated","Video promotes self-awareness, healthy expression, and evidence-based talk therapy without spreading misinformation."
"Youtube","Metadata","SruTpupF20k",0,TRUE,0,0,"not applicable","not applicable","not applicable","Video appears to be a personal statement and awareness message, without any medical claims or interventions."
"Youtube","Metadata","DPmkskPbsuI",0,TRUE,0,0,"not applicable","not violated","not applicable","Video appears to be a personal account of recovery, not providing medical advice or misinformation."
"Youtube","Metadata","-HSKuYeOZyY",0,TRUE,0,0,"not violated","not violated","not violated","Video provides accurate and evidence-based grounding techniques for anxiety management."
"Youtube","Metadata","6mLnW-g39Rg",1,TRUE,0,0,"not violated","not violated","not violated","Video presents balanced view of fish oil's potential benefits, citing some evidence but also acknowledging inconclusiveness."
"Youtube","Metadata","Ucemr3N4mMI",0,TRUE,0.2,0,"not violated","not violated","not violated","Video promotes general mental health awareness and suggests two rules to follow, but lacks specific medical claims or interventions."
"Youtube","Metadata","v8dEHmvwwnQ",0,TRUE,0,0,"not applicable","not violated","not applicable","Video appears to be a spiritual or faith-based approach to anxiety relief, which is not necessarily misinformation."
"Youtube","Metadata","0wXg2ngro9M",0,TRUE,0,0,"not applicable","not applicable","not applicable","Video appears to be educational and informative, no apparent false medical claims."
"Youtube","Metadata","aPpQgvZYToo",0,TRUE,0,0,"not applicable","not applicable","not applicable","Video title suggests gentle autism management, no specific claims made"
"Youtube","Metadata","IX2h1gcLXkU",0,TRUE,0,0,"not violated","not violated","not violated","Video provides educational content on mental health, promotes therapy, and does not contain misinformation."
"Youtube","Metadata","Y_FErNCZ7g8",0,TRUE,0,0,"not applicable","not applicable","not applicable","Video appears to be a personal, non-medical post with no claims about treatments or interventions."
"Youtube","Metadata","XQh5vlmEKHY",0,TRUE,0,0,"not applicable","not violated","not applicable","Video only provides a factual description of OCD, no medical claims or interventions mentioned."
"Youtube","Metadata","jUF1K9rsh9o",0,TRUE,0.2,0,"not applicable","not violated","not applicable","Video appears to be educational, comparing mood disorders and ADHD mood swings without promoting misinformation."
"Youtube","Metadata","IlsEZLs1PUI",1,TRUE,0.8,1,"not applicable","violated","not applicable","Claim contradicts medical consensus: Tylenol use in pregnancy is not a proven risk factor for ADHD or Autism."
"Youtube","Metadata","bib-90wfm1s",0,TRUE,0,0,"not applicable","not violated","not applicable","Video appears to be a general awareness message about recognizing signs of behavioral addictions, without providing any misleading or inaccurate information."
"Youtube","Metadata","1gJa2-Z11Qs",1,TRUE,0,0,"not applicable","not applicable","not applicable","Video title suggests a discussion, not a presentation of medical claims."
"Youtube","Metadata","E4VvdPsS6B0",0,TRUE,0.8,1,"not applicable","violated","not applicable","Claims that mental illness is the viewer's fault contradict current scientific consensus on mental health."
"Youtube","Metadata","vzM2YJeAIUU",0,TRUE,0.8,1,"violated","not violated","not violated","Claiming shoes can treat ADHD is an unproven and misleading intervention."
"Youtube","Metadata","r4pnYvpJtKA",0,TRUE,0,0,"not applicable","not applicable","not applicable","Video provides calming music without making any medical claims."
"Youtube","Metadata","BAVHze_aoCY",0,TRUE,0.8,1,"violated","violated","violated","Claims about antidepressants in water contradict scientific consensus and may discourage evidence-based treatment."
"Youtube","Metadata","9ThZOOXJvIg",0,TRUE,0,0,"not applicable","not violated","not violated","Video provides general support and coping tips without making any false medical claims."
"Youtube","Metadata","iVVIrk9aFes",0,TRUE,0.8,1,"violated","violated","violated","Video title suggests alcohol consumption as a reason for depression, contradicting medical consensus."
"Youtube","Metadata","NxHUrzyrBsI",0,TRUE,0,0,"not applicable","not applicable","not applicable","Video appears to be a meme, not providing mental health information"
"Youtube","Metadata","67-_cxW5GsM",0,TRUE,0,0,"not applicable","not applicable","not applicable","Video title suggests a discussion of OCD subtypes, no explicit claims made"
"Youtube","Metadata","DLJLH3vm3Ec",0,TRUE,0,0,"not applicable","not applicable","not applicable","Video appears to be a personal experience and relatable content, not providing medical claims or interventions."
"Youtube","Metadata","i9-mEza2vbY",0,TRUE,0,0,"not applicable","not violated","not applicable","Video does not provide any information about mental health interventions or treatments."
"Youtube","Metadata","bWUoFJwf-s4",0,TRUE,0,0,"not applicable","not applicable","not applicable","Video appears to be a comedy sketch, not providing mental health information."
"Youtube","Metadata","lKuYRcumQLg",0,TRUE,0,0,"not applicable","not violated","not applicable","Video discusses the risks of self-diagnosis and seeking information on the internet, promoting awareness and caution."
"Youtube","Metadata","ul3UE8Z8EX8",1,TRUE,0,0,"not applicable","not applicable","not applicable","Video title suggests a discussion on Islamic teachings, not a medical or therapeutic intervention."
"Youtube","Metadata","3ePM7727_ug",1,TRUE,0.9,1,"violated","violated","violated","Andrew Tate advises against evidence-based treatment for depression, promoting exercise as a cure instead."
"Youtube","Metadata","DOta5VO4LI8",0,TRUE,0,0,"not applicable","not applicable","not applicable","Video appears to be a personal venting session without any medical claims or advice."
"Youtube","Metadata","uSB31DnftkM",0,TRUE,0,0,"not applicable","not violated","not violated","Video does not provide any mental health information or claims, focusing on promoting a free training and online business growth."
"Youtube","Metadata","sJ1W2gzoNyY",0,TRUE,0,0,"not applicable","not applicable","not applicable","Video title suggests a comedy sketch about parenting and anxiety, no medical claims made."
"Youtube","Metadata","IOGKwaBmjnQ",0,TRUE,0,0,"not violated","not violated","not violated","Video presents historical fact about ancient Greek physician's treatment, which aligns with modern understanding of lithium's effects."
"Youtube","Metadata","B9StQM7O_SU",1,TRUE,0.8,1,"not applicable","violated","not applicable","Video implies listening to the Holy Ghost is a treatment for depression, contradicting medical consensus."
"Youtube","Metadata","SJ5JN3GoEtc",0,TRUE,0,0,"not applicable","not applicable","not applicable","Video appears to be a lighthearted, humorous take on social anxiety, without providing any medical claims or advice."
"Youtube","Metadata","HpESXb-KXrU",0,TRUE,0,0,"not applicable","not applicable","not applicable","Video appears to be a sensationalized or attention-grabbing title, but does not provide any information about mental health interventions, consensus, or evidence-based treatment."
"Youtube","Metadata","Y1JMsfxGUZ4",0,TRUE,0,0,"not applicable","not applicable","not applicable","Video appears to be a prayer or spiritual practice, not providing medical information."
"Youtube","Metadata","MtfDPN7BHag",0,TRUE,0,0,"not applicable","not violated","not violated","Video presents a neutral, informative discussion on anxiety and faith without promoting unproven treatments or contradicting medical consensus."
"Youtube","Metadata","nsm5QK1fFgY",0,TRUE,0,0,"not applicable","not violated","not violated","Video accurately describes prevalence of depressive episodes in Bipolar Disorder, without making any false claims or promoting unproven treatments."
"Youtube","Metadata","CxmWzYTg95s",0,TRUE,0,0,"not applicable","not applicable","not applicable","Video title suggests a calming or spiritual message, no medical claims apparent."
"Youtube","Metadata","xY6K2YoNB1c",0,TRUE,0,0,"not applicable","not applicable","not applicable","Video appears to be a personal experience sharing, not providing medical claims or advice."
"Youtube","Metadata","oBYHVIyRsPI",0,TRUE,0,0,"not violated","not violated","not violated","Video presents evidence-based information on ADHD treatment and research-backed tips."
"Youtube","Metadata","kklTNZKx2jk",0,TRUE,0,0,"not applicable","not applicable","not applicable","Video title suggests awareness message, no specific claims made"
"Youtube","Metadata","jytc_QTsY4Q",0,TRUE,0,0,"not applicable","not applicable","not applicable","Video is a personal story and does not contain any medical claims or advice."
"Youtube","Metadata","GuugQIt_KqQ",0,TRUE,0,0,"not applicable","not applicable","not applicable","Video appears to be a personal anecdote about gaming, not related to mental health information."
"Youtube","Metadata","SUdRVPiZ6o0",0,TRUE,0.2,0,"not applicable","not violated","not applicable","Video title and description suggest awareness and prevention, but lack specific claims to evaluate."
"Youtube","Metadata","px7yku9rs2w",0,TRUE,0,0,"not applicable","not violated","not applicable","Video provides personal experience and awareness, without false medical claims or discouragement of evidence-based treatment."
"Youtube","Metadata","a8JGsnY-RY0",0,TRUE,0,0,"not applicable","not violated","not violated","The video appears to be a review of a game for people with OCD, without making any medical claims or promoting unproven treatments."
"Youtube","Metadata","kVVDn7nwgRg",0,TRUE,0,0,"not applicable","not applicable","not applicable","Video title suggests a specific question about ADHD, but no claims are made, so no misinformation is present."
"Youtube","Metadata","FjuelU1QMWY",1,TRUE,0.8,1,"violated","violated","violated","Video claims that adults worsen youth mental disorders, contradicting medical consensus on the impact of supportive environments on mental health."
"Youtube","Metadata","cYTxkDwS8aM",0,TRUE,0,0,"not applicable","not applicable","not applicable","Video only contains inspirational quotes with no medical claims or advice."
"Youtube","Metadata","yyB2oEYKM6U",0,TRUE,0,0,"not applicable","not applicable","not applicable","Video focuses on motivation and personal responsibility, no medical claims or interventions discussed."
"Youtube","Metadata","ZnapOFQYaz0",0,TRUE,0,0,"not applicable","not violated","not applicable","Video promotes general wellness and self-improvement, but does not provide specific mental health information or interventions."
"Youtube","Metadata","C5ss48kjixw",0,TRUE,0.8,1,"not applicable","violated","not applicable","Pastor Johnson makes medically irrelevant claims about autism, contradicting current scientific consensus."
"Youtube","Metadata","H94uwCMcT20",1,TRUE,0,0,"not applicable","not applicable","not applicable","Video title suggests a discussion on mental health stigma, not misinformation."
"Youtube","Metadata","ZohmODtXZhw",0,TRUE,0,0,"not applicable","not violated","not violated","Video title and description do not contain any specific claims about OCD treatment or interventions."
"Youtube","Metadata","IoLLTb8F9n0",0,TRUE,0,0,"not applicable","not violated","not applicable","Video promotes Bhagavad Gita as a solution for depression, but does not make any false medical claims."
"Youtube","Metadata","1pMwCO4p2WA",1,TRUE,0,0,"not applicable","not applicable","not applicable","Video title suggests a cure for depression, but description does not provide any specific information, making it unclear whether it contains misinformation."
"Youtube","Metadata","8_RK7jQrQbc",0,TRUE,0,0,"not applicable","not violated","not applicable","Video appears to be an awareness message with no medical claims, promoting acceptance and understanding of autism."
"Youtube","Metadata","d9JVGzdcWRQ",0,TRUE,0,0,"not applicable","not violated","not applicable","Video appears to be an awareness message, not providing medical information or promoting treatments."
"Youtube","Metadata","d_HV3f1OThc",0,TRUE,0,0,"not applicable","not violated","not violated","Video promotes self-care and happiness, without providing any medical claims or interventions."
"Youtube","Metadata","2n-GS8LUddU",0,TRUE,0,0,"not violated","not violated","not violated","Video promotes seeking professional help and discourages self-diagnosis, aligning with medical consensus and evidence-based treatment."
"Youtube","Metadata","kS1GsUStQzQ",0,TRUE,0,0,"not applicable","not violated","not applicable","Video presents accurate information on racial discrimination's link to depression among college-educated Blacks, citing a specific statistic."
"Youtube","Metadata","N9zEBD6ZcAw",0,TRUE,0,0,"not applicable","not applicable","not applicable","Video presents a personal experience with a learning app, no medical claims or misinformation."
"Youtube","Metadata","7BGLiQ4n2F0",0,TRUE,0,0,"not applicable","not applicable","not applicable","Video does not provide any mental health information or claims."
"Youtube","Metadata","XeT25DgkJeE",0,TRUE,0,0,"not applicable","not applicable","not applicable","Video appears to be a personal experience or awareness message, no medical claims or interventions mentioned."
"Youtube","Metadata","A--oGVHVK1c",0,TRUE,0,0,"not applicable","not applicable","not applicable","Video does not contain any medical claims or information about mental health treatments."
"Youtube","Metadata","XBEyqLnZHw0",0,TRUE,0,0,"not applicable","not applicable","not applicable","Video appears to be a musical performance, not a mental health information source."
"Youtube","Metadata","k1cy8GafMCw",0,TRUE,0,0,"not applicable","not violated","not applicable","Video provides a neutral, informative description of Maladaptive Daydreaming without promoting any interventions or treatments."
"Youtube","Metadata","Wt0aPy1ZXSg",1,TRUE,0,0,"not violated","not violated","not violated","Video presents general information on stress and anxiety, with no clear misinformation or low-quality interventions."
"Youtube","Transcript","xdVMLwUyKFo",0,TRUE,0,0,"not applicable","not applicable","not applicable","Transcript appears to be incoherent and unrelated to mental health information."
"Youtube","Transcript","nefiLRyJ7bc",0,TRUE,0,0,"not applicable","not violated","not applicable","Video presents personal anecdote without making false medical claims."
"Youtube","Transcript","rWKYkXH3API",0,TRUE,0,0,"not applicable","not violated","not applicable","Video describes somatic symptom disorder as a real condition, aligning with medical consensus."
"Youtube","Transcript","B1twiLfbjow",0,TRUE,0.8,1,"violated","violated","violated","Misinformation about recovery and mental health, promoting a simplistic and inaccurate view of mental health treatment."
"Youtube","Transcript","qVm0N_MjyXo",1,TRUE,0.8,1,"not applicable","violated","violated","Denies mental health support and promotes self-reliance over seeking help."
"Youtube","Transcript","5pwNICniqtM",0,TRUE,0,0,"not applicable","not violated","not applicable","Video provides accurate explanation of ADHD symptoms and experiences, without promoting misinformation or unproven treatments."
"Youtube","Transcript","dmE-lkYba9Q",0,TRUE,0,0,"not applicable","not violated","not violated","Video promotes seeking help from trusted individuals, aligning with mental health consensus and evidence-based treatment."
"Youtube","Transcript","C9j4JxFlyTg",1,TRUE,0.9,1,"violated","violated","violated","Denies ADHD diagnosis in EFPs, attributes it to personality, and criticizes medication as a solution."
"Youtube","Transcript","qCthXuL1yZU",0,TRUE,0,0,"not violated","not violated","not violated","Video presents general information on vitamins for mental health without making false claims or discouraging evidence-based treatment."
"Youtube","Transcript","JjYK_kwcu5Q",1,TRUE,0,0,"not violated","not violated","not violated","Video provides accurate information about microdosing and ketamine for depression."
"Youtube","Transcript","lxcR-piMkgo",0,TRUE,0,0,"not violated","not violated","not violated","Video discusses scientifically supported concepts of dopamine and cortisol regulation, without making any false claims."
"Youtube","Transcript","qXCyeRW8uRQ",0,TRUE,0,0,"not applicable","not applicable","not applicable","No mental health information is presented in the audio transcript."
"Youtube","Transcript","89Cl_G6OEFg",0,TRUE,0,0,"not applicable","not applicable","not applicable","No mental health information provided"
"Youtube","Transcript","uN6Wba7A2Z0",0,TRUE,0,0,"not violated","not violated","not violated","The video discusses a personal experience with OCD and does not provide false medical claims."
"Youtube","Transcript","BCQYfe3k11Q",0,TRUE,0.8,1,"not applicable","violated","not applicable","The host misuses the term 'bipolar' to describe a normal mood fluctuation, invalidating the experience of individuals with bipolar disorder."
"Youtube","Transcript","xGvaSROftWU",0,TRUE,0,0,"not applicable","not applicable","not applicable","Video appears to be a supportive conversation, not discussing mental health interventions or consensus."
"Youtube","Transcript","qu9hKSCX-5w",0,TRUE,0,0,"not applicable","not applicable","not applicable","No mental health information or claims are present in the transcript."
"Youtube","Transcript","28PZ4m8bCAY",1,TRUE,0,0,"not applicable","not violated","not applicable","Video presents personal testimony of healing from eating disorder and rage, without making any medically relevant claims."
"Youtube","Transcript","N-6ghXgeO7A",0,TRUE,0,0,"not applicable","not violated","not applicable","Theory is a hypothetical interpretation, not a claim about mental health treatment or interventions."
"Youtube","Transcript","_s04cdduA84",0,TRUE,0,0,"not applicable","not applicable","not applicable","Video is a personal introduction to a nonverbal autistic child's TikTok page, promoting kindness and friendship."
"Youtube","Transcript","k4pmykfIhzk",0,TRUE,0,0,"not applicable","not applicable","not applicable","Transcript appears to be a personal expression of distress, not a medical claim."
"Youtube","Transcript","FRnLETy5TdA",0,TRUE,0,0,"not applicable","not applicable","not applicable","No mental health information provided"
"Youtube","Transcript","vN3MctHrJPo",1,TRUE,0,0,"not applicable","not violated","not applicable","Video discusses spiritual perspective on stress and anxiety, does not provide medical claims or interventions."
"Youtube","Transcript","zlo8Ec4KF20",0,TRUE,0,0,"not applicable","not applicable","not applicable","No mental health information provided"
"Youtube","Transcript","GqgRCPs1bdo",0,TRUE,0,0,"not applicable","not applicable","not applicable","No mental health information or claims are present in the audio transcript."
"Youtube","Transcript","2uE8YsXdloA",1,TRUE,0,0,"not applicable","not applicable","not applicable","The video appears to be a song with lyrics, not a mental health information video."
"Youtube","Transcript","htKGdOiwM00",1,TRUE,0,0,"not applicable","not applicable","not applicable","Video appears to be a repetitive phrase with no medical or mental health content."
"Youtube","Transcript","NdLGryoieVY",0,TRUE,0.8,1,"not applicable","violated","not applicable","Claim of 98.5% mental illness prevalence contradicts scientific consensus."
"Youtube","Transcript","G-aQVbKfO4I",0,TRUE,0,0,"not applicable","not applicable","not applicable","The video appears to be a satirical skit, not a serious discussion of mental health or interventions."
"Youtube","Transcript","zb-wqjf_WyA",0,TRUE,0,0,"not applicable","not applicable","not applicable","No information on mental health interventions or claims provided"
"Youtube","Transcript","lyT-x9pMNjU",1,TRUE,0.9,1,"violated","violated","violated","Denies depression as a disease, promotes self-hypnosis as a cure, and contradicts the idea that depression is a clinical condition."
"Youtube","Transcript","uxfsZMtABmU",0,TRUE,0,0,"not applicable","not applicable","not applicable","Video appears to be a song or emotional expression, not providing mental health information."
"Youtube","Transcript","HPc0nOxEmF0",0,TRUE,1,1,"not applicable","violated","not applicable","TikToker fabricated mental health conditions for attention and sympathy"
"Youtube","Transcript","Gwk1saT156k",0,TRUE,0,0,"not applicable","not applicable","not applicable","No information provided in the video transcript"
"Youtube","Transcript","6iw0JZbX8qo",0,TRUE,0,0,"not violated","not violated","not violated","Video accurately describes experiential avoidance and its role in anxiety disorders, and suggests a treatment approach consistent with evidence-based therapy."
"Youtube","Transcript","NdYCNW5ge7A",0,TRUE,0,0,"not applicable","not violated","not applicable","Video discusses anxiety as a natural part of life, not promoting unproven cures or false claims."
"Youtube","Transcript","XvcxJpDmW1k",0,TRUE,0,0,"not applicable","not violated","not applicable","Video appears to be a personal expression of emotional struggle, not providing medical claims or advice."
"Youtube","Transcript","YNJNHelSbeg",0,TRUE,0,0,"not applicable","not violated","not applicable","Statement aligns with current scientific consensus on genetic predisposition to bipolar disorder and cannabis-induced psychosis risk."
"Youtube","Transcript","J2tBtMslyE0",0,TRUE,0,0,"not applicable","not violated","not violated","Video accurately describes intrusive thoughts and OCD, without promoting misinformation or unproven treatments."
"Youtube","Transcript","hgT_cIJR_bY",0,TRUE,0,0,"not applicable","not violated","not applicable","No medical claims or interventions discussed."
"Youtube","Transcript","TEP0KseWO5Y",0,TRUE,0,0,"not applicable","not applicable","not applicable","No information on mental health interventions or claims provided"
"Youtube","Transcript","5vcRFAn-KRE",0,TRUE,0,0,"not applicable","not violated","not applicable","Video appears to be a personal experience and awareness message, not providing medical claims."
"Youtube","Transcript","O7lOzhiKnaA",0,TRUE,0,0,"not applicable","not applicable","not applicable","No mental health information is being discussed."
"Youtube","Transcript","fz6dbtnwEi0",0,TRUE,0,0,"not applicable","not applicable","not applicable","No mental health information or claims are made in the transcript."
"Youtube","Transcript","JGw_BzwtqtM",0,TRUE,0,0,"not applicable","not violated","not applicable","Video discusses Trump's reaction to potential indictment, not providing mental health information"
"Youtube","Transcript","XfSfQ2JtYrk",0,TRUE,0,0,"not applicable","not applicable","not applicable","No information on mental health interventions or claims provided"
"Youtube","Transcript","qa9lid42H8w",0,TRUE,0,0,"not applicable","not violated","not applicable","Video describes symptoms of mental health issues, does not provide misinformation"
"Youtube","Transcript","BSpH3LAI0qM",0,TRUE,0,0,"not applicable","not applicable","not applicable","No information about mental health interventions, consensus, or treatment"
"Youtube","Transcript","91PG4eFfXw8",0,TRUE,0,0,"not violated","not violated","not violated","Speaker's personal experience does not promote unproven or misleading interventions."
"Youtube","Transcript","tQe1C_asEMM",0,TRUE,0,0,"not applicable","not applicable","not applicable","No mental health information or claims presented"
"Youtube","Transcript","pK7V7KcU0DU",0,TRUE,0.8,1,"not violated","violated","not violated","Starbucks is presented as a natural healer for depression, contradicting medical consensus."
"Youtube","Transcript","omATxc5uQ4w",0,TRUE,0,0,"not applicable","not violated","not violated","Video promotes self-reflection and connection to one's identity, without making any false medical claims."
"Youtube","Transcript","7FoFzYlQMpw",0,TRUE,0,0,"not applicable","not applicable","not applicable","No mental health information is provided in the transcript."
"Youtube","Transcript","phh9NVUMQF8",0,TRUE,0,0,"not applicable","not violated","not applicable","Video shares personal experience without promoting false medical claims or interventions."
"Youtube","Transcript","c1633088Vz0",0,TRUE,0,0,"not applicable","not violated","not applicable","Video accurately describes schizophrenia symptoms, aligning with medical consensus."
"Youtube","Transcript","8g5shmI0bJ8",0,TRUE,0,0,"not applicable","not violated","not applicable","Video discusses gun control and second amendment rights, but does not contain mental health misinformation."
"Youtube","Transcript","WdT6V3IYWk4",0,TRUE,0,0,"not applicable","not violated","not violated","Video shares personal experience and recovery goals, without promoting misinformation or contradicting medical consensus."
"Youtube","Transcript","HiK4YNFROKs",0,TRUE,0.8,1,"not applicable","violated","not applicable","Denies a clear distinction between sadness and depression, contradicting medical consensus."
"Youtube","Transcript","brK6ddIrUZw",0,TRUE,0,0,"not applicable","not applicable","not applicable","No medical claims or information provided"
"Youtube","Transcript","g3aazom7QaM",0,TRUE,0,0,"not applicable","not applicable","not applicable","No mental health information is presented in the transcript."
"Youtube","Transcript","Ov7d4fiRTvQ",0,TRUE,0,0,"not applicable","not violated","not applicable","Video accurately describes common physical symptoms of depression, consistent with medical consensus."
"Youtube","Transcript","GjtJr9atv9E",0,TRUE,0,0,"not applicable","not applicable","not applicable","No mental health information provided"
"Youtube","Transcript","p77wIPwP0e8",0,TRUE,0,0,"not applicable","not violated","not applicable","Video discusses a personal experience and a charitable initiative, without providing any medical claims or misinformation."
"Youtube","Transcript","JtYvjwQrMHY",0,TRUE,0,0,"not applicable","not violated","not applicable","Video accurately describes common symptoms and characteristics of ADHD."
"Youtube","Transcript","UtqzXDxVXVY",0,TRUE,0,0,"not applicable","not applicable","not applicable","No information provided about mental health interventions, consensus, or treatment."
"Youtube","Transcript","OlM33xwZQbs",0,TRUE,0,0,"not applicable","not violated","not applicable","Video presents a personal story of overcoming mental health challenges through resilience and commitment, without providing any medical claims or interventions."
"Youtube","Transcript","WU5SzsUhqO8",0,TRUE,0.8,1,"not applicable","violated","violated","Denies the existence and impact of depression, promoting a potentially harmful self-reliance approach."
"Youtube","Transcript","5DmxLFifVgc",0,TRUE,0,0,"not applicable","not applicable","not applicable","No mental health information provided"
"Youtube","Transcript","u3CxNG5M_tQ",0,TRUE,0,0,"not applicable","not applicable","not applicable","No mental health information provided"
"Youtube","Transcript","iiHAnwJo69g",0,TRUE,0,0,"not violated","not violated","not violated","Video accurately describes high-functioning depression as a common experience, not a clinical diagnosis, and encourages seeking support."
"Youtube","Transcript","LRx8ldVnF4w",0,TRUE,0,0,"not applicable","not applicable","not applicable","Video appears to be a prayer or spiritual message, not providing mental health information."
"Youtube","Transcript","KO5guA5-jy4",0,TRUE,0,0,"not applicable","not applicable","not applicable","No mental health information provided"
"Youtube","Transcript","_BbDoqyU99U",0,TRUE,0.8,1,"not applicable","violated","not applicable","The video describes symptoms of Dyspraxia, but implies it's an excuse for laziness, contradicting medical consensus."
"Youtube","Transcript","_rOGNSnHkyc",0,TRUE,0,0,"not applicable","not applicable","not applicable","Video appears to be a rap or spoken word piece, discussing personal aspirations and emotions, without any medical claims or advice."
"Youtube","Transcript","WCerwCy4Ig4",0,TRUE,0,0,"not violated","not violated","not violated","All habits mentioned are evidence-based and align with current scientific consensus on supporting autistic individuals' mental health."
"Youtube","Transcript","FS7B6Vkoofo",1,TRUE,0.9,1,"violated","violated","violated","Denies effectiveness of therapy, promotes avoidance of mental health treatment, and contradicts evidence-based understanding of mental health."
"Youtube","Transcript","dwkORltd-DE",0,TRUE,0,0,"not applicable","not applicable","not applicable","No mental health information or claims presented."
"Youtube","Transcript","bDd5E6GHamE",0,TRUE,0,0,"not violated","not violated","not violated","Video presents accurate information about ASD, its prevalence, and treatment options."
"Youtube","Transcript","R2O31GUYUfc",0,TRUE,0,0,"not violated","not violated","not violated","Video presents accurate information on accommodations in relationships, aligning with ADHD management strategies."
"Youtube","Transcript","gqx9R_7XJtQ",0,TRUE,0,0,"not violated","not violated","not violated","Video provides general support and guidance, aligning with evidence-based practices for supporting friends in need."
"Youtube","Transcript","kLnS071dIFQ",0,TRUE,0,0,"not applicable","not applicable","not applicable","No mental health information or claims presented"
"Youtube","Transcript","AZ4fJqLexQs",0,TRUE,0,0,"not applicable","not violated","not applicable","Video is a personal anecdote, not providing medical information or promoting unproven treatments."
"Youtube","Transcript","pkqoMvue2J0",0,TRUE,0,0,"not applicable","not applicable","not applicable","No information about mental health interventions, consensus, or evidence-based treatment is provided."
"Youtube","Transcript","2ruSYtdm8kQ",0,TRUE,0,0,"not applicable","not applicable","not applicable","Video discusses personal struggle with communication skills, no medical claims or misinformation."
"Youtube","Transcript","TJ4vIghzCic",0,TRUE,0,0,"not applicable","not violated","not applicable","Video accurately describes relationship between AVPD and SAD, citing shift from severity continuum hypothesis to distinct constructs."
"Youtube","Transcript","DXatP-pzUGo",0,TRUE,0,0,"not applicable","not violated","not applicable","Video promotes awareness and seeking help, aligning with medical consensus and encouraging evidence-based treatment."
"Youtube","Transcript","klNbW287nlg",0,TRUE,0,0,"not applicable","not violated","not violated","Video discusses self-awareness and empathy, aligning with mental health consensus."
"Youtube","Transcript","WSmyb4qVu0k",0,TRUE,0,0,"not applicable","not violated","not applicable","Video discusses magazine cover strategy, not mental health interventions or treatments."
"Youtube","Transcript","hB5cC5X39pM",1,TRUE,0,0,"not applicable","not violated","not violated","Video presents a spiritual perspective on mental health, does not provide medical claims or interventions."
"Youtube","Transcript","YyK5Xv8AjZg",0,TRUE,0,0,"not applicable","not violated","not applicable","Video is a personal account of a person's experience with schizophrenia, does not contain medical claims or misinformation."
"Youtube","Transcript","zGI4Ocz9XlU",0,TRUE,0,0,"not applicable","not applicable","not applicable","No mental health information or interventions discussed"
"Youtube","Transcript","yBbPSY4Z1Bo",0,TRUE,0,0,"not applicable","not applicable","not applicable","No information provided to evaluate"
"Youtube","Transcript","lKphfmJJ0BQ",0,TRUE,0,0,"not applicable","not applicable","not applicable","No mental health information or claims presented"
"Youtube","Transcript","ksnljQ1ysUs",0,TRUE,0,0,"not applicable","not violated","not applicable","Video discusses stigma around mental health, no medical claims or interventions mentioned."
"Youtube","Transcript","sjtEcVR0g8k",0,TRUE,0.8,1,"not applicable","violated","not applicable","Denial of OCD diagnosis contradicts medical consensus."
"Youtube","Transcript","RC1919tTab0",0,TRUE,0,0,"not applicable","not violated","not applicable","No medical claims or interventions discussed; a personal anecdote about shame and vulnerability."
"Youtube","Transcript","qpU7Tx_ORwI",0,TRUE,0,0,"not applicable","not applicable","not applicable","No information provided to evaluate"
"Youtube","Transcript","c9REsOZljcc",1,TRUE,0.8,1,"violated","violated","violated","Accusation of pharmaceutical companies manipulating mental health issues for profit, specifically anorexia and China."
"Youtube","Transcript","KEykaHC-VZs",0,TRUE,0,0,"not applicable","not violated","not applicable","Video provides accurate information about Ganser syndrome, its symptoms, and classification."
"Youtube","Transcript","7SwCneXlTrg",0,TRUE,0,0,"not applicable","not violated","not applicable","Transcript does not contain misinformation about interventions, consensus, or evidence-based treatment."
"Youtube","Transcript","cDcTyTX_Jkw",0,TRUE,0.8,1,"not applicable","violated","not applicable","Prayer is presented as a cure for mental health issues, contradicting medical consensus on the complexity of mental health."
"Youtube","Transcript","Aflfn6Xoz2I",0,TRUE,0,0,"not applicable","not violated","not applicable","Video presents accurate information about ADHD presentation in girls, aligning with medical consensus."
"Youtube","Transcript","pjEwV7gltsU",0,TRUE,0,0,"not applicable","not applicable","not applicable","Video appears to be a humorous anecdote, not related to mental health information."
"Youtube","Transcript","BSRmjdGv3A4",1,TRUE,1,1,"violated","violated","violated","Claims autism and mental sickness are caused by demons and can be cured by prayer, contradicting medical consensus."
"Youtube","Transcript","9yuuC_7YC6k",0,TRUE,0,0,"not applicable","not violated","not violated","Video describes emotional and mental health in a way that aligns with general understanding, without promoting misinformation or unproven treatments."
"Youtube","Transcript","MLIF5fd4hco",0,TRUE,0,0,"not applicable","not applicable","not applicable","Video appears to be a personal vlog discussing the author's mental health struggles, without providing any medical claims or advice."
"Youtube","Transcript","1srbIRTp0zc",0,TRUE,0,0,"not violated","not violated","not violated","Video presents a mindfulness-based approach, which is consistent with current scientific and clinical consensus on managing anxiety."
"Youtube","Transcript","TNdMjOmtqAk",0,TRUE,0,0,"not applicable","not applicable","not applicable","No mental health information or claims are present in the transcript."
"Youtube","Transcript","fpLA7X7qBCM",1,TRUE,0.8,1,"violated","violated","violated","Claims that Jesus can cure autism contradict medical consensus and lack evidence-based treatment."
"Youtube","Transcript","lxILJao_VAw",0,TRUE,0,0,"not violated","not violated","not violated","Video presents accurate information on schizophrenia causes, symptoms, and treatment."
"Youtube","Transcript","iaBMUv5BJGA",0,TRUE,0,0,"not applicable","not violated","not applicable","Video discusses personal experience with Deja Vu, does not provide medical claims or interventions."
"Youtube","Transcript","OW2QQO8n5es",1,TRUE,0,0,"not applicable","not applicable","not applicable","No information available to assess for mental health misinformation."
"Youtube","Transcript","m3xLJ1-8ZhQ",0,TRUE,0,0,"not applicable","not applicable","not applicable","No mental health information or claims presented."
"Youtube","Transcript","Szew595ukwY",1,TRUE,0.9,1,"violated","violated","violated","Misdiagnoses demonic possession as schizophrenia, contradicting medical consensus."
"Youtube","Transcript","lQBP_zD581Q",1,TRUE,0,0,"not violated","not violated","not violated","Video promotes exposure therapy, a well-established treatment for social anxiety, without making any false claims."
"Youtube","Transcript","EV7tqtutZNo",0,TRUE,0,0,"not violated","not violated","not violated","Video promotes seeking help and working on mental health issues, aligning with medical consensus."
"Youtube","Transcript","l2KuxKGImMw",0,TRUE,0,0,"not applicable","not applicable","not applicable","The video appears to be a birthday celebration with no discussion of mental health or medical information."
"Youtube","Transcript","mUjXbmsiGT4",0,TRUE,0,0,"not applicable","not applicable","not applicable","No mental health information or claims are made in the transcript."
"Youtube","Transcript","-rF8IVO2hNc",1,TRUE,1,1,"violated","violated","violated","Claims that autism is caused by demons and can be cured by prayer contradict medical consensus and promote unproven interventions."
"Youtube","Transcript","A_sXi4NNlvw",0,TRUE,0,0,"not applicable","not applicable","not applicable","No information on mental health interventions or claims provided"
"Youtube","Transcript","Tyq492QJOkw",0,TRUE,0,0,"not applicable","not applicable","not applicable","No mental health information or claims are made in the transcript."
"Youtube","Transcript","ssMfK0TAw6g",0,TRUE,0,0,"not applicable","not applicable","not applicable","No mental health information present in the audio transcript."
"Youtube","Transcript","sGIKEVW3PGc",0,TRUE,0.8,1,"not applicable","violated","not applicable","Denies causality between social transition and mental health improvement, contradicting current scientific consensus."
"Youtube","Transcript","oTlu3mjKnUM",0,TRUE,0.2,0,"violated","not violated","not violated","Lack of clear violation of criteria, but some concerns about overemphasis on herbal remedies."
"Youtube","Transcript","HzUXFPO3cJE",0,TRUE,0,0,"not applicable","not applicable","not applicable","No mental health information is presented in the video transcript."
"Youtube","Transcript","dXK_R-Du2qE",0,TRUE,0,0,"not applicable","not applicable","not applicable","Video discusses personal shoe preferences, no mental health information"
"Youtube","Transcript","-S2vaXWwbkU",0,TRUE,0,0,"not applicable","not violated","not applicable","Video discusses personal opinions and experiences without making false medical claims."
"Youtube","Transcript","w6G94lbYAmY",0,TRUE,0.8,1,"not applicable","violated","not applicable","Contradicts current scientific understanding of anxiety, which is characterized by excessive worry, not a desire to escape or flee."
"Youtube","Transcript","D9GqBaSlE70",0,TRUE,0,0,"not applicable","not violated","not applicable","Video discusses self-reflection and questioning societal norms, without providing false medical claims."
"Youtube","Transcript","88eZje7RPq4",0,TRUE,0,0,"not applicable","not applicable","not applicable","The video is a gaming commentary with no mental health information or claims."
"Youtube","Transcript","6dfBSqN9RKA",0,TRUE,0,0,"not applicable","not applicable","not applicable","No mental health information is provided in the transcript."
"Youtube","Transcript","gdG4f2HnnAw",0,TRUE,0,0,"not applicable","not applicable","not applicable","No mental health information is presented in the audio transcript."
"Youtube","Transcript","ih_t7x9LYLE",0,TRUE,0,0,"not violated","not violated","not violated","Video presents personal opinions and experiences without spreading false medical claims."
"Youtube","Transcript","-gh7_FRuT_I",0,TRUE,0,0,"not applicable","not violated","not applicable","Video promotes a simple, evidence-based self-care strategy."
"Youtube","Transcript","hDCXEdp5FUU",0,TRUE,0,0,"not applicable","not applicable","not applicable","No information on mental health interventions or claims provided"
"Youtube","Transcript","w5rGacpyx20",0,TRUE,0,0,"not applicable","not violated","not applicable","Prayer transcript does not provide medical claims or interventions, and aligns with general understanding of schizophrenia treatment."
"Youtube","Transcript","o7l9oVurnms",0,TRUE,0,0,"not applicable","not applicable","not applicable","Video is a title screen with no content, therefore no misinformation can be evaluated."
"Youtube","Transcript","jWH4yjOP9JI",0,TRUE,0,0,"not applicable","not violated","not applicable","Video discusses social commentary and personal opinion, without providing medical claims or misinformation."
"Youtube","Transcript","XfP0V523Bo8",0,TRUE,0,0,"not applicable","not applicable","not applicable","Outro does not contain mental health information"
"Youtube","Transcript","IRaLrnJAn1k",0,TRUE,0,0,"not applicable","not violated","not applicable","Describes personal experience without making false medical claims"
"Youtube","Transcript","1IEc8KGpDY8",0,TRUE,0,0,"not applicable","not applicable","not applicable","No information available to assess for mental health misinformation."
"Youtube","Transcript","Dr_WKUNMqAo",0,TRUE,0,0,"not applicable","not applicable","not applicable","No mental health information is provided in the audio transcript."
"Youtube","Transcript","n3t6wYC07js",0,TRUE,0,0,"not applicable","not applicable","not applicable","No information available to assess for mental health misinformation."
"Youtube","Transcript","AJiI0RlDyyM",1,TRUE,0.8,1,"not applicable","violated","not applicable","Video denies existence of OCD, contradicting medical consensus."
"Youtube","Transcript","MjJhAvXEBzc",0,TRUE,0,0,"not applicable","not applicable","not applicable","No mental health information provided"
"Youtube","Transcript","BHh2_PJVXhQ",0,TRUE,0,0,"not applicable","not violated","not applicable","Video appears to be a personal account of living with bipolar disorder, not providing medical claims or misinformation."
"Youtube","Transcript","GiUwHNwtlCY",1,TRUE,0,0,"not applicable","not violated","not violated","Video promotes self-talk and self-reflection as a means to cope with depression, aligning with evidence-based practices."
"Youtube","Transcript","WOatqwOabgA",0,TRUE,0,0,"not applicable","not applicable","not applicable","No information available to assess for mental health misinformation."
"Youtube","Transcript","Y9vz81tot1c",1,TRUE,0.8,1,"violated","not violated","violated","Suggests that changing physical circumstances (e.g., weight, finances) is a sufficient solution to depression, which is not supported by evidence-based treatment."
"Youtube","Transcript","N4vwF8SFQlQ",0,TRUE,0,0,"not applicable","not applicable","not applicable","Video discusses social commentary and statistics, but does not provide medical claims or interventions."
"Youtube","Transcript","okvr566FcpM",0,TRUE,0,0,"not applicable","not applicable","not applicable","No mental health information or claims presented"
"Youtube","Transcript","tEZ7KyRDyEY",0,TRUE,0,0,"not applicable","not violated","not applicable","Correctly distinguishes between social anxiety disorder and autism spectrum disorder, aligning with medical consensus."
"Youtube","Transcript","ftmDYudRI_4",0,TRUE,0,0,"not applicable","not violated","not applicable","Video discusses personal experience and quotes, without providing false medical claims or promoting unproven treatments."
"Youtube","Transcript","gmzX3R_fhrI",0,TRUE,0,0,"not applicable","not applicable","not applicable","No information on mental health interventions or claims provided"
"Youtube","Transcript","vWVzT3cH5XU",0,TRUE,0.8,1,"not applicable","violated","not violated","Denies current scientific consensus that depression is a complex issue, not solely caused by media expectations."
"Youtube","Transcript","OTHpUtWuCTQ",0,TRUE,0.8,1,"not violated","violated","not violated","Denies that trans people already undergo therapy, and implies that mental instability is a pre-existing condition for trans individuals."
"Youtube","Transcript","R2VWf64Aoic",0,TRUE,0,0,"not applicable","not applicable","not applicable","No mental health information provided in the transcript"
"Youtube","Transcript","xhZAwXNuzHI",0,TRUE,0,0,"not applicable","not violated","not applicable","Video appears to be a personal, emotional expression rather than a medical claim or advice."
"Youtube","Transcript","IGrtpCmwj20",0,TRUE,0,0,"not applicable","not applicable","not applicable","Video appears to be a greeting or introduction, lacking any mental health information."
"Youtube","Transcript","YjgvaZuFzBY",0,TRUE,0,0,"not violated","not violated","not violated","The video shares a personal anecdote about the speaker's experience with crystals during a manic episode, without promoting or discouraging any specific treatment."
"Youtube","Transcript","LaVUX5bHz9Y",0,TRUE,0,0,"not applicable","not violated","not applicable","Video presents accurate signs of high functioning depression, consistent with clinical consensus."
"Youtube","Transcript","JNKntNB-6B8",0,TRUE,0,0,"not applicable","not applicable","not applicable","No mental health information or claims presented"
"Youtube","Transcript","fjFCCdrHe8U",0,TRUE,1,1,"violated","violated","violated","Dr. Shea's treatment lacks scientific basis and contradicts established ADHD treatment protocols."
"Youtube","Transcript","66myqtc_pzs",0,TRUE,0,0,"not applicable","not violated","not applicable","Video presents accurate information on risk factors for BPD, consistent with current scientific consensus."
"Youtube","Transcript","BdQA91Cmbig",0,TRUE,0,0,"not applicable","not applicable","not applicable","No mental health claims or interventions discussed."
"Youtube","Transcript","LTTtutrJMuk",0,TRUE,0,0,"not applicable","not violated","not applicable","No medical claims or interventions discussed, just a personal anecdote about recovery."
"Youtube","Transcript","M5ABBo-nhKQ",0,TRUE,0,0,"not applicable","not applicable","not applicable","No information provided to evaluate"
"Youtube","Transcript","bc_sfaXzJyY",0,TRUE,0,0,"not applicable","not applicable","not applicable","No mental health information is presented in the audio transcript."
"Youtube","Transcript","oKLJ41B0zGY",0,TRUE,0,0,"not applicable","not applicable","not applicable","No mental health information provided"
"Youtube","Transcript","PpnNuWtjdwA",0,TRUE,0,0,"not applicable","not applicable","not applicable","Video appears to be a personal reflection or vlog without any medical claims."
"Youtube","Transcript","lM25nX9ndoI",0,TRUE,0,0,"not applicable","not applicable","not applicable","No mental health information is provided in the transcript."
"Youtube","Transcript","HQjbKlb1mZk",0,TRUE,0,0,"not applicable","not applicable","not applicable","No mental health information or claims presented."
"Youtube","Transcript","Y2PEcXPepIE",0,TRUE,0,0,"not applicable","not violated","not applicable","Video discusses general concepts of anxiety management without providing false medical claims."
"Youtube","Transcript","YqLwvkMPaYw",0,TRUE,0,0,"not applicable","not applicable","not applicable","Video appears to be a parent interacting with their child in a supportive and educational manner, promoting communication and social skills."
"Youtube","Transcript","XsHqJEr2QyI",0,TRUE,0,0,"not applicable","not violated","not violated","No medical claims or misinformation present in the transcript."
"Youtube","Transcript","orPiXkk3SYU",0,TRUE,0,0,"not applicable","not applicable","not applicable","No information on mental health interventions or claims provided"
"Youtube","Transcript","H0RfsJIs2No",0,TRUE,0,0,"not applicable","not applicable","not applicable","No mental health information discussed"
"Youtube","Transcript","zsqdjkgRvXg",0,TRUE,0,0,"not applicable","not applicable","not applicable","Scriptural passage, not a medical claim or advice"
"Youtube","Transcript","SMDp6INB3ko",0,TRUE,0,0,"not applicable","not applicable","not applicable","No mental health information is discussed in the video."
"Youtube","Transcript","GwmXw9apSnM",0,TRUE,0,0,"not violated","not violated","not violated","Video accurately describes bipolar disorder and its treatment."
"Youtube","Transcript","xGhXicj_0l8",0,TRUE,0,0,"not applicable","not applicable","not applicable","No information available to assess for mental health misinformation."
"Youtube","Transcript","i7G_J2Jdzt4",0,TRUE,0,0,"not applicable","not applicable","not applicable","Video appears to be a personal, poetic statement with no medical claims."
"Youtube","Transcript","9QFX_5WDKP0",1,TRUE,0.9,1,"violated","violated","violated","Claims that depression can be cured by exercise and socializing, and that antidepressants are ineffective, contradict medical consensus."
"Youtube","Transcript","19utJMmTPOo",1,TRUE,0,0,"not applicable","not applicable","not applicable","No medical claims or information provided"
"Youtube","Transcript","qa3a-5BqJxo",0,TRUE,0,0,"not applicable","not violated","not applicable","Video does not provide false medical claims or misinformation about OCD."
"Youtube","Transcript","Lc10puOjwsc",0,TRUE,0,0,"not violated","not violated","not violated","Video promotes a positive and evidence-based approach to mental health, focusing on gratitude and positivity."
"Youtube","Transcript","jEOgtLCKaCI",0,TRUE,0,0,"not applicable","not applicable","not applicable","No information on mental health interventions or claims provided"
"Youtube","Transcript","jTyb19mhk3o",0,TRUE,0,0,"not applicable","not applicable","not applicable","No mental health information or claims presented"
"Youtube","Transcript","xyv-00OnCU0",0,TRUE,0,0,"not applicable","not applicable","not applicable","No medical claims or interventions discussed; appears to be a personal emotional response."
"Youtube","Transcript","JgrkcLgRxM8",0,TRUE,0,0,"not applicable","not violated","not applicable","Video appears to be a personal, unedited account of a panic attack, not providing any medical information or advice."
"Youtube","Transcript","vXx6ddYtGMw",0,TRUE,0,0,"not applicable","not applicable","not applicable","No mental health information provided"
"Youtube","Transcript","MXAUwEVIL7E",0,TRUE,0,0,"not applicable","not violated","not applicable","Video accurately describes high-functioning depression and its symptoms, consistent with current medical consensus."
"Youtube","Transcript","L4QTO0CocT0",0,TRUE,0,0,"not applicable","not applicable","not applicable","Video discusses general life advice and personal experience, no medical claims or interventions mentioned."
"Youtube","Transcript","C2TzAP24EjQ",1,TRUE,0,0,"not applicable","not violated","not violated","Video presents a philosophical discussion on the relationship between physical activity and mental health, without making any false medical claims."
"Youtube","Transcript","zFX9C8uyaOI",0,TRUE,0,0,"not applicable","not applicable","not applicable","No mental health information is provided in the transcript."
"Youtube","Transcript","EwTOYpGK1Q8",1,TRUE,0,0,"not violated","not violated","not violated","Video presents personal opinion and herbal remedies without false medical claims."
"Youtube","Transcript","ki4Q-wVe3nM",0,TRUE,0,0,"not applicable","not violated","not applicable","Video is a prayer for anxiety relief, not providing medical advice or interventions."
"Youtube","Transcript","qA1pBwBcrtI",0,TRUE,0,0,"not applicable","not applicable","not applicable","No medical claims or interventions discussed in the transcript."
"Youtube","Transcript","Jt2sYPgYe0A",1,TRUE,0,0,"not violated","not violated","not violated","Hypnosis is a recognized technique for anxiety relief, and the explanation of its mechanism is consistent with current understanding of the autonomic nervous system."
"Youtube","Transcript","b6WKN64k_mc",0,TRUE,0,0,"not applicable","not applicable","not applicable","No mental health information or claims are made in the video transcript."
"Youtube","Transcript","uA5zSmAANOs",0,TRUE,0,0,"not applicable","not violated","not applicable","Video discusses personal experience and support, without providing medical claims or interventions."
"Youtube","Transcript","jj0lzrVUXLo",0,TRUE,0,0,"not applicable","not applicable","not applicable","No information on mental health interventions or claims provided"
"Youtube","Transcript","OICA2v0Eu0Y",0,TRUE,0,0,"not applicable","not violated","not applicable","Video shares personal experiences and emotions, no false medical claims or misinformation."
"Youtube","Transcript","XwxGdICbmY8",0,TRUE,0,0,"not applicable","not applicable","not applicable","No mental health information provided"
"Youtube","Transcript","iv3Cj24_xCI",0,TRUE,0,0,"not applicable","not applicable","not applicable","No information about mental health interventions, consensus, or treatment provided"
"Youtube","Transcript","gVx1y2SIFn0",0,TRUE,0.8,1,"violated","violated","violated","Tips 1 and 3 are unproven and potentially misleading, and tip 2 is vague and lacks scientific basis."
"Youtube","Transcript","Jd3cSwNw1qY",0,TRUE,0,0,"not applicable","not violated","not violated","Accurately describes addiction as a complex issue, not solely due to lack of willpower."
"Youtube","Transcript","rGtp1LkfuUE",0,TRUE,0,0,"not applicable","not applicable","not applicable","No information on mental health interventions or claims provided"
"Youtube","Transcript","TS_Kfm4AjOw",0,TRUE,0,0,"not applicable","not violated","not applicable","Video describes common coping mechanisms and behaviors associated with anxiety, without providing false medical claims or discouraging evidence-based treatments."
"Youtube","Transcript","LmaulL0dZIk",0,TRUE,0,0,"not applicable","not applicable","not applicable","No information provided about mental health interventions, consensus, or treatment."
"Youtube","Transcript","YyZ6GTKLpXc",0,TRUE,0,0,"not applicable","not applicable","not applicable","No medical claims or interventions discussed"
"Youtube","Transcript","_MS_j7Ecc6k",0,TRUE,0.8,1,"not applicable","violated","not applicable","The video misrepresents OCD as trivial and obsessive cleaning, contradicting medical consensus."
"Youtube","Transcript","wHg6dH5OLVM",1,TRUE,0.8,1,"violated","violated","violated","Claims that exercise is 1.5 times more effective than SSRIs for curing depression and that anxiety is influenced by genetics are not supported by current scientific consensus."
"Youtube","Transcript","lA0akWhmLhU",0,TRUE,0,0,"not applicable","not applicable","not applicable","No information on mental health interventions or claims provided"
"Youtube","Transcript","JqQ8nIKaCwU",0,TRUE,0,0,"not applicable","not violated","not violated","Lists personal warning signs for psychosis, promoting self-awareness and self-care."
"Youtube","Transcript","NyUNAfkjQGg",0,TRUE,0,0,"not violated","not violated","not violated","Video provides general advice on winding down before sleep, consistent with evidence-based sleep hygiene practices."
"Youtube","Transcript","IsJgszoBoeQ",0,TRUE,0,0,"not applicable","not applicable","not applicable","No mental health information is discussed in the transcript."
"Youtube","Transcript","t2RThwohuWg",0,TRUE,0,0,"not applicable","not violated","not applicable","Accurately describes different types of depression and their characteristics."
"Youtube","Transcript","jyodW7XuCCE",1,TRUE,0,0,"not applicable","not applicable","not applicable","No mental health information is provided in the transcript."
"Youtube","Transcript","tWReRa_O7kQ",0,TRUE,0,0,"not violated","not violated","not violated","Video presents accurate and evidence-based information about seeking help and Islamic practices for mental health."
"Youtube","Transcript","53brF-7hqX0",0,TRUE,0,0,"not applicable","not violated","not applicable","Video appears to be a personal expression of emotions and experiences, without providing any medical claims or advice."
"Youtube","Transcript","UdJZzxF587w",0,TRUE,0,0,"not applicable","not applicable","not applicable","No information on mental health interventions or claims provided"
"Youtube","Transcript","y7FxvpaQd2U",0,TRUE,0,0,"not applicable","violated","not applicable","Video contains derogatory language and ableist stereotypes, but no medical claims."
"Youtube","Transcript","smnMRnrVjV0",0,TRUE,0,0,"not applicable","not applicable","not applicable","No medical claims or interventions discussed, just personal experience."
"Youtube","Transcript","ALconHA1Xrc",0,TRUE,0,0,"not applicable","not applicable","not applicable","Transcript appears to be a hate speech or abusive content, not related to mental health information."
"Youtube","Transcript","EFAwrSOKySI",1,TRUE,0,0,"not applicable","not violated","not violated","Video discusses psilocybin retreats as a therapeutic model for treatment-resistant mental health issues, aligning with some research on psilocybin's potential benefits."
"Youtube","Transcript","R5B_jZ1mwH0",0,TRUE,0,0,"not applicable","not violated","not applicable","The transcript discusses historical market practices, not mental health."
"Youtube","Transcript","yHQv2pUungI",0,TRUE,0,0,"not applicable","not applicable","not applicable","This is a personal conversation with no medical claims or advice."
"Youtube","Transcript","5tdmmq0cCX0",1,TRUE,0,0,"not violated","not violated","not violated","Video presents a spiritual perspective on emotional struggles, does not provide medical advice or contradict scientific consensus."
"Youtube","Transcript","A-Pi5lxq4Zg",0,TRUE,0,0,"not applicable","not violated","not applicable","Video is an educational exercise, not a source of mental health information."
"Youtube","Transcript","pmJm9ftBt6g",0,TRUE,0,0,"not applicable","not applicable","not applicable","Video discusses general awareness and self-reflection, without providing medical claims or promoting unproven treatments."
"Youtube","Transcript","si0zVfea3PA",0,TRUE,0,0,"not violated","not violated","not violated","Video provides accurate information about depression, its causes, and types without promoting misinformation."
"Youtube","Transcript","dw5BbcUSV4c",1,TRUE,0.8,1,"not applicable","violated","not applicable","Misrepresents depression as caused by external factors, ignores evidence-based understanding of depression as a complex mental health condition."
"Youtube","Transcript","9NQFR_HLC2M",0,TRUE,0,0,"not applicable","not violated","not applicable","Video promotes self-care and prioritizing mental health, aligning with medical consensus."
"Youtube","Transcript","1a4CJZi1ub4",1,TRUE,0,0,"not violated","not violated","not violated","Video promotes herbal remedies with scientific backing, no false claims or discouragement of evidence-based treatment."
"Youtube","Transcript","gy2wY5zcEg0",0,TRUE,0,0,"not applicable","not violated","not applicable","No medical claims or interventions mentioned in the transcript."
"Youtube","Transcript","O6dgCRkyrIc",0,TRUE,0,0,"not applicable","not applicable","not applicable","No mental health information or claims presented."
"Youtube","Transcript","ZwO0rervo8o",0,TRUE,0,0,"not applicable","not violated","not applicable","Video discusses awareness and encourages action, without providing medical claims or misinformation."
"Youtube","Transcript","boxHMOpQApI",0,TRUE,0,0,"not applicable","not applicable","not applicable","No mental health information is provided in the transcript."
"Youtube","Transcript","XiHaS9u65Ww",0,TRUE,0,0,"not applicable","not violated","not violated","Video presents a prayer for anxiety relief, not providing medical or therapeutic advice."
"Youtube","Transcript","vmq_X0__Yac",0,TRUE,0,0,"not applicable","not violated","not violated","Discussion about commercialization and market trends, no medical claims or misinformation"
"Youtube","Transcript","_srZLeX19no",0,TRUE,0,0,"not applicable","not applicable","not applicable","No mental health information is present in the audio transcript."
"Youtube","Transcript","lPetf9_RGuw",1,TRUE,0.8,1,"not applicable","violated","not violated","Denies existence of depression, contradicting current scientific consensus."
"Youtube","Transcript","R1SradXb2nc",0,TRUE,0,0,"not applicable","not applicable","not applicable","No mental health information provided"
"Youtube","Transcript","-lfrX_32msI",0,TRUE,0,0,"not applicable","not applicable","not applicable","No mental health information or claims are made in the transcript."
"Youtube","Transcript","FDJkQ1vD4IQ",0,TRUE,0,0,"not applicable","not applicable","not applicable","No mental health information or claims are made in the video transcript."
"Youtube","Transcript","td_3gTNbPBU",0,TRUE,0,0,"not applicable","not violated","not applicable","Video discusses potential data privacy concerns, not mental health interventions or treatments."
"Youtube","Transcript","xRK0uztdk6A",0,TRUE,0,0,"not violated","not violated","not violated","Video accurately distinguishes burnout from depression and suggests evidence-based interventions."
"Youtube","Transcript","Kbwp7d705iE",0,TRUE,0,0,"not violated","not violated","not violated","All suggestions are evidence-based and align with medical consensus."
"Youtube","Transcript","Cm1bXg60f88",0,TRUE,0,0,"not applicable","not applicable","not applicable","The transcript appears to be a song lyrics, not related to mental health information."
"Youtube","Transcript","rqD5L8RJbbc",0,TRUE,0,0,"not applicable","not violated","not violated","Video promotes self-acceptance and challenging oneself, which aligns with general mental health principles."
"Youtube","Transcript","5gpIG1EHusE",1,TRUE,1,1,"violated","violated","violated","Claims autism is a demon and can be instantly cured with prayer, contradicting medical consensus and evidence-based treatment."
"Youtube","Transcript","xphnHCRgvOg",0,TRUE,0,0,"not applicable","not violated","not applicable","Video accurately describes schizophrenia symptoms according to medical consensus."
"Youtube","Transcript","2xcCGRRgHMg",0,TRUE,0,0,"not applicable","not violated","not violated","Video accurately describes depression symptoms and encourages seeking treatment, aligning with medical consensus."
"Youtube","Transcript","PbxpBlb4Ozw",1,TRUE,0.9,1,"violated","violated","violated","Unproven treatment with peptides, no scientific evidence provided"
"Youtube","Transcript","zxCUkSvt4Cg",0,TRUE,0,0,"not applicable","not applicable","not applicable","This is a real-time emergency response transcript, not a mental health information video."
"Youtube","Transcript","Lck4bBz-Xsk",0,TRUE,0,0,"not applicable","not violated","not applicable","Prayer is a common coping mechanism and not a violation of medical consensus."
"Youtube","Transcript","-iVIZqE00_0",0,TRUE,0,0,"not applicable","not violated","not violated","Video presents personal experience and awareness message without false medical claims."
"Youtube","Transcript","JddEj1fG2kE",0,TRUE,0,0,"not applicable","not applicable","not applicable","No mental health information or claims presented in the audio transcript."
"Youtube","Transcript","4s-UDZwihbg",0,TRUE,0.8,1,"not violated","not violated","violated","The video discourages evidence-based treatment by suggesting that staying hidden and ruminating is a natural response to low mood, rather than encouraging active coping strategies."
"Youtube","Transcript","SLh9nuDIb7k",0,TRUE,0,0,"not applicable","not applicable","not applicable","No mental health information present in the transcript."
"Youtube","Transcript","hqpJBhkFKcU",0,TRUE,0,0,"not applicable","not violated","not applicable","Video discusses stigma around men's mental health, promoting openness and support."
"Youtube","Transcript","V4itEOdoa94",0,TRUE,0,0,"not applicable","not violated","not applicable","The video does not contain any medical claims or advice, but rather a personal anecdote about a family member's experience with paranoid schizophrenia."
"Youtube","Transcript","JRKh2fntvAI",0,TRUE,0,0,"not violated","not violated","not violated","Video provides general advice on supporting loved ones with depression, aligning with established guidelines."
"Youtube","Transcript","jvU-Ra_HO7c",0,TRUE,0,0,"not applicable","not applicable","not applicable","No information available to assess for mental health misinformation."
"Youtube","Transcript","kKzlbEEG6YI",0,TRUE,0,0,"not applicable","not applicable","not applicable","No mental health information provided"
"Youtube","Transcript","a54ae-6r2wo",0,TRUE,0,0,"not applicable","not applicable","not applicable","Video appears to be a song, not a mental health information source."
"Youtube","Transcript","BQ7KlyhsQxE",0,TRUE,0,0,"not applicable","not applicable","not applicable","The video appears to be a conversation between a barber and a client, discussing a haircut. No mental health information is provided."
"Youtube","Transcript","vDAOPkiqN8o",0,TRUE,0,0,"not applicable","not violated","not applicable","Video accurately lists common symptoms of depression, without providing misinformation or promoting unproven treatments."
"Youtube","Transcript","witXIuWR8t4",0,TRUE,0,0,"not applicable","not applicable","not applicable","Video appears to be nonsensical poetry, not related to mental health"
"Youtube","Transcript","pEFU9ziZHSA",0,TRUE,1,1,"violated","not violated","violated","The video promotes a potentially harmful and unproven intervention (getting a six pack) as a solution to suicidal thoughts, and discourages evidence-based treatment."
"Youtube","Transcript","WCeHc48hEeQ",1,TRUE,0,0,"not applicable","not applicable","not applicable","No information available to assess for mental health misinformation."
"Youtube","Transcript","HH4s5KExwH8",0,TRUE,0,0,"not applicable","not applicable","not applicable","Video appears to be a sports commentary or vlog, not related to mental health information."
"Youtube","Transcript","2VCoWG8sCng",0,TRUE,0,0,"not applicable","not applicable","not applicable","No mental health information or claims presented"
"Youtube","Transcript","XEARfmD4yHs",0,TRUE,0,0,"not applicable","not applicable","not applicable","No mental health information is presented in the transcript."
"Youtube","Transcript","ffx8Yq7CWNI",0,TRUE,0.8,1,"violated","not violated","not violated","Unproven and potentially hazardous technique for anxiety relief"
"Youtube","Transcript","sClf1AE5IlQ",1,TRUE,1,1,"violated","violated","violated","Denies chemical imbalance as cause of mental health disorders, promotes anti-pharmaceutical stance."
"Youtube","Transcript","XSICXA8LyFA",0,TRUE,0,0,"not violated","not violated","not violated","Video presents ashwagandha as a potential natural remedy for stress and anxiety, referencing a study with positive findings."
"Youtube","Transcript","p-dSORvlAIY",0,TRUE,0,0,"not applicable","not violated","not violated","No mental health information or interventions discussed."
"Youtube","Transcript","lREzP3sDYUI",0,TRUE,0,0,"not applicable","not applicable","not applicable","Video appears to be a song or emotional support message, not providing mental health information."
"Youtube","Transcript","xaxEHT1nDdM",0,TRUE,0,0,"not applicable","not applicable","not applicable","No mental health information or claims are made in the transcript."
"Youtube","Transcript","WMlYOjBMoMQ",0,TRUE,0,0,"not violated","not violated","not violated","Jamie Turner presents a self-reported, non-professional test for ADHD, but does not claim it's a definitive diagnosis or treatment."
"Youtube","Transcript","YEH73NCYX34",0,TRUE,0,0,"not applicable","not violated","not violated","Prayer and scripture-based intervention, consistent with Christian faith and not contradicting medical consensus."
"Youtube","Transcript","l1iHYY5H8mg",0,TRUE,0,0,"not applicable","not applicable","not applicable","No information on mental health interventions or claims provided"
"Youtube","Transcript","FqohaPpqpjc",0,TRUE,0,0,"not applicable","not violated","not applicable","Video promotes a self-focused perspective, but does not contain medical claims or misinformation."
"Youtube","Transcript","kGvNjCClf9g",1,TRUE,0.8,1,"violated","violated","not violated","Claims that speed and constant activity can prevent depression contradict medical consensus on depression causes and treatments."
"Youtube","Transcript","T3No207BAOc",0,TRUE,0,0,"not applicable","not applicable","not applicable","Video is a cooking segment with no mental health content"
"Youtube","Transcript","TsJEz8SNvWs",0,TRUE,0,0,"not applicable","not applicable","not applicable","No information on mental health interventions or claims provided"
"Youtube","Transcript","2GHRJva4ixY",0,TRUE,0,0,"not applicable","not applicable","not applicable","No information on mental health interventions or claims provided"
"Youtube","Transcript","x-4q_BVbLyk",0,TRUE,0,0,"not applicable","not violated","not violated","Video provides general, non-specific advice and encourages seeking help, aligning with medical consensus."
"Youtube","Transcript","f4aNsjG6DSc",0,TRUE,0,0,"not applicable","not applicable","not applicable","No mental health information or claims presented."
"Youtube","Transcript","sNmdOlHw9tA",0,TRUE,0,0,"not applicable","not applicable","not applicable","Video is a personal testimony without any medical claims or advice."
"Youtube","Transcript","azSOkDF_I4w",0,TRUE,0.8,1,"not applicable","violated","not applicable","Spidey inaccurately states that a head injury caused schizophrenia, a complex disorder with no single cause."
"Youtube","Transcript","Ru3mYwN_Pfo",0,TRUE,0.8,1,"not applicable","violated","not applicable","The video trivializes suicidal thoughts and implies they are fleeting, which contradicts medical consensus."
"Youtube","Transcript","VCE2qCzOlKY",0,TRUE,0,0,"not applicable","not violated","not applicable","Video describes physical signs of autism, not treatments or interventions."
"Youtube","Transcript","ibXssa_Usdw",0,TRUE,0,0,"not applicable","not applicable","not applicable","Video appears to be a song or poem, not a mental health information source."
"Youtube","Transcript","sN3Cp_fuIlo",0,TRUE,0,0,"not applicable","not applicable","not applicable","No mental health information is presented in this transcript."
"Youtube","Transcript","AhJqmzBow4E",0,TRUE,0,0,"not applicable","not applicable","not applicable","No mental health information is provided in the transcript."
"Youtube","Transcript","8e8lN2GvYv0",0,TRUE,0,0,"not applicable","not applicable","not applicable","Video is a personal anecdote about a parent's experience with their child's reaction to a hairstyle, not a medical or mental health claim."
"Youtube","Transcript","5n5CE4J4IZE",0,TRUE,0,0,"not applicable","not applicable","not applicable","No information on mental health interventions or claims provided"
"Youtube","Transcript","ftnS5k1Exlk",0,TRUE,0,0,"not applicable","not applicable","not applicable","No mental health information provided"
"Youtube","Transcript","AndZjQMrwyQ",0,TRUE,0,0,"not applicable","not applicable","not applicable","No mental health information or claims presented"
"Youtube","Transcript","UJLwNZ0tld0",1,TRUE,1,1,"violated","violated","violated","Video promotes unrealistic and unproven cure for depression, denies existence of chemical depression, and discourages evidence-based treatment."
"Youtube","Transcript","l4MMRInq7M4",0,TRUE,0,0,"not applicable","not applicable","not applicable","Video appears to be a personal message, not providing medical information or advice."
"Youtube","Transcript","_-pjwq437YA",0,TRUE,0,0,"not applicable","not applicable","not applicable","Video appears to be a motivational or inspirational clip, lacking any mental health information."
"Youtube","Transcript","hF9dLAw1boE",1,TRUE,0.8,1,"not applicable","violated","not applicable","Denies the existence of transgender identity and implies it's a recent concept, contradicting current scientific consensus."
"Youtube","Transcript","TQfZhNUPN9s",1,TRUE,0.8,1,"not applicable","violated","not applicable","Claims that gender identity ideology exploits vulnerable individuals, including autistic people, and denies the possibility of transitioning."
"Youtube","Transcript","RFuSrSuzCc0",0,TRUE,0,0,"not applicable","not violated","not applicable","Video accurately describes acute trauma as a response to a specific, one-time event, aligning with medical consensus."
"Youtube","Transcript","po6qn9DJGaU",0,TRUE,0,0,"not applicable","not applicable","not applicable","No information on mental health interventions or claims provided"
"Youtube","Transcript","Vn1S5EsD45o",0,TRUE,0,0,"not applicable","not violated","not applicable","Video describes personal experiences and symptoms of ADHD in women, aligning with medical consensus."
"Youtube","Transcript","9voN1pzwTks",1,TRUE,0.8,1,"violated","violated","violated","Claims that antidepressants suppress emotions and that quitting them leads to happiness contradict current scientific consensus."
"Youtube","Transcript","45Bc03Di7UU",1,TRUE,0.8,1,"not applicable","violated","not violated","Denies the importance of acknowledging mental health issues, potentially discouraging help-seeking behavior."
"Youtube","Transcript","wqBAohnacCk",0,TRUE,0,0,"not violated","not violated","not violated","Explanation of cannabis tolerance aligns with current scientific understanding."
"Youtube","Transcript","PiEVS3tewbE",0,TRUE,0,0,"not applicable","not applicable","not applicable","No information on mental health interventions or claims provided"
"Youtube","Transcript","ghs3oO8vIqI",0,TRUE,0,0,"not applicable","not applicable","not applicable","Video is unrelated to mental health information"
"Youtube","Transcript","vTLI3fmlJdI",0,TRUE,0.8,1,"not violated","violated","not violated","Low progesterone linked to anxiety and depression is not supported by current scientific consensus."
"Youtube","Transcript","HBIfl_o93cU",0,TRUE,0,0,"not applicable","not violated","not violated","Video presents general stress management strategies that align with current scientific consensus."
"Youtube","Transcript","pBt9OAs3YaU",0,TRUE,0,0,"not applicable","not violated","not applicable","Video presents a philosophical perspective on depression, not a medical claim."
"Youtube","Transcript","P8iIZmo73uY",0,TRUE,0,0,"not applicable","not applicable","not applicable","No mental health information or claims presented"
"Youtube","Transcript","cmNAny-l6dU",0,TRUE,0,0,"not applicable","not violated","not applicable","Discussion focuses on responsible content creation, not promoting specific treatments or interventions."
"Youtube","Transcript","K8MoD7aEiwE",0,TRUE,0,0,"not applicable","not applicable","not applicable","No mental health information provided"
"Youtube","Transcript","bCbnJrh_PLQ",0,TRUE,0,0,"not applicable","not violated","not applicable","The video does not contain any medical claims or misinformation."
"Youtube","Transcript","VJmHwDD4RV8",0,TRUE,0,0,"not applicable","not applicable","not applicable","No information on mental health interventions or claims provided"
"Youtube","Transcript","CFilk8vVBe8",1,TRUE,0.8,1,"violated","violated","violated","Anti-gravity humidifier is not a recognized treatment for anxiety or stress, and its effectiveness is unsubstantiated."
"Youtube","Transcript","3fS21sjTNgk",0,TRUE,0.9,1,"violated","violated","violated","Claims depression medicine only buys time, not a cure, and that symptoms will return upon cessation, contradicting medical consensus."
"Youtube","Transcript","ViB1YrWjLcM",0,TRUE,0,0,"not applicable","not applicable","not applicable","No mental health information provided"
"Youtube","Transcript","DKn5yUHYxhw",1,TRUE,0.8,1,"violated","violated","not violated","Claims Tourette's and OCD vanished after spiritual awakening, contradicting medical consensus."
"Youtube","Transcript","WLFVgnafcbM",0,TRUE,0,0,"not applicable","not applicable","not applicable","No mental health information provided"
"Youtube","Transcript","7uDNYF-srTk",0,TRUE,0,0,"not applicable","not applicable","not applicable","No medical claims or interventions mentioned in the transcript."
"Youtube","Transcript","IeFx75P7GyQ",1,TRUE,0,0,"not violated","not violated","not violated","The video discusses a phenomenon called 'poop out' but does not provide false medical claims or discourage evidence-based treatment."
"Youtube","Transcript","G79hhCdPxlI",0,TRUE,0.8,1,"violated","not violated","violated","Unproven claim about Adderall to Vibran switch as a viable alternative"
"Youtube","Transcript","1GPv1u9831I",0,TRUE,0,0,"not violated","not violated","not violated","Video describes a personal experience of managing a panic attack with positive conversation and refocusing, no misinformation or unproven claims."
"Youtube","Transcript","pqsQjxDwKKI",0,TRUE,0,0,"not applicable","not applicable","not applicable","No information available to assess for mental health misinformation."
"Youtube","Transcript","erbXyUpLVus",0,TRUE,0,0,"not applicable","not applicable","not applicable","Video appears to be a recording of a person experiencing anxiety or frustration, but does not contain any medical claims or advice."
"Youtube","Transcript","bd4AyyVJfSg",0,TRUE,0,0,"not applicable","not violated","not applicable","The video discusses a sensitive topic but does not provide misinformation about mental health or interventions."
"Youtube","Transcript","AN8G04sUFVc",0,TRUE,0,0,"not applicable","not violated","not applicable","The video does not contain any medical claims or advice, but rather a personal anecdote about a family member's mental illness."
"Youtube","Transcript","tV7ccFnV6z4",0,TRUE,0,0,"not applicable","not violated","not applicable","No false medical claims or misinformation presented."
"Youtube","Transcript","AN2-DxCiPVA",0,TRUE,0,0,"not applicable","not applicable","not applicable","Video appears to be a motivational or inspirational message without any medical claims."
"Youtube","Transcript","lhuRuSguN_Y",1,TRUE,0.8,1,"not applicable","violated","not applicable","Denies existence of bipolar disorder and makes unsubstantiated claims about medication and media control."
"Youtube","Transcript","nubEgLuWFTM",0,TRUE,0,0,"not applicable","not violated","not applicable","The video does not provide medical claims or information about treatments or interventions for mental health."
"Youtube","Transcript","qQnEeQpIjC0",0,TRUE,0,0,"not applicable","not applicable","not applicable","No information on mental health interventions or claims provided"
"Youtube","Transcript","4e9-6N3ffFA",0,TRUE,0,0,"not applicable","not applicable","not applicable","Video appears to be a lyrical passage from a song, not a mental health information video."
"Youtube","Transcript","-slve8ec_1g",1,TRUE,0,0,"not applicable","not applicable","not applicable","No information available to assess for mental health misinformation."
"Youtube","Transcript","wSpjYZWxG3E",0,TRUE,0,0,"not applicable","not applicable","not applicable","No mental health information or claims are present in the audio transcript."
"Youtube","Transcript","ELNDPhTnqoQ",0,TRUE,0,0,"not applicable","not applicable","not applicable","No mental health information discussed"
"Youtube","Transcript","0F6rrGGTDCE",0,TRUE,0.8,1,"not applicable","violated","not applicable","Claims that Wisconsin is a 'bipolar state' is a colloquialism, but not a scientifically supported concept."
"Youtube","Transcript","xItwPY-G0wY",0,TRUE,0,0,"not violated","not violated","not violated","Video accurately describes the role of serotonin and dopamine in neuroscience and the effects of antidepressants."
"Youtube","Transcript","SsPFNgywqHQ",0,TRUE,0,0,"not applicable","violated","not applicable","The video's medically relevant claim contradicts current scientific consensus about mental health, implying that online interactions can prevent suicide without evidence-based treatment."
"Youtube","Transcript","zNdct_3B_ZE",0,TRUE,0,0,"not applicable","not applicable","not applicable","No mental health information or claims presented"
"Youtube","Transcript","501f2k1y9W0",0,TRUE,0,0,"not applicable","not applicable","not applicable","No mental health information provided"
"Youtube","Transcript","lRaANJuKScE",0,TRUE,0,0,"not applicable","not applicable","not applicable","No medical information or claims presented in the audio transcript."
"Youtube","Transcript","TpwGmyLf2Jk",1,TRUE,0,0,"not applicable","not applicable","not applicable","Video promotes self-care and relaxation, not providing medical advice or claims."
"Youtube","Transcript","70FM7M62_TI",0,TRUE,0,0,"not violated","not violated","not violated","The video presents a fidget toy advent calendar as a gift idea for someone with ADHD, which is a common and evidence-based strategy for managing ADHD symptoms."
"Youtube","Transcript","BxGK5gI4WEw",0,TRUE,0,0,"not violated","not violated","not violated","Video provides general, evidence-based advice for sleep hygiene and stress management."
"Youtube","Transcript","QLtouqQU3ME",0,TRUE,0,0,"not applicable","not violated","not applicable","Video presents a nuanced understanding of ADHD, aligning with current scientific consensus."
"Youtube","Transcript","5q42Tj2Gw5U",0,TRUE,0,0,"not violated","not violated","not violated","The speaker shares a personal experience of managing schizophrenia with medication, aligning with medical consensus."
"Youtube","Transcript","5a9SFaX_CEg",0,TRUE,0,0,"not applicable","not applicable","not applicable","No mental health information or claims are made in this conversation."
"Youtube","Transcript","FGbvrsRdgEk",0,TRUE,0.8,1,"not applicable","violated","not applicable","Trickle-to-lomania is not a real medical condition, and the speaker's claim that it's a privilege to have it is a clear contradiction to medical consensus."
"Youtube","Transcript","nKe9RIRDMVw",0,TRUE,0,0,"not violated","not violated","not violated","Video presents general wellness advice that aligns with current scientific consensus on mental health."
"Youtube","Transcript","fCOV4lbFrsE",0,TRUE,0,0,"not applicable","not applicable","not applicable","No mental health information provided"
"Youtube","Transcript","SdC_5B-iaDE",1,TRUE,0,0,"not applicable","not violated","not violated","Video presents a philosophical perspective on depression, not providing medical claims or interventions."
"Youtube","Transcript","s1gSdCkEf-o",0,TRUE,0,0,"not applicable","not violated","not applicable","Video discusses personal food choices and eating habits without promoting unproven treatments or contradicting medical consensus."
"Youtube","Transcript","QZYfVcw9gmU",0,TRUE,0.9,1,"violated","violated","not violated","Video presents unproven cures or false claims about disorders, specifically OCD and schizophrenia."
"Youtube","Transcript","xTHHA9exb9s",0,TRUE,0,0,"not violated","not violated","not violated","Video presents personal experience and accurate information about seeking help and understanding intrusive thoughts."
"Youtube","Transcript","H5QI9xo1xOI",0,TRUE,0,0,"not applicable","not violated","not violated","Video promotes self-compassion and acknowledges the need for emotional release, aligning with mental health consensus."
"Youtube","Transcript","hF9DepIPI3I",0,TRUE,0,0,"not applicable","not applicable","not applicable","Transcript does not contain any mental health information"
"Youtube","Transcript","NYVsd7vtdR8",0,TRUE,0,0,"not applicable","not violated","not applicable","Video presents accurate information about mental illness and its manifestations, aligning with medical consensus."
"Youtube","Transcript","jJjYkkDzEPM",0,TRUE,0,0,"not applicable","not applicable","not applicable","No information available to assess for mental health misinformation."
"Youtube","Transcript","mf81s35klLg",0,TRUE,0,0,"not applicable","not violated","not applicable","Video presents general, accurate information about physical-mental health connection."
"Youtube","Transcript","Y5JhFV37kCI",0,TRUE,1,1,"violated","violated","violated","Claims an unproven cure for anorexia, contradicting medical consensus."
"Youtube","Transcript","HOBQ71mdMbg",0,TRUE,0,0,"not applicable","not violated","not violated","Video provides general advice on identifying unqualified or unethical mental health helpers, promoting seeking professional help from a GP."
"Youtube","Transcript","GIaNwh8wdbo",0,TRUE,0,0,"not applicable","not applicable","not applicable","Video appears to be a motivational or inspirational quote, not providing mental health information."
"Youtube","Transcript","51dEvfAinZU",0,TRUE,0,0,"not applicable","not violated","not violated","Video does not provide medical advice or claims, but rather a colloquial suggestion to engage in hobbies."
"Youtube","Transcript","RiN8krXH-_U",0,TRUE,0,0,"not applicable","not applicable","not applicable","Video discusses personal struggles and decision to be honest, without providing any medical claims or interventions."
"Youtube","Transcript","FQPz_dizvzA",1,TRUE,0.8,1,"not applicable","violated","not applicable","Denies existence of depression, contradicting current scientific consensus."
"Youtube","Transcript","3lZiRXywXLY",0,TRUE,0,0,"not applicable","not applicable","not applicable","No information on mental health interventions or claims provided"
"Youtube","Transcript","tuKjuJraO4A",0,TRUE,0,0,"not violated","not violated","not violated","No misinformation or false medical claims presented."
"Youtube","Transcript","S84Pjo0xgbQ",0,TRUE,0,0,"not applicable","not violated","not applicable","Video accurately distinguishes between emotional state and mental illness, and describes adjustment reaction with depressed mood according to diagnostic criteria."
"Youtube","Transcript","JaAM2Kc2ecM",1,TRUE,0.8,1,"violated","violated","violated","Misleading explanation of depression, discouraging traditional treatment, and promoting unproven 'cure' through self-help and external focus."
"Youtube","Transcript","v7BYFVUOlTM",0,TRUE,0,0,"not applicable","not violated","not applicable","Video is a prayer for mental health, does not provide medical claims or interventions."
"Youtube","Transcript","-dcvAPBDhyg",0,TRUE,0.8,1,"not violated","not violated","violated","The video discourages evidence-based treatment by suggesting that mental illness can be cured through religious texts and does not require professional help."
"Youtube","Transcript","uztpEwk2jFc",0,TRUE,0,0,"not applicable","not applicable","not applicable","No mental health information or claims are made in this transcript."
"Youtube","Transcript","-20cMQKcbtg",0,TRUE,0,0,"not applicable","not applicable","not applicable","No mental health information provided"
"Youtube","Transcript","8oTrRXdFZ3M",0,TRUE,0,0,"not applicable","not violated","not applicable","Video lists common signs of depression, which is a widely accepted medical consensus."
"Youtube","Transcript","wC5YCHS3pQ8",0,TRUE,0,0,"not applicable","not applicable","not applicable","No medical claims or interventions discussed."
"Youtube","Transcript","3YiGN7OGnkQ",0,TRUE,0,0,"not violated","not violated","not violated","Video discusses personal experience with medication and encourages refilling prescriptions, no misinformation present."
"Youtube","Transcript","maxAwL3z2gs",0,TRUE,0,0,"not violated","not violated","not violated","Video provides accurate information about vitamin D and its relationship to depression, and cautions against excessive supplementation."
"Youtube","Transcript","n5IEL3X1uqo",0,TRUE,0,0,"not applicable","not violated","not applicable","Video accurately describes BPD symptoms and characteristics, aligning with medical consensus."
"Youtube","Transcript","8AOJJTXAEQs",0,TRUE,0,0,"not applicable","not violated","not violated","Video presents general signs of declining mental health, without promoting unproven treatments or contradicting medical consensus."
"Youtube","Transcript","R5W4r8ZIomE",0,TRUE,0,0,"not applicable","not applicable","not applicable","The video discusses a personal concern about an even number of tears, unrelated to mental health."
"Youtube","Transcript","E-zt0lausAM",0,TRUE,0,0,"not applicable","not applicable","not applicable","No mental health information or claims presented."
"Youtube","Transcript","9R2VOeiPMAA",0,TRUE,0,0,"not applicable","not applicable","not applicable","No mental health information provided"
"Youtube","Transcript","H6DQDcgH9-o",1,TRUE,0.8,1,"not applicable","violated","not applicable","Claims that schizophrenia is caused by sensitivity to the spirit world and DMT, contradicting current scientific consensus that schizophrenia is a neurodevelopmental disorder."
"Youtube","Transcript","jSYT7raFRiI",0,TRUE,0,0,"not applicable","not violated","not applicable","Video shares personal experience of depression without promoting misinformation or contradicting medical consensus."
"Youtube","Transcript","eXkh4-YasF4",1,TRUE,0.8,1,"not applicable","violated","not applicable","Denies the existence of gender dysphoria and mislabels a person's gender identity."
"Youtube","Transcript","dgSciNgu_Ac",0,TRUE,0.8,1,"not applicable","violated","not applicable","Claims that nutrients are unaffected by food preparation methods contradict scientific consensus on nutrition."
"Youtube","Transcript","_d-pWbhC5yY",0,TRUE,0,0,"not applicable","not applicable","not applicable","Video appears to be a celebratory announcement with no mental health information"
"Youtube","Transcript","GjWYdyrJlks",0,TRUE,0,0,"not applicable","not applicable","not applicable","No mental health information or claims are made in the video transcript."
"Youtube","Transcript","ojiGCHY_9vU",0,TRUE,0,0,"not applicable","not violated","not violated","Video presents a simple, goal-oriented strategy for managing anxiety, consistent with cognitive-behavioral therapy principles."
"Youtube","Transcript","FAr6GwkASl0",1,TRUE,0,0,"not applicable","not applicable","not applicable","No information on mental health interventions or claims provided"
"Youtube","Transcript","Py7ugezAlZs",0,TRUE,0,0,"not applicable","not applicable","not applicable","No information available to assess for mental health misinformation."
"Youtube","Transcript","BAWG8zL87Ts",0,TRUE,0,0,"not applicable","not applicable","not applicable","No mental health information discussed"
"Youtube","Transcript","ePYCbycBgn0",0,TRUE,0,0,"not applicable","not applicable","not applicable","No medical claims or interventions discussed in the transcript."
"Youtube","Transcript","D_EWjyZYnmQ",0,TRUE,0,0,"not applicable","not violated","not violated","Video provides general, non-specific advice without making any false medical claims."
"Youtube","Transcript","qZT_3z5IEa0",0,TRUE,0,0,"not applicable","not violated","not applicable","No medical claims or interventions mentioned, only book recommendations"
"Youtube","Transcript","22SU-5ni5vs",0,TRUE,0,0,"not applicable","not applicable","not applicable","Video is a title screen with no content, therefore no misinformation can be evaluated."
"Youtube","Transcript","GLb6Q9_XHHA",0,TRUE,0,0,"not applicable","not violated","not applicable","Video is a personal anecdote about ADHD symptoms, not providing medical information or advice."
"Youtube","Transcript","Ym1BiBXciMA",0,TRUE,0,0,"not applicable","not applicable","not applicable","No information on mental health interventions or claims provided"
"Youtube","Transcript","Y83salNpzAo",0,TRUE,0,0,"not applicable","not violated","not violated","Prayer is a personal expression of faith and not a treatment for anxiety."
"Youtube","Transcript","fKFFzqe1uNI",0,TRUE,0,0,"not applicable","not violated","not violated","Video promotes seeking help and support, aligning with medical consensus and evidence-based treatment."
"Youtube","Transcript","KgDEatZqooo",0,TRUE,0,0,"not applicable","not violated","not applicable","Statement is a general observation and does not contain false medical claims."
"Youtube","Transcript","waVltXLvwaU",0,TRUE,0,0,"not applicable","not violated","not violated","Video discusses general principles of stress and anxiety, without promoting unproven treatments or contradicting medical consensus."
"Youtube","Transcript","GzvFeIvZHzw",0,TRUE,0,0,"not applicable","not applicable","not applicable","Transcript does not contain any mental health information"
"Youtube","Transcript","4tTkgyql540",0,TRUE,0,0,"not applicable","not applicable","not applicable","Video discusses personal anxiety about following someone on Twitch, not mental health misinformation."
"Youtube","Transcript","da4nMAEQYkQ",0,TRUE,0,0,"not applicable","not applicable","not applicable","No medical claims or interventions discussed, just personal experience and speculation."
"Youtube","Transcript","jwIqKe_sOjY",0,TRUE,0,0,"not applicable","not applicable","not applicable","No mental health information is provided in the transcript."
"Youtube","Transcript","tVb3tRB-w8A",1,TRUE,0,0,"not applicable","not violated","not violated","Video discusses personal experience and spiritual guidance, no medical claims or misinformation."
"Youtube","Transcript","VLuoYiDExNM",0,TRUE,0.8,1,"not applicable","violated","not applicable","Claims contradict established medical consensus on ADHD, describing it as an 'attention overload disorder' rather than a disorder of sustained attention."
"Youtube","Transcript","r6gcPuVt4tg",0,TRUE,0,0,"not violated","not violated","not violated","Video accurately describes neural mechanisms of depression and benefits of mindfulness"
"Youtube","Transcript","OPQ8OdMTtsY",1,TRUE,0.8,1,"not applicable","violated","not applicable","Denies existence of a medical condition, contradicting medical consensus."
"Youtube","Transcript","Xjiz3HMQ69c",0,TRUE,0,0,"not violated","not violated","not violated","Video presents nuanced discussion of depression and its causes, without promoting misinformation or unproven treatments."
"Youtube","Transcript","NySvMEf1Wl8",0,TRUE,0,0,"not applicable","not violated","not applicable","Video discusses common challenges faced by autistic individuals, does not provide false medical claims or discourage evidence-based treatment."
"Youtube","Transcript","2VlYe0cWCcc",0,TRUE,0,0,"not applicable","not violated","not applicable","The video describes rare psychotic disorders without providing false medical claims or promoting unproven treatments."
"Youtube","Transcript","ttNsKrqSL5o",0,TRUE,0,0,"not applicable","not applicable","not applicable","No mental health information provided"
"Youtube","Transcript","n11vOGD4M2Y",0,TRUE,0,0,"not applicable","not applicable","not applicable","No information on mental health interventions or claims provided"
"Youtube","Transcript","IqJE1fwddcE",0,TRUE,1,1,"violated","violated","violated","Claims of government/medical conspiracy, unproven medical procedures, and lack of evidence-based treatment."
"Youtube","Transcript","3O3O_pXTk3g",1,TRUE,0.9,1,"violated","violated","violated","Claims unproven cure for OCD through prayer and supernatural intervention."
"Youtube","Transcript","9dmWYlmlDXs",0,TRUE,0,0,"not applicable","not applicable","not applicable","No mental health information provided"
"Youtube","Transcript","ATXBlWWLhLM",0,TRUE,0,0,"not applicable","not violated","not violated","Video discusses a personal anecdote and encourages viewers to find a solution to their problems, without providing any false medical claims."
"Youtube","Transcript","TX4Iv1gEFd0",0,TRUE,0,0,"not applicable","not violated","not violated","Video presents personal experiences and awareness messages without false medical claims."
"Youtube","Transcript","wKlBUm9YM5Y",0,TRUE,0,0,"not applicable","not applicable","not applicable","No mental health information provided"
"Youtube","Transcript","XIvgwh31Y0I",0,TRUE,0,0,"not applicable","not applicable","not applicable","No mental health information or claims presented"
"Youtube","Transcript","ARvogi1ndzw",0,TRUE,0,0,"not applicable","not applicable","not applicable","No mental health information discussed"
"Youtube","Transcript","lu3NHn3zD4M",1,TRUE,0.8,1,"not applicable","violated","not applicable","Denies mental health issues can be avoided, implying they are inevitable consequences of one's actions."
"Youtube","Transcript","tBjzrJ-QrZ0",0,TRUE,0,0,"not applicable","not applicable","not applicable","No information on mental health interventions or claims provided"
"Youtube","Transcript","EpNQyQ6FSo0",0,TRUE,0,0,"not applicable","not violated","not violated","Video presents a personal, faith-based perspective on anxiety and God's role in the future, without making any medically relevant claims."
"Youtube","Transcript","xj_NMYfRTAE",0,TRUE,0,0,"not applicable","not violated","not applicable","Video discusses mental health as a self-perception issue, not providing false medical claims."
"Youtube","Transcript","iHzrMT0u0ZA",0,TRUE,0,0,"not applicable","not violated","not violated","The video accurately lists various forms of self-harm and does not promote any unproven or misleading interventions."
"Youtube","Transcript","opNVstlrozg",1,TRUE,0,0,"not violated","not violated","not violated","The speaker promotes individualized treatment and encourages exploration of alternative options, without making false claims about medication or therapy."
"Youtube","Transcript","ShQVByme3fM",0,TRUE,0,0,"not applicable","not applicable","not applicable","No information about mental health interventions, consensus, or evidence-based treatment is provided."
"Youtube","Transcript","9rHW2vN1SVQ",0,TRUE,0,0,"not violated","not violated","not violated","Video promotes addressing mental health issues before attempting weight loss, aligning with medical consensus."
"Youtube","Transcript","WlONLaUuCMs",0,TRUE,0,0,"not applicable","not applicable","not applicable","No mental health information or claims are present in the transcript."
"Youtube","Transcript","LZG6ocf28oY",0,TRUE,0,0,"not applicable","not applicable","not applicable","No spoken content to evaluate for mental health misinformation"
"Youtube","Transcript","F-LbUkIMwlY",1,TRUE,0.9,1,"violated","violated","violated","Promotes unhealthy coping mechanisms and stigmatizes mental health issues."
"Youtube","Transcript","2XWIJLDTw3I",0,TRUE,0,0,"not applicable","not violated","not applicable","No mental health claims or interventions mentioned."
"Youtube","Transcript","Z2SUM-6uppg",0,TRUE,0,0,"not applicable","not applicable","not applicable","No mental health information or claims presented in the audio transcript."
"Youtube","Transcript","s0XDNfVwum8",0,TRUE,0,0,"not applicable","not applicable","not applicable","No information on mental health interventions or claims provided"
"Youtube","Transcript","C7mOxPCRB6U",0,TRUE,0,0,"not applicable","not violated","not violated","Video shares personal experience and awareness about the effects of pornography, without providing false medical claims or promoting unproven treatments."
"Youtube","Transcript","azC_jsgJPF8",1,TRUE,0,0,"not applicable","not violated","not applicable","The video's message aligns with current scientific consensus that depression is a temporary condition."
"Youtube","Transcript","vdymO4ejH4s",0,TRUE,0,0,"not applicable","not violated","not violated","Video discusses personal growth and balance, without promoting false medical claims or discouraging evidence-based treatment."
"Youtube","Transcript","gwlaME7KAz0",0,TRUE,0,0,"not applicable","not violated","not applicable","Video promotes awareness and seeking support, aligning with medical consensus."
"Youtube","Transcript","yEj9ReWx-4I",0,TRUE,0,0,"not applicable","not applicable","not applicable","No information provided about mental health interventions, consensus, or treatment."
"Youtube","Transcript","un87txktclU",0,TRUE,0,0,"not applicable","not violated","not violated","The speaker acknowledges the reality of depression and promotes hope, which aligns with current medical consensus."
"Youtube","Transcript","V6UrhD7XKpw",0,TRUE,0,0,"not applicable","not violated","not applicable","The transcript presents a neutral, research-based discussion on bipolar disorder without promoting any unproven treatments or interventions."
"Youtube","Transcript","0zbuCsFFrxs",0,TRUE,0,0,"not applicable","not applicable","not applicable","Video discusses personal experience and feelings, no medical claims or misinformation."
"Youtube","Transcript","Z2-263iTC3o",0,TRUE,0,0,"not applicable","not applicable","not applicable","No medical claims or interventions mentioned"
"Youtube","Transcript","J94iXSoTrl8",0,TRUE,0.8,1,"not applicable","violated","not applicable","Denies the importance of person-first language, which is a widely accepted convention in mental health."
"Youtube","Transcript","Q5ydCZrGVak",0,TRUE,0,0,"violated","not violated","not violated","No medical claims or interventions are presented as scientifically proven or evidence-based, but the video does not claim to be a replacement for medical treatment."
"Youtube","Transcript","RNGBRZTx79E",1,TRUE,0.8,1,"not applicable","violated","not applicable","Denies the validity of trans identity and experiences, contradicting medical consensus."
"Youtube","Transcript","NDth6RTupfI",0,TRUE,0,0,"not applicable","not violated","not violated","Video promotes discussing mental health and firearm safety, aligning with medical consensus."
"Youtube","Transcript","iJncRZQHU3w",1,TRUE,0.8,1,"violated","violated","violated","The video promotes a simplistic and inaccurate approach to managing negative thoughts, contradicting current scientific understanding of cognitive processes."
"Youtube","Transcript","s1BxqnCpRzA",0,TRUE,0.8,1,"not applicable","violated","not applicable","Claims that a person's behavior is indicative of mental illness, without providing any evidence or medical context."
"Youtube","Transcript","LCyXbex1QM8",0,TRUE,0,0,"not applicable","not violated","not applicable","Video accurately describes ASD, aligning with medical consensus."
"Youtube","Transcript","Hxmb0Oa850A",0,TRUE,0,0,"not violated","not violated","not violated","Personal experience shared with cautionary advice, no false medical claims."
"Youtube","Transcript","umDbarMXl1s",0,TRUE,0,0,"not applicable","not violated","not violated","Video discusses personal experiences and growth, without promoting false medical claims or discouraging evidence-based treatment."
"Youtube","Transcript","OiARN50RBcQ",1,TRUE,0,0,"not applicable","not violated","not violated","Video does not provide medical claims or interventions, but rather a spiritual perspective on anxiety."
"Youtube","Transcript","A3e1pwVg6bs",0,TRUE,0,0,"not applicable","not violated","not applicable","No medical claims or interventions discussed; personal experience shared"
"Youtube","Transcript","4l0QPOCpfzY",0,TRUE,0,0,"not applicable","not applicable","not applicable","Transcript does not provide specific information about treatments or interventions."
"Youtube","Transcript","pXzHN2bvgJM",0,TRUE,0,0,"not applicable","not applicable","not applicable","No information on mental health interventions or claims provided"
"Youtube","Transcript","-6BWao7HgE8",1,TRUE,0,0,"not applicable","not violated","not violated","Video presents a biblical perspective on anxiety, aligning with general principles of faith-based coping mechanisms."
"Youtube","Transcript","szK-y3kgt7Q",0,TRUE,0,0,"not applicable","not violated","not violated","Video provides a non-judgmental and empathetic approach to managing compulsions, aligning with current understanding of anxiety as a protective mechanism."
"Youtube","Transcript","u1r43GNrtzA",0,TRUE,0,0,"not applicable","not violated","not applicable","Video only lists mental health conditions and does not provide misinformation or false claims."
"Youtube","Transcript","66JGqDLJ4QM",0,TRUE,0,0,"not applicable","not applicable","not applicable","No mental health information provided"
"Youtube","Transcript","3pkXLOdtWSE",0,TRUE,0,0,"not applicable","not applicable","not applicable","No mental health information provided"
"Youtube","Transcript","LInEgQJnzoc",0,TRUE,0,0,"not applicable","not applicable","not applicable","No discussion of mental health treatments or interventions"
"Youtube","Transcript","62lcuqA1S6Q",0,TRUE,0,0,"not applicable","not violated","not violated","Video accurately describes apathy and its causes, aligning with medical consensus."
"Youtube","Transcript","L_I-7ltNZyE",0,TRUE,0,0,"not applicable","not violated","not violated","Video presents personal experience and opinion without false medical claims."
"Youtube","Transcript","6tTr9dn9bQc",0,TRUE,0.8,1,"not violated","violated","not violated","Misrepresents cognitive behavioral therapy as questioning the justification of feelings, rather than challenging negative thought patterns."
"Youtube","Transcript","OCRKI5WYk6k",0,TRUE,0,0,"not applicable","not violated","not violated","The video presents general warning signs of addiction that align with medical consensus and do not discourage evidence-based treatment."
"Youtube","Transcript","qt2Bpryqnv0",0,TRUE,0,0,"not applicable","not applicable","not applicable","No information on mental health interventions or claims provided"
"Youtube","Transcript","3Y4qKvB1R6s",0,TRUE,0,0,"not applicable","not applicable","not applicable","No information available to assess for mental health misinformation."
"Youtube","Transcript","7EAx33wtx9w",0,TRUE,0,0,"not applicable","not applicable","not applicable","No information on mental health interventions or claims provided"
"Youtube","Transcript","QnCVCHKayOw",0,TRUE,0,0,"not applicable","not applicable","not applicable","No mental health information or claims are made in the transcript."
"Youtube","Transcript","p_hOzP7toUc",0,TRUE,0,0,"not applicable","not applicable","not applicable","No mental health information or claims presented."
"Youtube","Transcript","8WpPws3sonY",0,TRUE,0,0,"not applicable","not applicable","not applicable","No mental health information or interventions mentioned"
"Youtube","Transcript","8-2-4pmwDBw",1,TRUE,0,0,"not applicable","not applicable","not applicable","No information about interventions, consensus, or evidence-based treatment is provided."
"Youtube","Transcript","s-yy4LowrdU",0,TRUE,0,0,"not applicable","not applicable","not applicable","No mental health information is provided in the transcript."
"Youtube","Transcript","0I4leK5RS8g",1,TRUE,0,0,"not applicable","not violated","not violated","Video presents a narrative, not medical claims or interventions."
"Youtube","Transcript","Pnh7l_SiR_0",0,TRUE,0,0,"not violated","not violated","not violated","The advice to breathe out during a panic attack aligns with current scientific understanding of the physiology of panic attacks."
"Youtube","Transcript","i7aZs6OPT_Y",0,TRUE,0.8,1,"not violated","violated","not violated","Downplaying depression and suggesting a 2-3 week threshold for diagnosis contradicts medical consensus."
"Youtube","Transcript","2Itm-DRkhSs",0,TRUE,0,0,"not applicable","not applicable","not applicable","No information about mental health interventions, consensus, or treatment provided."
"Youtube","Transcript","PGu2-QOfLBA",0,TRUE,0,0,"not applicable","not violated","not applicable","Video describes personal experience of ADHD paralysis, does not provide medical claims or misinformation."
"Youtube","Transcript","YAv6DWGwM0o",0,TRUE,0,0,"not applicable","not applicable","not applicable","No information on mental health interventions or claims provided"
"Youtube","Transcript","3QHBfE64LHU",0,TRUE,0,0,"not applicable","not applicable","not applicable","No information on mental health interventions or claims provided"
"Youtube","Transcript","om-iqGmwMvA",0,TRUE,0,0,"not applicable","not violated","not applicable","Video discusses general concepts of connection and mental health without providing false medical claims."
"Youtube","Transcript","_aPT9EpeDZU",1,TRUE,0.8,1,"not applicable","violated","not applicable","Denies that men and women experience depression similarly, contradicting current scientific consensus."
"Youtube","Transcript","Xxz59AoBQcw",0,TRUE,0,0,"not applicable","not applicable","not applicable","No information available to assess for mental health misinformation."
"Youtube","Transcript","lwQ01TsuPLA",0,TRUE,0,0,"not applicable","not violated","not applicable","Video discusses societal normalization of negative behaviors, but does not provide medical claims or interventions."
"Youtube","Transcript","e4-NNSFIZNs",0,TRUE,0,0,"not applicable","not applicable","not applicable","No mental health information provided"
"Youtube","Transcript","s18lVVyFLYk",0,TRUE,0,0,"not applicable","not violated","not applicable","Video discusses possible causes of personality disorders, aligning with current scientific consensus."
"Youtube","Transcript","9gRBpX5dE90",0,TRUE,0,0,"not applicable","not violated","not applicable","The video discusses a personal experience with hallucinations, not providing medical claims or misinformation about schizophrenia."
"Youtube","Transcript","XOB_FYvRO5g",0,TRUE,0.8,1,"not applicable","violated","not applicable","The video misrepresents Hitler's mental health, contradicting historical consensus."
"Youtube","Transcript","kYZtrLHUNLM",0,TRUE,0.8,1,"violated","violated","violated","Misrepresents ADHD self-medication and dopamine's role, promoting false causality and treatment."
"Youtube","Transcript","c4QyR8zSkdQ",0,TRUE,0,0,"not applicable","not applicable","not applicable","No information on mental health interventions or claims provided"
"Youtube","Transcript","tMTLAaU2dFk",0,TRUE,0.8,1,"not applicable","violated","not applicable","The video inaccurately states that having schizophrenia in the family increases the likelihood of passing it to the child, contradicting current scientific consensus."
"Youtube","Transcript","RfNeRx02Xns",0,TRUE,0,0,"not applicable","not violated","not applicable","Video does not provide any mental health information or claims."
"Youtube","Transcript","CMucg9dZK7E",0,TRUE,1,1,"not applicable","violated","not applicable","Claims that schizophrenia can be cured by the universe or God contradict medical consensus."
"Youtube","Transcript","a_4DmDyMTa8",1,TRUE,1,1,"violated","violated","violated","Claims autism is caused by spirits and can be cured with prayer, contradicting medical consensus."
"Youtube","Transcript","omnqeiNj-4U",0,TRUE,0,0,"not applicable","not applicable","not applicable","No mental health information present in the transcript."
"Youtube","Transcript","rkK06N3cgiA",0,TRUE,0,0,"not applicable","not applicable","not applicable","Video appears to be a children's song or nursery rhyme, not a mental health information source."
"Youtube","Transcript","l7-hbQHrMyg",0,TRUE,0,0,"not applicable","not applicable","not applicable","No mental health information provided"
"Youtube","Transcript","bKdwHofYqhc",0,TRUE,0,0,"not applicable","not applicable","not applicable","Video does not provide any medical claims or advice."
"Youtube","Transcript","y6lz8sJaqsk",0,TRUE,0,0,"not applicable","not applicable","not applicable","No mental health information is provided in the transcript."
"Youtube","Transcript","_zro7CtfM34",0,TRUE,0,0,"not applicable","not applicable","not applicable","No mental health information is presented in the audio transcript."
"Youtube","Transcript","lF15GflGyIU",0,TRUE,0,0,"not applicable","not applicable","not applicable","No mental health information or claims presented"
"Youtube","Transcript","xMCVBQNlD00",0,TRUE,0.2,0,"not violated","not violated","not violated","Video cites a study on omega-3 supplements and anxiety, but lacks specific details and may be promotional"
"Youtube","Transcript","ikdcp3OOJBo",0,TRUE,0,0,"not applicable","not applicable","not applicable","Video discusses personal experience and self-awareness, no medical claims or misinformation."
"Youtube","Transcript","6RaXv-m8K9U",0,TRUE,0,0,"not violated","not violated","not violated","The video presents a personal coping strategy for managing depression and ADHD, without making any false medical claims."
"Youtube","Transcript","IgeDksPm-uk",0,TRUE,0,0,"not violated","not violated","not violated","Video accurately lists evidence-based treatments for seasonal depression."
"Youtube","Transcript","kl36liiKqhk",0,TRUE,0,0,"not applicable","not applicable","not applicable","No mental health information provided"
"Youtube","Transcript","tFkNw-mkBT8",0,TRUE,0,0,"not applicable","not applicable","not applicable","Video appears to be a song lyrics discussion, not a mental health information source."
"Youtube","Transcript","OERUqUnLzxw",0,TRUE,0,0,"not applicable","not applicable","not applicable","No information on mental health interventions or claims provided"
"Youtube","Transcript","a0-jlB-sRho",0,TRUE,0,0,"not applicable","not applicable","not applicable","No mental health information is discussed in the video."
"Youtube","Transcript","sQ9iinqa-KE",0,TRUE,0,0,"not applicable","not applicable","not applicable","No mental health information provided"
"Youtube","Transcript","4eZnWEOmdsc",0,TRUE,0.8,1,"not applicable","violated","not applicable","Misrepresents autism spectrum disorder, perpetuating a common misconception about the spectrum."
"Youtube","Transcript","Gz_Zg4kPy44",0,TRUE,0,0,"not applicable","not violated","not applicable","Prayer is a common coping mechanism for mental health, and this transcript does not contain any false medical claims."
"Youtube","Transcript","IFImSEAaMz0",0,TRUE,0,0,"not applicable","not violated","not applicable","Consensus supports framing mental illness as an injury, not a lifelong condition."
"Youtube","Transcript","JISZdOhsCBs",0,TRUE,0.8,1,"violated","not violated","not violated","Unproven treatment (anxiety rings) promoted without evidence"
"Youtube","Transcript","Cvu_iRftVwY",0,TRUE,0,0,"not applicable","not violated","not applicable","No medical claims or misinformation presented"
"Youtube","Transcript","7PxNgif85bE",0,TRUE,0,0,"not applicable","not applicable","not applicable","Video appears to be a personal reflection or thought process, no specific claims or information about mental health."
"Youtube","Transcript","BcKuX6TV1To",0,TRUE,0,0,"not applicable","not violated","not violated","Video discusses mental health stigma and its evolution, without promoting misinformation or false claims."
"Youtube","Transcript","QIsCSHSSz1Y",0,TRUE,0,0,"not applicable","not violated","not applicable","Video provides a general, non-clinical message about accepting change and appreciating the present moment."
"Youtube","Transcript","ee-f_yu9nQg",0,TRUE,0,0,"not applicable","not applicable","not applicable","Video appears to be a personal anecdote with no medical claims or advice."
"Youtube","Transcript","IAvQFhyNTeE",0,TRUE,0,0,"not violated","not violated","not violated","Video accurately describes schizophrenia and its symptoms, and promotes evidence-based treatment."
"Youtube","Transcript","5WkUpvW853E",1,TRUE,1,1,"violated","violated","violated","Denies existence of depression, contradicts medical consensus, and discourages evidence-based treatment."
"Youtube","Transcript","4A08pjnzAp8",0,TRUE,0,0,"not applicable","not violated","not applicable","Video presents accurate information about cannabis use and mental health risks, citing expert concerns and research evidence."
"Youtube","Transcript","msZG1Cryu-c",0,TRUE,0,0,"not violated","not violated","not violated","Video presents a prayer and encourages viewers to seek peace through faith, without making any false medical claims."
"Youtube","Transcript","CPhqdth_bAk",0,TRUE,0,0,"not applicable","not applicable","not applicable","No information on mental health interventions or claims provided"
"Youtube","Transcript","lpY0FFG9oBM",0,TRUE,0,0,"not applicable","not violated","not applicable","No medical claims or interventions discussed; personal experience shared."
"Youtube","Transcript","6lc4sXrjTow",0,TRUE,0,0,"not applicable","not violated","not applicable","No medical claims or interventions discussed, appears to be a personal crisis or anxiety episode."
"Youtube","Transcript","jslKU7vIxeY",0,TRUE,0.9,1,"violated","violated","not violated","Video presents unproven, low-quality information about treatment for autism, specifically the 'counteracting' light flicker theory."
"Youtube","Transcript","caJpg6F81jo",0,TRUE,0,0,"not applicable","not violated","not applicable","Video expresses personal experience and awareness, no false medical claims."
"Youtube","Transcript","WDymiiSfS4s",0,TRUE,0,0,"not applicable","not applicable","not applicable","No mental health information is presented in this video."
"Youtube","Transcript","q7EYMLToHjE",0,TRUE,0,0,"not applicable","not violated","not violated","Video promotes self-reflection and personal growth without making any medically relevant claims."
"Youtube","Transcript","_dLWisnAySY",0,TRUE,0,0,"not applicable","not applicable","not applicable","No mental health information provided"
"Youtube","Transcript","tyUlVGtmXZg",0,TRUE,0,0,"not violated","not violated","not violated","Video provides general self-care tips that align with current scientific consensus."
"Youtube","Transcript","jqffqAJRRLY",0,TRUE,0,0,"not applicable","not applicable","not applicable","No information on mental health interventions or claims provided"
"Youtube","Transcript","x1cj_NIx49M",1,TRUE,0,0,"not applicable","not violated","not applicable","Video shares personal prayers for mental health support, not providing medical advice or interventions."
"Youtube","Transcript","PwdAw2nE-s0",0,TRUE,0,0,"not applicable","not violated","not applicable","Video discusses stigma and misuse of mental health terms, but does not provide misinformation."
"Youtube","Transcript","ao9QHIrU3_Y",0,TRUE,0,0,"not applicable","not violated","not applicable","No medical claims or interventions mentioned, just a casual conversation."
"Youtube","Transcript","9whgryk-jdY",0,TRUE,0,0,"not applicable","not violated","not applicable","Video discusses compassion and cultural approach, no medical claims or interventions mentioned."
"Youtube","Transcript","8bsZGvE9pkU",0,TRUE,0,0,"not applicable","not violated","not violated","Video promotes a self-help strategy using personal items, without making any medically relevant claims."
"Youtube","Transcript","Ikx_gtjKBp0",0,TRUE,0,0,"not applicable","not applicable","not applicable","No mental health information or claims are present in the audio transcript."
"Youtube","Transcript","_gg8rAVtr5o",1,TRUE,0,0,"not applicable","not applicable","not applicable","No mental health information provided"
"Youtube","Transcript","FpS1Rsb1edc",0,TRUE,0,0,"not violated","not violated","not violated","The speaker is describing their personal experience with schizophrenia and hallucinations, not promoting a treatment or intervention."
"Youtube","Transcript","Ya8QvEz_pqs",0,TRUE,0,0,"not applicable","not applicable","not applicable","No mental health information provided"
"Youtube","Transcript","hlgaBBtsJEI",1,TRUE,0.8,1,"not applicable","violated","not applicable","Denies existence of mental health issues, contradicting medical consensus."
"Youtube","Transcript","U8WqEszw0ZY",0,TRUE,0,0,"not violated","not violated","not violated","The video does not provide any medical claims or interventions, and instead uses a humorous tone to discuss a personal experience."
"Youtube","Transcript","-gCSzvsCWCU",0,TRUE,0,0,"not applicable","not violated","not violated","Video presents personal experience and awareness message without false medical claims."
"Youtube","Transcript","yWGD0CocLXA",0,TRUE,0,0,"not applicable","not violated","not applicable","No specific mental health interventions or treatments mentioned, and no claims contradicting medical consensus."
"Youtube","Transcript","GA7oKrNNyFo",0,TRUE,0,0,"not violated","not violated","not violated","Video presents accurate information on eating disorders, their prevalence, and recovery."
"Youtube","Transcript","eM2wDYtggAM",0,TRUE,0,0,"not applicable","not applicable","not applicable","No mental health information provided"
"Youtube","Transcript","Tses1eKubME",0,TRUE,0,0,"not applicable","not applicable","not applicable","No mental health information provided"
"Youtube","Transcript","cBH6kwEoy6w",0,TRUE,0,0,"not applicable","not applicable","not applicable","Video appears to be a personal anecdote or motivational story, no medical claims made."
"Youtube","Transcript","ULCpQIkiixg",0,TRUE,0,0,"not applicable","not applicable","not applicable","No information on interventions, consensus, or evidence-based treatment is provided."
"Youtube","Transcript","SruTpupF20k",0,TRUE,0,0,"not applicable","not violated","not applicable","Video presents personal experience and perspective, without making any false medical claims or promoting unproven treatments."
"Youtube","Transcript","DPmkskPbsuI",0,TRUE,0,0,"not applicable","not applicable","not applicable","Transcript appears to be a personal food diary, not related to mental health information."
"Youtube","Transcript","-HSKuYeOZyY",0,TRUE,0,0,"not applicable","not applicable","not applicable","No information about mental health or interventions provided in the audio transcript."
"Youtube","Transcript","6mLnW-g39Rg",1,TRUE,0.8,1,"violated","not violated","not violated","Claims a specific supplement (EPA) can relieve both forms of depression without evidence."
"Youtube","Transcript","Ucemr3N4mMI",0,TRUE,0,0,"not applicable","not violated","not violated","Video discusses general wellness principles without making specific medical claims or promoting unproven treatments."
"Youtube","Transcript","v8dEHmvwwnQ",0,TRUE,0,0,"not applicable","not violated","not applicable","Video presents Bible verses as a source of comfort and reassurance, without making any medical claims or promoting unproven treatments."
"Youtube","Transcript","0wXg2ngro9M",0,TRUE,0,0,"not applicable","not violated","not violated","The video discusses a personal experience and a colloquial term, without making any medically inaccurate claims or discouraging evidence-based treatments."
"Youtube","Transcript","aPpQgvZYToo",0,TRUE,0,0,"not applicable","not applicable","not applicable","Video appears to be a humorous, observational clip of a toddler's daily life, without any medical claims or advice."
"Youtube","Transcript","IX2h1gcLXkU",0,TRUE,0,0,"not applicable","not violated","not applicable","Transcript accurately describes diagnostic criteria for Binge Eating Disorder (BED) from the Diagnostic and Statistical Manual of Mental Disorders (DSM-5)"
"Youtube","Transcript","Y_FErNCZ7g8",0,TRUE,0,0,"not applicable","not violated","not applicable","Video promotes acceptance and support, without spreading misinformation or contradicting medical consensus."
"Youtube","Transcript","XQh5vlmEKHY",0,TRUE,0,0,"not applicable","not applicable","not applicable","No mental health information provided"
"Youtube","Transcript","jUF1K9rsh9o",0,TRUE,0.8,1,"not applicable","violated","not applicable","Misinformation about mood disorders and ADHD, contradicting established medical consensus."
"Youtube","Transcript","IlsEZLs1PUI",1,TRUE,0,0,"not violated","not violated","not violated","Video presents accurate information about Tylenol risks and encourages evidence-based treatment."
"Youtube","Transcript","bib-90wfm1s",0,TRUE,0,0,"not applicable","not violated","not applicable","Video describes behavioral addiction symptoms in line with medical consensus."
"Youtube","Transcript","1gJa2-Z11Qs",1,TRUE,0.8,1,"not applicable","violated","not applicable","Denies clinical depression as a disease, contradicting medical consensus."
"Youtube","Transcript","E4VvdPsS6B0",0,TRUE,0,0,"not applicable","not applicable","not applicable","No mental health information provided"
"Youtube","Transcript","vzM2YJeAIUU",0,TRUE,0,0,"not applicable","not applicable","not applicable","No information on mental health interventions or claims provided"
"Youtube","Transcript","r4pnYvpJtKA",0,TRUE,0,0,"not applicable","not applicable","not applicable","No information on mental health interventions or claims provided"
"Youtube","Transcript","BAVHze_aoCY",0,TRUE,0.9,1,"violated","violated","not applicable","Claim contradicts medical consensus and lacks evidence for government involvement in water supply manipulation."
"Youtube","Transcript","9ThZOOXJvIg",0,TRUE,0,0,"not violated","not violated","not violated","Video presents personal experience and self-care strategies without false medical claims."
"Youtube","Transcript","iVVIrk9aFes",0,TRUE,0,0,"not applicable","not applicable","not applicable","No medical claims or interventions mentioned in the audio transcript."
"Youtube","Transcript","NxHUrzyrBsI",0,TRUE,0,0,"not applicable","not applicable","not applicable","No information on mental health interventions or claims provided"
"Youtube","Transcript","67-_cxW5GsM",0,TRUE,0,0,"not applicable","not applicable","not applicable","Video appears to be a personal, poetic expression of emotional resilience, not a medical or therapeutic claim."
"Youtube","Transcript","DLJLH3vm3Ec",0,TRUE,0,0,"not applicable","not applicable","not applicable","No mental health information is present in the transcript."
"Youtube","Transcript","i9-mEza2vbY",0,TRUE,0,0,"not applicable","not violated","not applicable","The video presents a nuanced discussion of cannabis use and psychosis risk, aligning with current scientific consensus."
"Youtube","Transcript","bWUoFJwf-s4",0,TRUE,0,0,"not applicable","not violated","not applicable","Video appears to be a personal anecdote, not providing medical information or claims."
"Youtube","Transcript","lKuYRcumQLg",0,TRUE,0,0,"not violated","not violated","not violated","Encourages critical thinking and seeking professional help, promoting evidence-based treatment."
"Youtube","Transcript","ul3UE8Z8EX8",1,TRUE,0,0,"not applicable","not violated","not applicable","Video provides a spiritual perspective on mental health, does not contain medical claims or interventions."
"Youtube","Transcript","3ePM7727_ug",1,TRUE,0,0,"not applicable","not applicable","not applicable","No information available to assess for mental health misinformation."
"Youtube","Transcript","DOta5VO4LI8",0,TRUE,0,0,"not applicable","not applicable","not applicable","No mental health information or claims presented in the transcript."
"Youtube","Transcript","uSB31DnftkM",0,TRUE,0,0,"not violated","not violated","not violated","Video promotes self-help and personal growth, without making any false medical claims."
"Youtube","Transcript","sJ1W2gzoNyY",0,TRUE,0,0,"not applicable","not applicable","not applicable","No mental health discussion or claims made."
"Youtube","Transcript","IOGKwaBmjnQ",0,TRUE,0,0,"not applicable","not applicable","not applicable","No mental health information or claims are made in the transcript."
"Youtube","Transcript","B9StQM7O_SU",1,TRUE,0,0,"not violated","not violated","not violated","Video presents a personal, faith-based perspective on mental health, without making false medical claims or discouraging evidence-based treatment."
"Youtube","Transcript","SJ5JN3GoEtc",0,TRUE,0,0,"not applicable","not applicable","not applicable","This is a personal conversation between family members, not a mental health information video."
"Youtube","Transcript","HpESXb-KXrU",0,TRUE,0.8,1,"not applicable","violated","not applicable","Incorrectly linking fictional characters to mental disorders without medical context"
"Youtube","Transcript","Y1JMsfxGUZ4",0,TRUE,0,0,"not applicable","not applicable","not applicable","No mental health information provided"
"Youtube","Transcript","MtfDPN7BHag",0,TRUE,0,0,"not applicable","not violated","not violated","Video promotes faith-based coping mechanisms, which are not inherently problematic or misleading."
"Youtube","Transcript","nsm5QK1fFgY",0,TRUE,0,0,"not applicable","not violated","not applicable","No specific mental health interventions or treatments mentioned, and no claims contradicting medical consensus."
"Youtube","Transcript","CxmWzYTg95s",0,TRUE,0.8,1,"violated","violated","violated","Video makes unsubstantiated claims about prayer removing anxiety and depression, contradicting medical consensus."
"Youtube","Transcript","xY6K2YoNB1c",0,TRUE,0,0,"not applicable","not violated","not applicable","The video shares a personal experience of panic attack without providing any misinformation or promoting unproven treatments."
"Youtube","Transcript","oBYHVIyRsPI",0,TRUE,0,0,"not violated","not violated","not violated","Video presents tips that align with current scientific consensus on ADHD management."
"Youtube","Transcript","kklTNZKx2jk",0,TRUE,0,0,"not applicable","not applicable","not applicable","Transcript appears to be a personal question, not a medical claim."
"Youtube","Transcript","jytc_QTsY4Q",0,TRUE,0,0,"not applicable","not applicable","not applicable","No information on mental health interventions or claims provided"
"Youtube","Transcript","GuugQIt_KqQ",0,TRUE,0,0,"not applicable","not violated","not applicable","The video discusses a personal experience with Adderall, without making any false medical claims."
"Youtube","Transcript","SUdRVPiZ6o0",0,TRUE,0.8,1,"not violated","violated","not violated","The video contradicts medical consensus by implying that expecting good things in life is a habit to avoid, which is not a recognized risk factor for depression."
"Youtube","Transcript","px7yku9rs2w",0,TRUE,0,0,"not applicable","not applicable","not applicable","No mental health information is presented in the transcript."
"Youtube","Transcript","a8JGsnY-RY0",0,TRUE,0,0,"not applicable","not violated","not applicable","No medical claims or interventions discussed, only a game recommendation."
"Youtube","Transcript","kVVDn7nwgRg",0,TRUE,0,0,"not applicable","not applicable","not applicable","No information on mental health interventions or claims provided"
"Youtube","Transcript","FjuelU1QMWY",1,TRUE,1,1,"violated","violated","violated","Promotes harmful eating habits and denies evidence-based treatment for anorexia, contradicting medical consensus."
"Youtube","Transcript","cYTxkDwS8aM",0,TRUE,0,0,"not applicable","not applicable","not applicable","This is a motivational quote from Samuel Beckett's play 'Waiting for Godot', not a mental health video."
"Youtube","Transcript","yyB2oEYKM6U",0,TRUE,0.8,1,"not applicable","violated","not applicable","Denies depression as a valid experience, contradicting medical consensus."
"Youtube","Transcript","ZnapOFQYaz0",0,TRUE,0,0,"not applicable","not applicable","not applicable","Video appears to be a personal, inspirational message with no medical claims."
"Youtube","Transcript","C5ss48kjixw",0,TRUE,0.8,1,"not applicable","violated","not applicable","Claims that prayer cured autism contradict medical consensus and lack scientific evidence."
"Youtube","Transcript","H94uwCMcT20",1,TRUE,0.8,1,"not violated","violated","not violated","Denies the existence of gender dysphoria as a mental disorder, contradicting current medical consensus."
"Youtube","Transcript","ZohmODtXZhw",0,TRUE,0,0,"not violated","not violated","not violated","The video suggests a gentle, non-intrusive approach to managing OCD rituals, which is in line with cognitive-behavioral therapy principles."
"Youtube","Transcript","IoLLTb8F9n0",0,TRUE,0,0,"not applicable","not violated","not violated","Video discusses personal experience and spiritual text, does not provide medical claims or interventions."
"Youtube","Transcript","1pMwCO4p2WA",1,TRUE,0.8,1,"not applicable","violated","not applicable","Misaligns with medical consensus by attributing mental health issues to lack of religious guidance and obedience."
"Youtube","Transcript","8_RK7jQrQbc",0,TRUE,0,0,"not applicable","not violated","not applicable","The video shares a personal experience about a child's behavior and does not provide any medical claims or interventions."
"Youtube","Transcript","d9JVGzdcWRQ",0,TRUE,0,0,"not applicable","not violated","not applicable","No mental health information or interventions discussed."
"Youtube","Transcript","d_HV3f1OThc",0,TRUE,0,0,"not applicable","not applicable","not applicable","Video appears to be a self-help or motivational message, not providing medical information."
"Youtube","Transcript","2n-GS8LUddU",0,TRUE,0,0,"not applicable","not applicable","not applicable","No mental health information or claims are present in the transcript."
"Youtube","Transcript","kS1GsUStQzQ",0,TRUE,0,0,"not applicable","not violated","not applicable","The video presents a study's findings on the association between racial discrimination and depression in African Americans, which aligns with current scientific consensus."
"Youtube","Transcript","N9zEBD6ZcAw",0,TRUE,0,0,"not applicable","not applicable","not applicable","No mental health information is discussed in the video."
"Youtube","Transcript","7BGLiQ4n2F0",0,TRUE,0.8,1,"violated","violated","violated","Promotes self-gaslighting and denies negative emotions, contradicting mental health consensus."
"Youtube","Transcript","XeT25DgkJeE",0,TRUE,0,0,"not applicable","not applicable","not applicable","Video appears to be unrelated to mental health information."
"Youtube","Transcript","A--oGVHVK1c",0,TRUE,0,0,"not applicable","not applicable","not applicable","Video appears to be a general statement without specific medical claims or advice."
"Youtube","Transcript","XBEyqLnZHw0",0,TRUE,0,0,"not applicable","not violated","not applicable","Video promotes self-care and mental health awareness without providing false medical claims."
"Youtube","Transcript","k1cy8GafMCw",0,TRUE,0,0,"not violated","not violated","not violated","Video accurately describes Mal Adaptive Day Dreaming and recommends therapy as a treatment."
"Youtube","Transcript","Wt0aPy1ZXSg",1,TRUE,0.8,1,"violated","violated","not violated","Video presents unproven claim that consuming salt can balance anxiety by maintaining homeostasis and electrolyte balance."
"Bitchute","Metadata+Transcript","45W0V8CovLAA",1,TRUE,0.8,1,"violated","violated","not violated","The video presents a mouse study as evidence that Pfizer's COVID vaccine causes autism-like symptoms in humans, contradicting current scientific consensus."
"Bitchute","Metadata+Transcript","Ru94zJImZfbA",0,TRUE,0.8,1,"not applicable","violated","not applicable","The video denies the existence of a pandemic, contradicting current scientific consensus."
"Bitchute","Metadata+Transcript","urBbEUYrOTHt",1,TRUE,0,0,"not applicable","not violated","not violated","Video shares personal experience, does not provide medical claims or misinformation."
"Bitchute","Metadata+Transcript","L-LkS67DN6s",0,TRUE,0.8,1,"not applicable","violated","not applicable","Claims that antidepressants are being laced in water supply contradict scientific consensus and lack evidence."
"Bitchute","Metadata+Transcript","F6012JACHo93",0,TRUE,0.8,1,"not applicable","violated","not applicable","Claims that white guilt is a mental illness contradict current scientific consensus on mental health."
"Bitchute","Metadata+Transcript","YqtVeA23xqCr",1,TRUE,0,0,"not violated","not violated","not violated","Video discusses general health benefits of mangoes without making any specific claims about mental health interventions or treatments."
"Bitchute","Metadata+Transcript","uRMTm7N2rKmv",0,TRUE,0.9,1,"violated","violated","violated","The video promotes unproven and pseudoscientific claims about adrenochrome, schizophrenia, and treatment with niacin and 'orthomolecular' therapy, contradicting current medical consensus."
"Bitchute","Metadata+Transcript","azj8Zu1G9z8a",0,TRUE,0,0,"not applicable","not violated","not applicable","Video discusses mass psychosis as a concept, referencing historical and philosophical works, without making any medically relevant claims or promoting unproven treatments."
"Bitchute","Metadata+Transcript","FQmpzbZ6s6rm",1,TRUE,0,0,"not violated","not violated","not violated","Video presents investigative journalism and factual information about potential risks of calling 988 or National Suicide Prevention Lifeline, without promoting unproven treatments or interventions."
"Bitchute","Metadata+Transcript","JAp8ORujFBgb",1,TRUE,1,1,"violated","violated","violated","Claims that psychiatry is a scam, chemical imbalance is a lie, and medications are toxic without evidence-based treatment alternatives."
"Bitchute","Metadata+Transcript","NdxTVUqPVXDc",0,TRUE,0.8,1,"not applicable","violated","not applicable","The video presents a false and stigmatizing representation of psychosis, contradicting medical consensus on mental health."
"Bitchute","Metadata+Transcript","5I4u91SezFt5",0,TRUE,0.9,1,"violated","violated","violated","Video inaccurately describes psychosis and promotes rethinking.org, which may be a treatment or intervention."
"Bitchute","Metadata+Transcript","yCDBhKoYXqjV",0,TRUE,0,0,"not applicable","not violated","not applicable","The video appears to be a personal conflict between two individuals, with no discussion of mental health interventions, treatments, or evidence-based practices."
"Bitchute","Metadata+Transcript","fLR8eJyv88JO",1,TRUE,0,0,"not applicable","not applicable","not applicable","No information on interventions, alignment with medical consensus, or evidence-based treatment is provided."
"Bitchute","Metadata+Transcript","31Tge1YjZZyg",0,TRUE,1,1,"violated","violated","violated","Video promotes unproven and stigmatizing treatment for ADHD, contradicting medical consensus."
"Bitchute","Metadata+Transcript","kCHUIav1OVgn",1,TRUE,0.9,1,"violated","violated","violated","Claims that coconut oil can cure Alzheimer's and autism with unsubstantiated anecdotes."
"Bitchute","Metadata+Transcript","gHvJNZTul18I",0,TRUE,0,0,"not applicable","not violated","not applicable","Video appears to be a personal expression of emotional distress, not providing any medical claims or interventions."
"Bitchute","Metadata+Transcript","HJPqp120PhU",0,TRUE,0.8,1,"not applicable","violated","not applicable","Contradicts current scientific consensus that increased diagnosis rates are due to improved diagnostic tools and increased awareness, not a real increase in autism prevalence."
"Bitchute","Metadata+Transcript","ZqWf9Vg3v3eX",1,TRUE,0.8,1,"not violated","violated","not violated","The video presents a critical view of psychiatric medication, but misrepresents the scientific consensus on their effectiveness and risks."
"Bitchute","Metadata+Transcript","EwSc1r507c0n",1,FALSE,NA,NA,NA,NA,NA,NA
"Bitchute","Metadata+Transcript","329tk4JWrAxV",1,TRUE,0.9,1,"not applicable","violated","not applicable","Denies ADHD as a disease, contradicting current scientific consensus."
"Bitchute","Metadata+Transcript","Swk3XSLxQo6R",1,TRUE,1,1,"violated","violated","violated","Claims contradict established scientific consensus on vaccine safety and autism/schizophrenia links."
"Bitchute","Metadata+Transcript","aL88xpsBZurE",0,TRUE,0.8,1,"not violated","violated","not violated","Claims that secondhand marijuana smoke can cause schizophrenia symptoms contradict medical consensus."
"Bitchute","Metadata+Transcript","IvlonI4JeHrG",1,FALSE,NA,NA,NA,NA,NA,NA
"Bitchute","Metadata+Transcript","IR65GKDiX57a",1,TRUE,1,1,"violated","violated","violated","Video presents false claims about vaccination causing autism, contradicting medical consensus and discouraging evidence-based treatment."
"Bitchute","Metadata+Transcript","sqHJZ729MQwI",0,TRUE,0,0,"not applicable","not violated","not applicable","Video discusses a neutral observation about search results, without making any medical claims or promoting misinformation."
"Bitchute","Metadata+Transcript","kzSiaYXuDaU",0,TRUE,0.8,1,"not violated","violated","not violated","Candace Owens suggests anorexia is a manifestation of seeking control, contradicting medical consensus that it's a complex disorder with multiple causes."
"Bitchute","Metadata+Transcript","VtpXfjccobre",0,TRUE,1,1,"not applicable","violated","not applicable","The video makes false claims about COVID-19 variants and uses derogatory language, violating medical consensus."
"Bitchute","Metadata+Transcript","q24g3fib3Z0f",1,TRUE,0.9,1,"not applicable","violated","not applicable","Claims contradict current scientific consensus: autism is a neurodevelopmental disorder that exists worldwide, not introduced by vaccination programs."
"Bitchute","Metadata+Transcript","NFh2CEWcTTyW",0,TRUE,0,0,"not applicable","not violated","not applicable","Video appears to be a personal account of a domestic dispute, not a mental health information source."
"Bitchute","Metadata+Transcript","zw9MxhtJZsMu",1,TRUE,0.9,1,"violated","violated","violated","The video presents false claims about vaccine ingredients, specifically aluminum nanoparticles, and their alleged link to neurodevelopmental disabilities and autoimmune diseases, contradicting current scientific consensus."
"Bitchute","Metadata+Transcript","IIAwiliZiCnP",0,TRUE,0,0,"not violated","not violated","not violated","The video does not present any false or misleading information about treatments or interventions for mental health. It appears to be a personal account of living with schizophrenia, discussing symptoms and treatment plans."
"Bitchute","Metadata+Transcript","GGETfguz1dT3",0,TRUE,0,0,"not applicable","not violated","not applicable","Video reports on a mental health care crisis and hospital closures, without providing any misinformation or promoting unproven treatments."
"Bitchute","Metadata+Transcript","07mlgIC07fKZ",0,TRUE,0,0,"not applicable","not violated","not applicable","The video appears to be a raw, unedited recording of a person experiencing a mental health episode, likely PTSD, and does not contain any medical claims or interventions."
"Bitchute","Metadata+Transcript","Td2iyQ7Q9Yq8",0,TRUE,0,0,"violated","not violated","not violated","No medical claims or interventions mentioned, just abusive language."
"Bitchute","Metadata+Transcript","Xo7gQ9a4Nuxk",0,TRUE,0,0,"not applicable","not violated","not applicable","Video appears to be a joke or a satirical commentary, not providing any mental health information."
"Bitchute","Metadata+Transcript","oKXPt4pxXHJn",0,TRUE,0,0,"not applicable","not violated","not applicable","Video discusses a specific school district's decision to mandate masks, but does not present misinformation about mental health interventions, medical consensus, or evidence-based treatment."
"Bitchute","Metadata+Transcript","HQSEWILnQnGz",0,TRUE,0,0,"not applicable","not violated","not violated","Video presents a personal anecdote and a simplistic, non-clinical coping strategy without making any false medical claims."
"Bitchute","Metadata+Transcript","yHPamxWfUUKZ",1,TRUE,0.8,1,"not applicable","violated","not violated","Claims that antidepressants cause physical changes in male genitals contradict current scientific consensus."
"Bitchute","Metadata+Transcript","T1x13Q67d7qc",1,TRUE,0,0,"not applicable","not applicable","not applicable","Video does not contain any information about mental health interventions, consensus, or evidence-based treatment."
"Bitchute","Metadata+Transcript","8oSLBcS4DXoh",1,TRUE,1,1,"violated","violated","not applicable","Video claims vaccines cause autism, contradicting scientific consensus and medical evidence."
"Bitchute","Metadata+Transcript","KeKLmSP8Cr1E",0,TRUE,1,1,"violated","violated","violated","Video presents false medical claims, promotes unproven treatments, and contradicts scientific consensus on vaccines and mental health."
"Bitchute","Metadata+Transcript","PjjZgUYkxVXt",0,TRUE,0,0,"not violated","not violated","not violated","Video does not contain misinformation; it presents a personal opinion on addressing mental health in the context of mass shootings."
"Bitchute","Metadata+Transcript","mmHI0fXDMVFE",1,TRUE,0.8,1,"violated","violated","violated","The video presents a study on rats as evidence that antidepressants kill empathy, contradicting current scientific consensus on the effects of antidepressants."
"Bitchute","Metadata+Transcript","8hlqflfjMouP",1,TRUE,0.8,1,"not violated","violated","not violated","The video presents a study on Wi-Fi's effects on rats, but misinterprets and exaggerates the results to promote a conspiracy theory."
"Bitchute","Metadata+Transcript","pBS6c4G37UO4",0,TRUE,0,0,"not applicable","not violated","not applicable","No information on interventions or evidence-based treatment, and no claims contradicting medical consensus."
"Bitchute","Metadata+Transcript","J6cP7WT5aPWN",0,TRUE,0,0,"not applicable","not violated","not applicable","Video discusses a personal experience and does not provide medical claims or interventions."
"Bitchute","Metadata+Transcript","oVthKXtLIb9J",1,TRUE,0.9,1,"violated","violated","violated","Video presents misleading information about ADHD diagnosis, medication, and the motivations of organizations involved in ADHD research and advocacy."
"Bitchute","Metadata+Transcript","Q0VBGGTqQgs",0,TRUE,0,0,"not violated","not violated","not violated","No false medical claims or misinformation about PTSD or treatment."
"Bitchute","Metadata+Transcript","WjSmIBg3hPry",0,TRUE,0,0,"not violated","not violated","not violated","The video presents a study on psilocybin's effectiveness for treatment-resistant depression, aligning with current scientific consensus."
"Bitchute","Metadata+Transcript","EB7g8UnQcsPn",0,TRUE,0,0,"not applicable","not violated","not applicable","The video discusses the need for mental health reform and acknowledges the complexity of the issue, without providing any misinformation or promoting unproven treatments."
"Bitchute","Metadata+Transcript","OfSe9xyeihr9",0,TRUE,0,0,"not violated","not violated","not violated","Video discusses the limitations of the healthcare system and the importance of addressing underlying medical conditions, without promoting misinformation or unproven treatments."
"Bitchute","Metadata+Transcript","9HfwQfnUpqvR",1,TRUE,1,1,"not applicable","violated","not applicable","Video makes unsubstantiated claim that psychiatrists are among the worst criminals in society, contradicting medical consensus."
"Bitchute","Metadata+Transcript","ozw14GDNqIzB",1,TRUE,0.9,1,"violated","violated","not violated","Claims about chemtrails causing Alzheimer's and Autism, and aluminum poisoning, contradict scientific consensus and lack evidence."
"Bitchute","Metadata+Transcript","8b9w50a6tYjh",0,TRUE,0.9,1,"violated","violated","violated","Video presents misinformation about Bill C-36, claiming it allows forced jabbing and imprisonment of dissenters, and labels dissenters as mentally ill."
"Bitchute","Metadata+Transcript","9sd4dnr5JbMV",0,TRUE,1,1,"violated","violated","violated","The video presents false and misleading information about the genetic predisposition of Jews to mental illnesses, contradicting current scientific consensus and discouraging evidence-based treatment."
"Bitchute","Metadata+Transcript","C2yNBab0sVV3",0,TRUE,0.8,1,"not applicable","violated","not applicable","Claims that schizophrenia voices are an algorithm and not random, and that it's an energetic disorder, contradict current scientific consensus."
"Bitchute","Metadata+Transcript","vCIV5PUogNE",0,TRUE,0.8,1,"not applicable","violated","not applicable","Claims that liberalism is a mental disorder, which contradicts medical consensus."
"Bitchute","Metadata+Transcript","WzW1iJtbZ1s",0,TRUE,0,0,"not applicable","not violated","not applicable","Video discusses social dynamics and blame, not providing medical claims or interventions."
"Bitchute","Metadata+Transcript","Mhf4JR0yjoIi",0,TRUE,0,0,"not applicable","not violated","not applicable","Video promotes mindfulness and focus on personal priorities without spreading misinformation."
"Bitchute","Metadata+Transcript","h7vTWqHKQtF2",0,TRUE,0,0,"not applicable","not violated","not applicable","Video discusses nostalgia and adult play, no medical claims or misinformation."
"Bitchute","Metadata+Transcript","pjCZmheq9VBF",0,TRUE,0,0,"not applicable","not violated","not violated","The video discusses a study on LSD's effects on anxiety, but does not provide any misinformation about interventions, consensus, or evidence-based treatment."
"Bitchute","Metadata+Transcript","lBosP1ea6pdQ",0,TRUE,0,0,"not applicable","not violated","not applicable","Video does not contain mental health information or claims."
"Bitchute","Metadata+Transcript","Hsr2dW1KvWPz",0,TRUE,0,0,"not applicable","not applicable","not applicable","Video does not contain any mental health information or claims."
"Bitchute","Metadata+Transcript","T6AcX4CbqHBV",1,TRUE,1,1,"violated","violated","violated","Video promotes unproven and untested use of nicotine patches to 'reverse' autism and other neurological conditions, contradicting medical consensus and evidence-based treatment."
"Bitchute","Metadata+Transcript","dhpunCaUSdXH",1,TRUE,0.8,1,"not violated","violated","not violated","Claims that antidepressants are overprescribed and that emotions are not medical illnesses, contradicting current scientific consensus."
"Bitchute","Metadata+Transcript","XxDYGX1OAYmC",1,TRUE,0.8,1,"not violated","not violated","violated","The video discourages evidence-based treatment by implying that labeling mental health conditions as medical conditions and prescribing medication is a new and problematic approach."
"Bitchute","Metadata+Transcript","sJJUvGLAl7ow",1,TRUE,1,1,"not applicable","violated","not applicable","The video implies a causal link between vaccines and autism, contradicting medical consensus."
"Bitchute","Metadata+Transcript","1DtV1h6qAj9t",0,TRUE,0,0,"not applicable","not violated","not applicable","Video expresses opinions and concerns about government's handling of mental health, but does not provide false medical claims or misinformation."
"Bitchute","Metadata+Transcript","PJe2SUgFAxGa",0,TRUE,0,0,"not applicable","not applicable","not applicable","Video discusses government actions, not mental health interventions or treatments."
"Bitchute","Metadata+Transcript","ZJZa1OezQQ38",0,TRUE,0,0,"not applicable","not applicable","not applicable","Video discusses personal identity and pronouns, not mental health interventions or treatments."
"Bitchute","Metadata+Transcript","CUVI8B2dMCjI",1,TRUE,0,0,"not applicable","not violated","not applicable","The video discusses VAERS reports, which are publicly available and not promoting any specific treatment or intervention."
"Bitchute","Metadata+Transcript","5k8u6Ebmrv8",1,TRUE,0,0,"not applicable","not violated","not applicable","Video does not provide any medical claims or interventions, and does not contradict current scientific consensus."
"Bitchute","Metadata+Transcript","AgbJeWUNyLPO",0,TRUE,0.8,1,"violated","violated","not violated","Video presents false claims about euthanasia programs in Canada, implying they encourage or coerce people to die due to poverty or mental illness."
"Bitchute","Metadata+Transcript","y6Ey8XNU3EJy",0,TRUE,0.8,1,"not applicable","violated","not applicable","The video denies the existence of mental health issues and promotes a nihilistic worldview."
"Bitchute","Metadata+Transcript","cc2Uz4ek9sou",1,TRUE,0.8,1,"not violated","violated","violated","Denies chemical imbalance as a cause of mental illness, contradicts current scientific consensus."
"Bitchute","Metadata+Transcript","prldRrFJ0Sko",0,TRUE,1,1,"violated","violated","violated","Promotes violence and aggression as a solution to social issues, contradicting medical consensus and evidence-based treatment."
"Bitchute","Metadata+Transcript","jdNKfZe9czA9",0,TRUE,0.8,1,"not applicable","violated","not applicable","The video describes a romantic relationship with a person exhibiting borderline personality disorder symptoms, but the audio transcript is incoherent and lacks a clear narrative, making it difficult to assess the accuracy of the information."
"Bitchute","Metadata+Transcript","poekpMgt7ad6",1,TRUE,0,0,"not violated","not violated","not violated","The video presents a theological perspective on mental health, but does not provide any medical or therapeutic advice."
"Bitchute","Metadata+Transcript","jjRXfgaF1Jam",0,TRUE,0,0,"not applicable","not violated","not applicable","Video appears to be a critique of activism, not a discussion of mental health interventions or treatments."
"Bitchute","Metadata+Transcript","iWw7cvA5Znjp",1,TRUE,0.8,1,"not violated","violated","not violated","Claims contradict current scientific consensus on vaccine safety and autism, citing a rare disease-free Amish community as evidence."
"Bitchute","Metadata+Transcript","wBTDH9soJdsR",0,TRUE,1,1,"violated","violated","violated","Video presents unproven and misleading information about OCD, its causes, and treatments, contradicting current scientific consensus."
"Bitchute","Metadata+Transcript","INIlA8WL6mo6",1,TRUE,0.8,1,"not violated","violated","not violated","The video suggests that ADHD is the underlying cause of mental illnesses, contradicting current scientific consensus."
"Bitchute","Metadata+Transcript","3Wawx_8pAOo",0,TRUE,0,0,"not applicable","not violated","not applicable","No medical claims or interventions discussed; video appears to be a genuine rescue attempt."
"Bitchute","Metadata+Transcript","6fEguZhl6sZa",0,TRUE,0,0,"not applicable","not violated","not applicable","Video shares a personal story of a mother's love and her child's development, without providing any medical or therapeutic advice."
"Bitchute","Metadata+Transcript","SAuWPHgEeqgi",0,TRUE,0,0,"not applicable","not violated","not violated","Video promotes prayer and surrender to God as a means to manage anxiety, aligning with Christian faith and biblical teachings."
"Bitchute","Metadata+Transcript","jXjbTRuCcWUR",0,TRUE,0,0,"not applicable","not applicable","not applicable","No information on interventions, consensus, or evidence-based treatment is provided in the video."
"Bitchute","Metadata+Transcript","F2s9Mn5EqeU",1,TRUE,1,1,"violated","violated","violated","Denies the serotonin hypothesis of depression, a widely accepted scientific theory, and implies pharmaceutical companies invented antidepressants for profit."
"Bitchute","Metadata+Transcript","wyPOv9XQDi8r",0,TRUE,0,0,"not applicable","not applicable","not applicable","Video appears to be a personal message promoting community love and education, without any medical claims."
"Bitchute","Metadata+Transcript","9x5ovEKM4KUF",0,TRUE,0,0,"not violated","not violated","not violated","The video discusses personal struggles with anorexia, shares a diagnosis, and mentions regular therapy and dietetic sessions. No misinformation or false claims are made."
"Bitchute","Metadata+Transcript","v6KiP0jTejPB",1,TRUE,0.9,1,"violated","violated","violated","The video promotes unproven and unscientific claims about epigenetic recoding and its effects on mental health, contradicting current scientific consensus."
"Bitchute","Metadata+Transcript","A7I-XzQ8Q5I",0,TRUE,0,0,"not applicable","not violated","not violated","Video shares personal experience with PTSD and anxiety, does not provide misinformation or contradict medical consensus."
"Bitchute","Metadata+Transcript","ajpZiSUMnVD7",0,TRUE,0,0,"not applicable","not violated","not applicable","Video discusses historical changes in psychiatric diagnosis and government policies, without promoting misinformation or contradicting medical consensus."
"Bitchute","Metadata+Transcript","SCmrKPeIpvJf",0,TRUE,0,0,"not violated","not violated","not violated","The video presents a neutral, informative discussion about minor attracted persons, using person-first language and avoiding stigmatizing terms."
"Bitchute","Metadata+Transcript","8uCsAtv4w5Sd",1,TRUE,1,1,"violated","violated","violated","Milk thistle has no established medical use for OCD, hepatitis C, or cancer treatment."
"Bitchute","Metadata+Transcript","xkECQasqHzYW",0,TRUE,0.8,1,"not applicable","violated","not applicable","Denies the importance of professional diagnosis and medical consensus on mental illness."
"Bitchute","Metadata+Transcript","eid3m8yd9duK",0,TRUE,0,0,"not applicable","not violated","not applicable","Video discusses climate change and activism, does not contain mental health information"
"Bitchute","Metadata+Transcript","0ZB1WKEkmVZ8",0,TRUE,0,0,"not applicable","not violated","not applicable","Video appears to be a personal experience or anecdote, not providing medical information or claims."
"Bitchute","Metadata+Transcript","NQnYIz3PnDph",0,TRUE,0,0,"not applicable","not violated","not applicable","Video discusses personal vision and goal-setting, without providing any medical or mental health claims."
"Bitchute","Metadata+Transcript","g9I6RQXLJMeV",0,TRUE,0,0,"not violated","not violated","not violated","Video presents a factual correction of a host's claim, without promoting misinformation or discouraging evidence-based treatment."
