"termino","coef"
"[M] depression",1.28634076548027
"[T] depressed",0.787758513848829
"[T] depression",0.758532727922249
"[M] tate",0.710087339889442
"[T] god",0.677249241372579
"[M] health shorts",0.659692964418907
"[M] bible",0.633922469475894
"[M] cure",0.629614304597298
"[M] life anxiety",0.600953884031388
"[M] jesus",0.588260243120297
"[M] andrew tate",0.523218142825996
"[T] believe",0.513601306531392
"[M] spiritual",0.501882941448919
"[M] andrew",0.490990963013037
"[M] profits",0.487673476717037
"[T] free",0.484974609091796
"[M] ocd shorts",0.471241980405316
"[T] going",0.469088501896083
"[M] boss",0.466437862075278
"[M] russian",0.466330232385041
"[T] bag",0.46586692441154
"[T] girl",0.465271763268352
"[T] jesus",0.454084946777024
"[T] got",0.446716713008725
"[M] deal depression",0.445506323964495
"[M] demon",0.440896862244126
"[T] power",0.437636028989609
"[M] treating",0.437204190747569
"[M] treating mental",0.437176175259288
"[M] sneako",0.420950408642411
"[M] free",0.416380059995143
"[M] trans",0.411392675145647
"[M] lifehacks",0.405820407282581
"[T] people",0.395768054873127
"[T] fix",0.395722402636415
"[M] money",0.381983681240525
"[M] shorts shortsvideo",0.380807157768206
"[T] world",0.379381731737961
"[T] spirit",0.377943726852788
"[M] individuals",0.377686246043896
"[T] start",0.377054774504845
"[M] individuals autism",0.365842312466256
"[M] severe",0.359904688106567
"[M] stop",0.358410187154335
"[M] join",0.356558304131463
"[T] help",0.355724000620397
"[M] miraculous",0.353794665895482
"[T] transgender",0.353465014047972
"[T] gravity",0.35149049960207
"[T] boy",0.350713226577884
"[T] hear",0.347948626383504
"[M] transformation",0.347779877851787
"[M] demons",0.347342646014266
"[M] therapy",0.347101618354484
"[T] anxiety",0.341887052264454
"[T] medical",0.341740364334291
"[M] depression shorts",0.341401376082476
"[M] medicine",0.340821746235138
"[T] medication",0.336982440737858
"[M] gain",0.335785594872396
"[T] wear",0.334544547776706
"[M] increase",0.332308052927666
"[T] gym",0.326146609179513
"[T] set free",0.325850922778206
"[T] gender",0.325444793805685
"[M] suffering",0.324830218493926
"[M] prayer",0.322109350932444
"[T] need",0.322083041901828
"[M] happy",0.32158870013593
"[T] shut",0.318421187924829
"[T] means",0.317493022562995
"[M] kid",0.314809252630977
"[M] supernatural",0.311769323863278
"[T] female",0.311754358899153
"[T] guess",0.311089900812537
"[M] best",0.30978052510528
"[M] size",0.308229726852944
"[T] anxious",0.307869873967997
"[T] know doing",0.306835483513482
"[M] fit",0.304902918543771
"[T] lot people",0.303667291339347
"[M] com",0.301981435847837
"[T] doctor",0.301925672815225
"[T] saying",0.300620563600055
"[T] lie",0.299319161097816
"[T] autism",0.298672079778883
"[M] risk",0.297767875949166
"[T] demon",0.297735261076764
"[T] sit",0.29699002227651
"[T] isn",0.295514648263018
"[M] john",0.29541198146097
"[T] nervous",0.29341449940752
"[T] created",0.292131827647299
"[M] piers",0.291501380357024
"[M] piers morgan",0.291488562016248
"[M] insane",0.291243221536925
"[M] deal",0.290336526935731
"[T] feel better",0.289881335255848
"[T] antidepressants",0.28890785796527
"[T] just happened",0.2865449666277
"[M] adhd ocd",0.285749340275658
"[M] bullsh",0.285143956951442
"[T] set",0.283809800711923
"[T] sell",0.283668745998586
"[M] pandemic",0.282096782437393
"[M] shorts spirituality",0.280935307995898
"[M] islamic",0.28077620804543
"[T] chemical",0.279488271838334
"[T] cloud",0.276976763263537
"[T] think",0.276577608846043
"[M] youtube com",0.275899240797811
"[T] fucked",0.275736550225804
"[M] youtube",0.274709303441438
"[T] headaches",0.274481150065462
"[T] trust",0.273365234306337
"[M] morgan",0.27246601242552
"[T] curing",0.271998633193599
"[M] love shorts",0.271332376260569
"[T] stress",0.271236509868576
"[M] suffering anxiety",0.27094232951814
"[M] fight",0.270900781550325
"[T] natural",0.269006369307629
"[M] power",0.268190853164451
"[T] really",0.267820762316539
"[T] importantly",0.265056772840094
"[M] cares",0.264667757799678
"[M] www",0.261337877455867
"[M] https",0.261096820609587
"[M] god",0.259725790832247
"[M] fact",0.259503746820474
"[M] trendingshorts",0.257166265533462
"[M] shorts shortvideo",0.256987470355769
"[T] real",0.256417459839535
"[T] herbs",0.256337001759851
"[M] depressed",0.255717970328769
"[T] autism mental",0.2536381384944
"[T] jesus okay",0.253560859321051
"[T] leave jesus",0.253524376252639
"[T] mental sickness",0.253519838163396
"[T] sickness",0.253507926488045
"[T] sickness leave",0.253505336059535
"[T] mental disorder",0.252396585146
"[M] gift",0.252091178128967
"[M] suicideprevention",0.252018889880954
"[M] ytshorts youtubeshorts",0.252007180569212
"[T] better",0.251832786780344
"[M] ministry",0.251671231872009
"[M] gym",0.250955157923207
"[T] anymore",0.2498542531654
"[T] cross",0.249523460898436
"[M] potential",0.24949391704019
"[T] says",0.248452537446635
"[M] foods",0.248058564835552
"[M] youtubeshorts psychology",0.246675889899622
"[T] drugs",0.246493050974056
"[T] psychedelics",0.245613527726224
"[T] people telling",0.245319115200931
"[M] http www",0.243593150786185
"[M] antidepressants",0.242698575230976
"[M] short",0.241437028273278
"[M] bible miraculous",0.240856874759849
"[T] pharmaceutical",0.240732424500217
"[M] kid demon",0.240706649502225
"[T] chronic",0.24068595822139
"[M] adhd autism",0.240123368111286
"[M] freedom",0.239407314990339
"[M] motivation",0.238523970187739
"[T] traveling",0.237249257424539
"[M] com join",0.235091426735399
"[M] com shorts",0.233022515581512
"[M] wealth",0.232184463493993
"[M] pov pick",0.229146999613718
"[M] jesus supernatural",0.227869208522391
"[T] boom",0.227251769936913
"[M] prayers",0.226742510787872
"[M] autism jesus",0.226316506813629
"[M] words",0.226154628624127
"[M] podcast depression",0.225785095194856
"[M] en",0.225407160126822
"[T] pills",0.224692153505869
"[T] boyfriend",0.224597880991927
"[M] si",0.224450534632016
"[T] delivered",0.224160945298888
"[T] hospital",0.224148343197516
"[M] society",0.222798035592426
"[M] spirituality",0.222544492682324
"[M] offensive",0.22213267442387
"[T] anorexia",0.221794320645753
"[T] panic attacks",0.221009079565379
"[T] morning",0.220961380925364
"[M] contribute",0.219621292911654
"[T] fat",0.219096908361784
"[M] partner",0.218813990755323
"[T] really know",0.218589553548293
"[T] telling",0.218414513273954
"[T] magnesium",0.21828171719846
"[M] free anxiety",0.218112369708399
"[T] know",0.21805335718085
"[T] watch",0.217926641307529
"[M] www youtube",0.217096931342105
"[T] mental",0.216925727308431
"[T] values",0.215096771878246
"[M] transgender",0.214797701370879
"[M] anxiety depression",0.214172389622141
"[M] shorts andrewtate",0.214046732159288
"[T] powerful",0.213516281179175
"[T] wouldn",0.213206367717598
"[M] diagnosed",0.212430798735349
"[M] differently",0.211824541232957
"[T] oh god",0.21129957714713
"[T] men",0.211091578001915
"[M] ask",0.210948173042968
"[M] andrewtate",0.210862858761583
"[M] pray",0.210796270424531
"[T] taking",0.210636650458528
"[M] illness",0.21001347543935
"[T] happened",0.208970535492427
"[T] existence",0.208850607158386
"[M] shorts god",0.207757296469444
"[T] hypnosis",0.207425748214745
"[M] says",0.207158972282463
"[T] temporary",0.207086483307685
"[T] feel depressed",0.207022695161871
"[M] mental illness",0.206848371710386
"[M] shorts facts",0.206142077841993
"[T] spirit autism",0.202855970864557
"[M] breaking",0.202355261006711
"[T] tons",0.202269892593801
"[T] spiritual",0.202229615654235
"[T] meds",0.201267711618513
"[T] healed",0.200373924200719
"[M] follow facebook",0.200184169859812
"[T] heart",0.200139969515311
"[T] depression real",0.199826933561185
"[M] deliverance",0.199088565012511
"[M] motivational",0.197200269387957
"[T] autistic",0.197129525882182
"[T] pants",0.195718571918021
"[T] attacks",0.195037339984315
"[M] shortsvideo",0.194665539439526
"[T] bringing",0.193526648987012
"[T] problems",0.192617120579075
"[T] weight",0.192414276564347
"[T] therapy",0.192399871294715
"[T] happy",0.191680894036369
"[T] herbal medicines",0.191290439562183
"[T] medicines",0.191286975294452
"[M] anorexia",0.190907634855491
"[T] feel",0.190743661177722
"[M] andrewtate depression",0.189930806772926
"[M] shorts short",0.189284496605487
"[T] majority",0.189265319032067
"[T] listen",0.188042361669687
"[M] helped",0.187349804862601
"[M] depression status",0.18725920319167
"[T] believing",0.187189150190687
"[T] health issue",0.186931805032441
"[M] behavior",0.186622377223166
"[T] adhd",0.186429961958338
"[T] diagnosed",0.186233326730504
"[M] sugar",0.185938562657252
"[M] shorts prayer",0.185352559651644
"[T] conditions",0.184812133101108
"[T] fever",0.1845277826967
"[M] sensitivities",0.184522079848852
"[T] coming",0.184452264600058
"[T] like yeah",0.184368768011435
"[T] experienced",0.184238631301863
"[T] darkness",0.184170035663781
"[T] agree",0.183925643347802
"[T] herbal",0.183788245197906
"[T] biological",0.182868975274963
"[T] fucking",0.182761101736385
"[M] content",0.182496251951385
"[T] kid demon",0.181984320071229
"[M] people",0.181333385013761
"[T] anymore need",0.180608923770722
"[T] scripture",0.180512939128071
"[M] effects",0.180340045043117
"[T] benefits",0.180134823467685
"[T] things work",0.179674317748241
"[T] suffer",0.1796492663421
"[T] people claim",0.179479777873315
"[M] shorts islamic",0.178640201092727
"[M] watch",0.178245155546659
"[M] new video",0.177924498789847
"[T] issue",0.177724714686103
"[T] women",0.177603126767427
"[M] encouragement",0.177530513603884
"[T] pregnancy",0.177007748680481
"[T] bible",0.176990425445229
"[T] bullshit",0.17678497472216
"[M] research",0.176611871647728
"[M] healed",0.175539651116098
"[T] really just",0.175468346942377
"[T] devil",0.175349005232293
"[M] depression health",0.175043849484038
"[M] jesus bible",0.175029234420086
"[T] military",0.174140533824707
"[M] true",0.173525558293404
"[M] men mental",0.173134200188242
"[T] disease",0.173076007527496
"[T] cares",0.172887986841871
"[M] events",0.172491101406824
"[M] psych",0.172471363979663
"[T] does",0.17245706128153
"[T] don really",0.171938736621281
"[T] kids",0.171902581834209
"[M] insightful",0.171779968973885
"[T] peace",0.171774128384396
"[M] ______________",0.171136289106142
"[T] treating",0.170882228657599
"[M] limited",0.16995155270827
"[T] sort",0.169703528799965
"[M] lisabevere",0.169484021258347
"[T] discouragement",0.169180647290451
"[T] discouragement depression",0.169178778364885
"[T] haven taken",0.168862164857979
"[T] taken medication",0.168850739545344
"[M] attack shorts",0.168813460142111
"[T] increased",0.168240452978032
"[T] claim",0.168163742679066
"[M] shorts subscribe",0.167761897293546
"[T] recently",0.167722487168402
"[T] weeks",0.167548905854837
"[T] instead",0.167518751486452
"[M] anxiety stress",0.16683025990732
"[T] wrong",0.166424370427383
"[M] status",0.166410593180981
"[T] think depression",0.165826366097626
"[T] took",0.165474758820564
"[T] suggest",0.165290592045909
"[T] want",0.16528684394297
"[M] abilities",0.165089926027972
"[T] health conditions",0.164970793529712
"[T] living",0.164784060077914
"[M] hl en",0.164027349733042
"[M] video https",0.164016621340965
"[M] business",0.16389263727808
"[M] panicattack",0.16381366128352
"[T] start believing",0.163594346841411
"[T] fight",0.162962736119466
"[M] problems",0.162729757303813
"[T] going listen",0.162690796897856
"[T] father thank",0.162495956642416
"[T] thank giving",0.162478666573957
"[M] pick",0.162475262113277
"[T] incident",0.162107005961277
"[M] christian",0.161784535709302
"[M] clinical depression",0.161772868516906
"[T] giving",0.161767673486573
"[T] life",0.161692696149581
"[T] hate",0.161561901724115
"[T] talking",0.161487567342728
"[T] know jesus",0.161333308084552
"[M] holy",0.161289609640966
"[T] okay leave",0.161162915306625
"[T] kid",0.161109419043135
"[M] topg",0.160975280013769
"[M] delve",0.160773429571466
"[T] mind",0.160434177400818
"[T] feeling anxious",0.160021073933709
"[T] doesn work",0.159645552340506
"[M] comes",0.158925625197548
"[T] allow",0.158370316147973
"[M] myers",0.158154119745572
"[M] christianity",0.157559083606237
"[M] does",0.157188300521773
"[T] ve got",0.157047779501226
"[T] don believe",0.156824369612145
"[T] bible says",0.156654221232768
"[T] permanent",0.15640931602994
"[T] perspective",0.156403934582563
"[T] resolve",0.156391690883622
"[M] youtube shorts",0.156010772842856
"[M] girl",0.155607453600451
"[M] autistic kid",0.155148604056539
"[M] demon shorts",0.15508072924026
"[M] janine",0.154893684932857
"[T] meaning",0.154613788945532
"[T] chemical imbalance",0.154532591742739
"[T] amounts",0.15449567701621
"[M] heal",0.154187256119249
"[T] schizophrenia bipolar",0.15364507270044
"[T] say",0.153479025314601
"[T] think know",0.153208262874932
"[M] donation",0.152868549722592
"[T] breaking",0.152481563376032
"[M] jewish",0.152280465873537
"[M] link",0.152135437407478
"[T] issues",0.15206634291452
"[T] verse",0.151820332345877
"[T] treat",0.151691072199939
"[T] trying things",0.151663624352207
"[T] does like",0.150981722392788
"[M] teaching",0.150858504495845
"[M] tourette",0.150830381238913
"[M] paypal",0.150700324685957
"[M] short funny",0.150168087664489
"[M] amyhd05",0.150163577103931
"[M] com amyhd05",0.150162508403855
"[T] mushrooms",0.150005207769989
"[T] pierce",0.14986649729524
"[M] make",0.149418060565892
"[T] gonna hurt",0.149239639500501
"[T] best",0.149238951508358
"[T] simply",0.148900856244394
"[M] hl",0.148851359757762
"[T] dysphoria",0.148814860604674
"[T] gender dysphoria",0.14880634394608
"[M] dr janine",0.148568946377868
"[T] reasons",0.148520429766513
"[T] refuse",0.147895532153563
"[T] plane",0.147823693909468
"[T] small",0.147700399552298
"[M] make money",0.147390015534191
"[M] present",0.147152238815858
"[M] discover",0.147001421434633
"[T] panic",0.146938959545502
"[M] herbal medicines",0.146478493127115
"[M] medicines",0.146467123382844
"[M] passionflower",0.146464364494386
"[M] young",0.146409432433946
"[T] stop complaining",0.145412630393317
"[M] certain",0.145233182468264
"[M] receive",0.145200932233223
"[M] bugatti",0.144709843070189
"[T] easy",0.144578888112426
"[T] tiger",0.14453193604969
"[T] suicidal",0.144322329706782
"[T] quran",0.144261785469588
"[T] know suffering",0.144040306996346
"[M] wisdom",0.143214830633433
"[T] ad",0.143134312224837
"[T] honestly",0.143014901221626
"[T] joy",0.142906145615194
"[T] effective",0.142780881645525
"[T] life eating",0.142754071006286
"[T] valerian",0.141891786180317
"[T] men just",0.14172643972157
"[T] videos",0.14125601604295
"[T] demons",0.141080206431716
"[T] helping",0.140937058740712
"[T] depression like",0.140799543289247
"[M] social",0.140794910738271
"[M] anxiety shorts",0.140298834888703
"[T] passionflower",0.139952454952695
"[M] http",0.139908371324491
"[T] fight flight",0.139782140766312
"[M] adhd adhd",0.139592420134177
"[M] com invite",0.139233193610189
"[T] thing",0.139204082702484
"[M] messengerx",0.138921784673894
"[M] work hard",0.138857112061505
"[T] single",0.1387941046719
"[M] hustle",0.138718673584107
"[M] upcoming",0.138417678065554
"[M] depression depressed",0.138264540310845
"[T] ocd",0.138164883771326
"[T] start think",0.138111265630398
"[T] depressed going",0.138043953093229
"[T] leave",0.137932637097562
"[T] complaining",0.137822972085848
"[M] amzn",0.137625924613044
"[M] donate",0.137578585053171
"[M] https amzn",0.137557736968429
"[T] brain",0.137535382549078
"[T] want want",0.137492515244659
"[M] joeroganexperience",0.137152354484377
"[M] jre joeroganexperience",0.137152336923792
"[M] truth depression",0.137125698969285
"[T] extremely",0.137078787639327
"[T] anger",0.136887202058236
"[T] tired",0.136636352703366
"[M] sensory",0.136535897800849
"[T] talked",0.136331748375119
"[T] yes",0.136223985520024
"[M] events https",0.135474996454303
"[M] https youtube",0.134916365445261
"[T] new",0.134373155502426
"[T] allah says",0.134113402508426
"[M] youtubeshorts viral",0.134009079298036
"[M] questions",0.133701493348437
"[M] guy",0.133690582186555
"[M] attacks",0.133662713591331
"[M] com channel",0.133653488939041
"[M] panic attacks",0.13360688820391
"[T] just need",0.133605434884775
"[M] broken",0.133402067377108
"[M] key",0.132968420152969
"[T] threat",0.132881607087907
"[T] sound mind",0.132443737095858
"[T] strong",0.132436150259331
"[T] went",0.132422231943696
"[T] incredible",0.132157612038737
"[T] anti",0.132030766046554
"[T] praise",0.131811519933037
"[T] christ",0.131466488587516
"[T] drop",0.131044586046324
"[M] grind",0.131024953419017
"[M] herbal",0.130794002878891
"[M] topic",0.13070568483601
"[M] mindset",0.130438264431141
"[T] hurt",0.130264526781391
"[M] schedule",0.129911569964876
"[T] happier",0.129893160995969
"[T] taken",0.129596374160409
"[T] proper",0.129563217631844
"[T] certain",0.129236102689452
"[M] didn",0.129150721503183
"[T] does mean",0.129021201282786
"[T] patients",0.128696806509724
"[M] facebook https",0.128636276198945
"[T] direction",0.128294425345402
"[T] just like",0.128115879228315
"[M] autism spectrum",0.127878540275152
"[T] imbalance",0.127687772255757
"[T] going happen",0.127580334555117
"[T] overthinking",0.127188989693724
"[M] insightful video",0.127155298714917
"[M] pov",0.127131108184465
"[M] defeat",0.127105868446127
"[M] access perks",0.127096136462591
"[M] perks",0.127071242187787
"[M] perks https",0.127070351794468
"[M] upcoming events",0.127022549922283
"[M] motivation shorts",0.126819877034392
"[M] invite",0.126623190663619
"[T] actually god",0.126208166080187
"[M] millionaire",0.125891415855864
"[T] miles",0.125803648026253
"[M] exposing",0.125705954865192
"[T] help anxiety",0.125594800875446
"[T] truth",0.125471776785086
"[T] deal emotions",0.125457768817154
"[T] children",0.125273994736117
"[T] youtube videos",0.125009441694658
"[T] sooner",0.124884288297501
"[M] donation help",0.124717963617871
"[M] content events",0.124712943524916
"[M] fund",0.124712882546324
"[M] fund livestreams",0.12471217329921
"[M] help fund",0.124708502273208
"[M] livestreams",0.124701155184615
"[M] livestreams content",0.124700341750398
"[M] make time",0.124698811733768
"[M] ministry supporter",0.12469147800579
"[M] monthly ministry",0.124690628922969
"[M] supporter",0.124684114146406
"[M] supporter partner",0.124683337841877
"[T] struggling",0.124516885300089
"[M] calendly",0.124347892753674
"[M] calendly com",0.124347119378803
"[M] https calendly",0.124337428772487
"[T] thanks watching",0.124084277094903
"[T] gonna start",0.123580628180902
"[M] men",0.123553840642329
"[T] till",0.123536519086646
"[T] people dealing",0.123410057625205
"[T] making",0.123252682074826
"[M] austism",0.123179780163969
"[M] products",0.123113396820896
"[T] depression isn",0.123092814778058
"[T] isn real",0.12308457388515
"[T] aspects",0.1229877913971
"[M] motivation motivational",0.122938047009012
"[T] media",0.122640439780804
"[M] international",0.122549700731112
"[T] attacking",0.122455920513217
"[T] today",0.122297611411084
"[T] angry",0.122072703774312
"[M] panic",0.122034497983879
"[M] access",0.121701303055625
"[T] really bad",0.121159640865574
"[M] messengerinternational",0.121053805562677
"[M] messengerinternational org",0.12105286275738
"[M] messengerx com",0.12105067768181
"[T] imagine",0.121042337588087
"[M] https www",0.121020704925478
"[T] say know",0.120870215401453
"[T] happen",0.120731080725349
"[T] solution",0.120504046264018
"[T] clinically",0.120250037489212
"[T] clinically depressed",0.120247573252537
"[T] control",0.120230522151782
"[T] let say",0.11973888415871
"[T] directly",0.119621409165416
"[T] model",0.119575735123146
"[T] inside",0.119535501946694
"[T] desert",0.119290018504209
"[M] peter",0.118918131398546
"[T] sound",0.118747757481464
"[M] spectrum",0.118455502071448
"[T] drink",0.117794594426745
"[M] list",0.11770937982162
"[T] people like",0.117614482316333
"[M] promote",0.117510607427345
"[T] work hard",0.117480763372372
"[M] shorts islam",0.117354899193908
"[T] deal",0.117306890793217
"[T] glowing",0.117081184027183
"[T] depression anxiety",0.117051709408782
"[T] mentally ill",0.116754100746912
"[M] evidence",0.116704574387463
"[T] believe god",0.11657462191742
"[M] video delve",0.116540284265686
"[M] reason depression",0.11632100347899
"[M] shorts joerogan",0.116282096486908
"[M] joerogan jre",0.116277591203667
"[M] hours https",0.116103668003201
"[T] deep",0.115710371396959
"[T] oftentimes",0.115364994104936
"[M] autistic",0.115362130759983
"[T] didn really",0.115237809699418
"[M] spirit",0.115175337846048
"[T] seeing",0.11482243556786
"[T] died",0.114114670856056
"[T] says god",0.113619368119956
"[M] smart",0.113225821719946
"[T] ve experienced",0.112983743444884
"[T] people people",0.112945142035788
"[T] counting",0.112718227102835
"[T] busy",0.112128474604719
"[M] want",0.11121396884135
"[T] lot",0.110848432015691
"[T] acute",0.110839902947931
"[M] affect",0.110780913937338
"[M] discord",0.110778370862973
"[M] interested",0.110746349024656
"[M] depression subscribe",0.110721904441446
"[M] facebook",0.110663211185193
"[M] long",0.109956148194055
"[T] makeup",0.109823887488335
"[M] dark",0.109800814357184
"[T] met",0.109685752185951
"[M] islam",0.10952431773265
"[T] anxiety things",0.109432485788352
"[T] clothing",0.109215035914017
"[T] given",0.109157466057901
"[T] dear",0.108992413441079
"[T] tourette",0.1085201382327
"[M] time donation",0.108415779178702
"[M] link https",0.108248059817596
"[M] monthly",0.108074780576413
"[M] watch video",0.107583035177536
"[T] testimony",0.107531021825468
"[M] stress sleep",0.107423304231323
"[T] entire",0.107376352188405
"[T] throw",0.107330844311441
"[M] concerns",0.10721498602892
"[T] bipolar",0.107187447806675
"[M] anecdotes",0.106809423716681
"[T] rage",0.106760844930354
"[T] therapists",0.106371361097001
"[M] rabbi",0.10582878133658
"[T] bio",0.105691502579186
"[M] twitter https",0.10548905379681
"[M] twitter",0.105437169150217
"[T] said",0.105088979168063
"[T] speaks",0.104955773714129
"[T] happened don",0.10488341647446
"[T] father",0.104871771535842
"[T] okay need",0.104867436572111
"[T] powerful devil",0.104851087146501
"[M] subscribe channel",0.10484276145055
"[M] love",0.104802611502364
"[T] flight",0.104760871218343
"[M] efficacy",0.10451644086306
"[T] think need",0.104207810375882
"[T] helps",0.10411723071137
"[T] balm",0.103930933386014
"[T] lemon",0.103925572427305
"[T] lemon balm",0.103925047279867
"[T] skull",0.103919988650942
"[T] valerian skull",0.10391953618318
"[M] interview",0.103833164373019
"[M] drj9live",0.103805300520878
"[T] family",0.103767822041445
"[T] defeat",0.103765205582054
"[T] turned",0.103591311960057
"[T] talk mental",0.103445897202142
"[M] fish",0.103350633443003
"[M] fish oil",0.103349843780272
"[M] acids",0.103264908924962
"[M] fatty",0.103257208680609
"[M] fatty acids",0.103256852740724
"[T] didn make",0.103061225662129
"[M] https youtu",0.102985175283827
"[T] star",0.102973314540329
"[M] youtu",0.102957257394797
"[T] days",0.102641751464387
"[M] old",0.102576556249398
"[T] did",0.102515443421683
"[T] autistic kid",0.102124946262386
"[T] wedding",0.102094838830714
"[M] youth mental",0.101685245591581
"[T] killing",0.101480420661454
"[M] valuable",0.101468757835675
"[T] opposite",0.10129870215591
"[M] worse",0.101272627356931
"[M] claims",0.101227075001732
"[T] share",0.101135234980264
"[M] request",0.100976101069528
"[T] used",0.100133718119266
"[M] overall",0.100061009433397
"[M] did",0.100040599147374
"[M] thoughts",0.099914864520441
"[M] mentaldisorder",0.0997246845069035
"[M] nutrition",0.0997085526005229
"[T] animals",0.0996171943031206
"[M] quickly",0.0995921213970285
"[T] life know",0.0994507187784019
"[T] living life",0.0994445223164597
"[M] night",0.0994325487467747
"[M] friedman",0.0994258665185288
"[M] available",0.0990360430202332
"[M] inflammation",0.09881589934938
"[T] society",0.0985773524581245
"[T] overcome",0.0984402841255438
"[T] religion",0.098284006516028
"[T] person",0.0981961934818202
"[M] viral anxiety",0.0979150119343687
"[T] depressed real",0.0977941275780078
"[T] right",0.0977006360299925
"[T] guy",0.0976494869719201
"[T] stand",0.097045322425553
"[T] rains",0.0969974640568685
"[M] messages",0.0968209635519417
"[T] anxious scared",0.0967588736826753
"[T] guy street",0.0967496847365707
"[M] com partner",0.0965619955376251
"[T] need way",0.096483393572126
"[T] 20",0.0964650676594242
"[M] supportive",0.0964315633764312
"[M] fair",0.0963658778735515
"[M] fair use",0.0963651051906344
"[T] don care",0.0961112770042969
"[M] paypal https",0.0959778203933704
"[T] conversation goes",0.0959056073713155
"[T] didn know",0.0958339071515962
"[T] car",0.0956841422902103
"[M] shorts",0.0955875841258436
"[T] oh chemical",0.0953178712868009
"[M] funding",0.0948244910156616
"[T] brain didn",0.0946096820073211
"[T] add",0.0945595147362225
"[M] unique",0.0944998031376762
"[M] motivational shorts",0.0944815833800118
"[T] attack like",0.0942551362554491
"[M] jesus prayer",0.0942341942733185
"[M] creating",0.0941346341477553
"[T] going way",0.0940812001740403
"[T] ve",0.0940640608492696
"[T] exhaustion",0.0940027966234318
"[T] woman",0.0939223371603068
"[M] experiences",0.0935442960665537
"[M] counselor",0.0934791309046775
"[T] cut",0.0934559231850139
"[M] books",0.0933982507044378
"[T] floor",0.0933711518450403
"[T] years",0.0932304466988929
"[T] lived",0.0932009260124655
"[M] venmo",0.0927170740760229
"[M] document",0.0924806437622397
"[M] oil",0.0924509361960553
"[M] term",0.0923225409138409
"[T] called",0.0923133343719401
"[T] know don",0.0922745353569917
"[T] color",0.0920654258642632
"[M] com email",0.0920086875753101
"[M] feminism",0.0919753660802019
"[M] itsgoodtoknow",0.0918421604474318
"[M] itsgoodtoknow org",0.0918416016674027
"[M] manis",0.0918404173913149
"[M] manis friedman",0.0918399191086531
"[M] rabbi manis",0.0918387547009214
"[T] don lot",0.0918052524395384
"[T] know doesn",0.0916468284869992
"[T] just happens",0.0915707567057496
"[M] com donate",0.0914929719163778
"[M] com shop",0.0914922318919876
"[M] anxiety mentalhealth",0.0914422102198857
"[T] try",0.0913864913555656
"[M] omega",0.0912596841041088
"[T] say shit",0.0911030923298089
"[M] sessions",0.0910275749281352
"[T] wife",0.0910163533988271
"[T] rid",0.0909641621261141
"[T] young",0.0909495505644254
"[M] motivation depression",0.0909064607099257
"[M] distribute",0.0905218822953151
"[M] distribute free",0.0905215991573262
"[M] en donate",0.0905195778539372
"[M] ______________ make",0.0905190511269572
"[M] app messengerx",0.0905182000173363
"[M] bevere",0.0905173481926903
"[M] bevere shorts",0.0905171219150263
"[M] com en",0.0905166904589854
"[M] globe",0.0905158046195768
"[M] globe https",0.0905154602109906
"[M] https app",0.0905115858182922
"[M] https messengerinternational",0.0905112391650887
"[M] lisa bevere",0.0905104071496919
"[M] international distribute",0.0905096275370592
"[M] lisabevere lisabeverestudy",0.090508745678897
"[M] lisabeverestudy",0.090508349910105
"[M] messenger",0.0905049471668958
"[M] messenger international",0.0905045562386516
"[M] org monthly",0.0904989107955593
"[M] partner messenger",0.0904976743252732
"[M] resources globe",0.0904970120391392
"[T] industry",0.0904140411031662
"[M] managing",0.0903122192481063
"[T] negativity",0.0902308275687244
"[T] middle night",0.0900218718955141
"[M] advocacy",0.0898443969654717
"[T] dress",0.0898097809724662
"[T] acknowledge",0.0892531982117005
"[M] secret",0.0891935618112194
"[T] hat",0.0891584291042055
"[T] struggled",0.0891285706047286
"[M] linkedin",0.0891186670385378
"[M] mentalhealth mentalhealthawareness",0.0890795216711592
"[M] stream",0.0890645330070148
"[T] knock",0.0890082662577545
"[T] people schizophrenia",0.0888217130672494
"[T] doesn just",0.0887906960402314
"[M] meds",0.0887058256571772
"[M] popculture",0.0885031173916775
"[M] popculture dailywire",0.0885025934683389
"[M] shorts candaceowens",0.0885024724744435
"[M] candaceowens",0.0884896594127308
"[M] culture popculture",0.0884895439221104
"[M] candaceowens news",0.0884893763072084
"[T] life depression",0.0883540885271127
"[T] lord",0.0883367297923668
"[M] learn",0.0881965549105657
"[M] permitted",0.0881191367960006
"[M] use permitted",0.0881190965051446
"[M] permitted copyright",0.0881189824841152
"[M] use use",0.0881187213036343
"[M] supporting",0.0880623436834671
"[T] gives",0.0879959155548792
"[T] changed",0.0878235891505574
"[M] stand",0.0876467118982439
"[T] mind going",0.0873158433956589
"[T] church",0.0873129503787298
"[M] event",0.0869265384914882
"[T] exciting",0.0868052320894648
"[T] feel anxiety",0.0868012652778393
"[T] antidepressant",0.0867962860115938
"[T] medicine",0.0867495695260222
"[M] expensive",0.0866197703101942
"[T] bear",0.0866008272760276
"[M] purchase",0.0865383016203885
"[T] circumstances",0.0865370581869498
"[T] followed",0.0865321694715962
"[T] way day",0.0862445012834846
"[T] autism adhd",0.0861491381858649
"[T] doing things",0.0861044607728538
"[T] spoke",0.0860756171351143
"[M] answer",0.0860656807492638
"[T] comments",0.0860548765719364
"[M] adults",0.0860138505393886
"[M] speed",0.0859605763195018
"[T] heart attack",0.0856325412222884
"[T] having",0.0856145196364605
"[T] results",0.0855546148930167
"[T] groups",0.0855027687325162
"[M] wellbeing",0.0852972517952328
"[M] fight depression",0.0852367262263274
"[T] remembrance",0.0851900711466932
"[M] profit",0.085170372917355
"[T] don want",0.0850490969322256
"[T] happen ve",0.0850203712002388
"[M] perspectives",0.0847650833343379
"[T] work just",0.0847192462730072
"[M] ministry https",0.0847080656658004
"[T] come say",0.0846856885446163
"[M] chronic",0.0845329429914757
"[T] talk doctor",0.0845069136245059
"[T] revelation",0.0843056363653623
"[M] enlightening",0.0842494999950442
"[M] miss",0.0842392249186444
"[T] effects",0.084142464971309
"[T] eat",0.0838558258278829
"[T] stronger",0.083742047050468
"[M] com drj9live",0.0837394806428843
"[T] hospital got",0.0836251970855767
"[M] believe",0.0835619890456035
"[M] link bio",0.0835461946250571
"[T] heavy",0.0834153328946267
"[T] question",0.0832651899061376
"[T] fix problem",0.0831365660881575
"[M] safe",0.0830622497605633
"[M] https itsgoodtoknow",0.0825653685563291
"[M] invest",0.0824810618795503
"[M] statute",0.0824617390286133
"[M] statute infringing",0.0824615566908613
"[M] copyright statute",0.0824589713661298
"[T] sense",0.0822461138891939
"[T] want learn",0.0820345263376467
"[T] need mental",0.0816056020655901
"[T] human",0.0811287784280715
"[T] like lot",0.0810097693526539
"[T] break",0.0809975817686888
"[M] ytshorts",0.0809792887444279
"[M] www paypal",0.0809184523035163
"[T] ghosts",0.080632221498862
"[M] skullcap",0.0804312806291595
"[M] valerian skullcap",0.0804271324176975
"[T] favorite",0.0802147078633352
"[M] shorts dr",0.0801473771714013
"[T] adhd study",0.0801207515358531
"[T] know want",0.0800287278226514
"[M] website https",0.0800143455683375
"[M] did know",0.0799173225452297
"[M] help anxiety",0.0798497645887549
"[T] want know",0.0796782347323033
"[T] attack",0.0794824808721159
"[M] join discord",0.0794305540078596
"[T] subconscious",0.0794198700776906
"[T] subconscious mind",0.0794196670797613
"[M] heart",0.0794053808965604
"[M] expert",0.0793978501946417
"[T] moms",0.079252934560221
"[T] wore",0.0787790781483415
"[T] anxiety really",0.0787190445148102
"[M] let",0.078615614685836
"[T] autonomic",0.0785113340736302
"[T] nerve",0.0783111590799024
"[M] rumble",0.0781574705286399
"[T] pandemic",0.0781039972294515
"[T] virus",0.078103947690377
"[T] john",0.0780975819614922
"[T] mode",0.0780295689884401
"[T] nowadays",0.0777808682640926
"[T] feeding",0.0777338804889786
"[T] didn",0.0776685280097817
"[M] formula https",0.0776628339016199
"[M] com stress",0.0776608436155393
"[M] mentalhealth stress",0.0776564037088286
"[M] short valerian",0.0776546909743223
"[M] vitatree stress",0.0776499389185642
"[T] prayers",0.0774850470050642
"[T] creator",0.0773588026416202
"[M] looking",0.0772536922493006
"[T] conditions right",0.0771816296746445
"[T] diagnosed adhd",0.0771292735537561
"[T] feel really",0.0769994193779416
"[M] working",0.0769695011677968
"[M] anxiety dr",0.076887344382361
"[M] stay connected",0.0767581964730802
"[M] https twitter",0.0767266580532177
"[M] comment news",0.0765630734063128
"[T] case",0.0765275702779191
"[T] stone",0.0764046809130191
"[M] click link",0.0762784289091153
"[M] discord https",0.07616782324016
"[T] need feel",0.0755529974467774
"[M] exclusive",0.0753602700920945
"[T] country",0.0752910810364389
"[T] bad point",0.0752173535584284
"[T] ton",0.0751680723383471
"[T] thanks",0.075107972863417
"[T] socially",0.0750614827046509
"[M] dr",0.074999054478095
"[M] magnesium",0.0749867061637139
"[T] wondered",0.0749141596346065
"[M] counseling",0.0748917437863263
"[T] grace",0.0748870694091238
"[T] belief",0.0748619984692909
"[M] janine online",0.0747994862602958
"[M] matters dr",0.0747977584988362
"[M] watch health",0.0747873372192574
"[M] time",0.0747829540348246
"[T] life want",0.0747708055698712
"[T] piece",0.0747264927021965
"[M] shorts depression",0.0746780511240156
"[T] nervousness",0.0746526424983408
"[T] said ve",0.0745938866419339
"[T] shit",0.0745616615610587
"[T] place",0.0745533468660653
"[M] research fair",0.0745320667244045
"[M] infringing",0.0745314029693617
"[T] distress",0.0744093826385117
"[M] known",0.0742966925610374
"[T] related",0.0741935502393827
"[M] politics culture",0.0741174874696323
"[T] sitting",0.0740766919886584
"[M] act",0.0739761595206307
"[M] kati",0.0737840818748891
"[T] agony",0.0737666255999338
"[T] families",0.0736751636233611
"[T] closer",0.0735235616290925
"[T] health tips",0.0734937221967009
"[T] natural health",0.0734832132409086
"[T] diagnostic",0.0732360995937777
"[M] com playlist",0.0732334166474056
"[M] playlist list",0.0732267613036363
"[T] state",0.0732014638846935
"[T] health professionals",0.073180355956858
"[M] depressed depression",0.0731801153550172
"[T] people ask",0.0731791091195255
"[T] lot times",0.0730471665082572
"[M] balm",0.0730274065605339
"[M] lemon",0.0730254753047353
"[M] lemon balm",0.0730249727982575
"[T] fundamental",0.0729426703494634
"[T] hurdle",0.0729422431606184
"[M] shorts want",0.0729100773856455
"[T] know people",0.072763649811075
"[M] freefire",0.0726505741373393
"[T] showing",0.0723235218953481
"[T] exists",0.0723145591334282
"[T] mentally",0.0723041769663109
"[M] copyright",0.0722497247402504
"[M] com watch",0.0722482923926184
"[M] shorts watch",0.0722293197050615
"[T] like know",0.0721592210742658
"[M] andrewtate topg",0.0720928577122427
"[T] acts",0.07199017922232
"[T] bro look",0.0716450516877869
"[M] channel access",0.071636544608872
"[M] solution",0.0715640865581755
"[M] connection",0.0715394719818671
"[T] carry",0.071510854792461
"[T] weak",0.071508806474238
"[T] short",0.0713098198914544
"[T] vulnerable",0.0713038044696975
"[T] person adhd",0.0710523304358169
"[T] need talk",0.0710506176595646
"[M] antidepressant",0.0710441239511424
"[T] people going",0.0710063107569043
"[T] struggles",0.0710051802957577
"[T] shot",0.0709947945548721
"[T] feedback",0.0709563365589643
"[T] tune",0.070872209849186
"[M] hubermanlab",0.070863333014225
"[M] ca",0.0708190482899688
"[T] struggling mental",0.0708180019532525
"[T] redeem",0.0707659497212447
"[M] success",0.0706267890178569
"[T] like say",0.0702683721383655
"[T] man",0.0701068883965623
"[M] explains",0.0700960974738631
"[T] cutting",0.0699197470737916
"[T] street",0.0699136827750562
"[M] ill",0.0698421584080563
"[T] right kind",0.0697947305643736
"[M] impact",0.069601976480482
"[T] amazing",0.0695690651628256
"[M] valerian",0.0695526203877389
"[T] people said",0.0695489524836751
"[T] positive thoughts",0.0694266452696599
"[M] health disorders",0.0693717822618881
"[T] experience",0.0693625084256689
"[M] watch episode",0.0693565111350485
"[T] thousands",0.0692877259660605
"[T] personality",0.0692679066071588
"[T] talking really",0.069227255814508
"[M] discussion",0.0690675199549471
"[T] people feel",0.0690523952708296
"[T] sign",0.0689701891833028
"[T] short period",0.0689618878860505
"[T] speed",0.0689467672534246
"[T] captive",0.0689268349642501
"[M] effective",0.0688998738806487
"[T] hopeless",0.0688336110722483
"[T] believe ghosts",0.0688252197369151
"[T] saying going",0.0688155121619541
"[T] haunted",0.068812671004156
"[T] party",0.0685084442672311
"[T] caught",0.0684312989434564
"[T] beer",0.0684269248296018
"[T] meditations",0.068320700109316
"[M] connected",0.0683061203151728
"[T] severe",0.0682936316075502
"[T] eating disorder",0.0682714950539244
"[T] real problems",0.0682667896984447
"[T] 30 seconds",0.0681986209014086
"[T] ve lost",0.0681634636800032
"[M] know shorts",0.0680591825304751
"[T] famous",0.068053530305839
"[M] david",0.0679602449927456
"[M] information",0.0679472707566403
"[T] drug",0.0677981176083638
"[T] mama",0.0677799101673563
"[T] really stupid",0.0677516258530939
"[T] changed life",0.0676374106744522
"[M] let talk",0.067573690702952
"[T] reduce",0.067418118564643
"[T] assume",0.0673927706476393
"[T] saying isn",0.0673902848754084
"[T] wanting",0.0673630373491139
"[T] basically",0.0673085564004113
"[M] depressed shorts",0.0673042885088481
"[T] nature",0.0671737239406572
"[T] mind right",0.0671487353216201
"[M] diagnostic",0.0671229712436446
"[T] known",0.0669483692186605
"[T] think actually",0.0669141777129111
"[T] grew",0.066870301496845
"[M] god shorts",0.0668439131986117
"[M] hours",0.0668343391482599
"[M] attack",0.0668009188078067
"[M] vitatree",0.0666369440633942
"[T] history",0.0666315244897635
"[T] terrible right",0.0665772789534475
"[T] boys",0.0664287855894878
"[M] news politics",0.0662960996294223
"[T] right mighty",0.0661800742574683
"[M] tumblr",0.0660033470563323
"[T] pure",0.0659127887154149
"[T] experiences",0.0659042434309554
"[T] say stop",0.0658809135535325
"[T] different mental",0.0658599347275712
"[M] entrepreneurship",0.0656763645136612
"[T] eating",0.0656291728848232
"[M] way",0.0656225279681875
"[T] answer",0.0655062365947354
"[T] ball",0.0654564484721309
"[M] account",0.0654197701054811
"[T] going say",0.0654171102100998
"[T] managing",0.0653162372352459
"[T] health mental",0.065244382435729
"[T] secondly",0.0651038007287378
"[T] argue",0.0648659894904896
"[T] clearly",0.0646988679348446
"[T] misdiagnosed",0.064628550809018
"[T] affecting",0.0645735179407033
"[M] store",0.064564957835598
"[T] fully",0.0645546482171588
"[M] new book",0.0644603472739973
"[T] just understand",0.0643569805075231
"[M] neurodiversity",0.064356749829998
"[M] shorts did",0.0643110556630458
"[T] stress anxiety",0.0640884540907956
"[T] police",0.0639739422499861
"[M] ig https",0.0638717093900235
"[M] industry",0.063657392259792
"[T] super",0.0636375610291017
"[T] great",0.0635172385105598
"[M] sleep formula",0.0634465418925629
"[M] disclaimer section",0.0634003374232518
"[M] use purposes",0.0634000655701062
"[T] word",0.0634000048678044
"[M] scholarship",0.0633993589788829
"[M] 1976",0.0633979498500738
"[M] 1976 allowance",0.0633977749223554
"[M] act 1976",0.063397465307324
"[M] copyright act",0.0633966568239801
"[M] copyright disclaimer",0.0633965438954997
"[M] allowance",0.0633956510389827
"[M] allowance fair",0.0633954949903658
"[T] mild",0.0632293893012532
"[T] moderate",0.0632293693137178
"[T] component",0.0630918020772012
"[T] hard time",0.0628519932486836
"[T] thee",0.0627726966799505
"[M] shop",0.0626093033276751
"[M] socials",0.0625367142332005
"[T] want going",0.0624129638930814
"[T] improvement",0.0623543642100024
"[T] psychiatric",0.0623507576917304
"[T] life life",0.0622827230747189
"[T] probably worst",0.0622042625062645
"[M] shortvideo",0.0621792843320065
"[T] pushing",0.062071898309524
"[T] loving",0.0619638903877134
"[T] way want",0.0619366471609455
"[T] 200",0.0617560235674086
"[T] saying just",0.0617271625273928
"[T] exist",0.0617203601267887
"[T] fuck gotta",0.0617130084158588
"[T] thousand",0.0616778810229806
"[T] like want",0.0615986125876732
"[T] productive",0.0615600943987868
"[T] slow",0.0615364987002169
"[T] using",0.0615289830115532
"[M] encourage",0.0614133626725641
"[T] people bring",0.0613721886038012
"[T] milligrams",0.0613102731965053
"[T] debilitating",0.0610615326476988
"[M] speaker",0.0607049100590079
"[M] com user",0.0605958674992684
"[M] user",0.0605811439402734
"[T] label",0.0604049960965682
"[T] tell people",0.0603625630407841
"[T] consumed",0.0603100190946629
"[T] did mental",0.0601455611553676
"[T] like oh",0.0600955223746174
"[M] today https",0.0599948504265088
"[M] linkedin https",0.0598271993564905
"[T] hold",0.0597572848709647
"[T] people talking",0.05955221997756
"[T] important people",0.059529150492628
"[T] real thing",0.0595078252130763
"[T] going share",0.0594927707916498
"[T] really yeah",0.0594778497239192
"[T] say going",0.0594579133122324
"[M] clinical",0.0594297545055423
"[M] educational purposes",0.0594190826666062
"[T] scale",0.0594042196616928
"[T] arms",0.0593610984325022
"[T] fixate",0.0593092043612085
"[T] gender identity",0.0593043495593898
"[T] identity",0.0593033534282723
"[M] lisa",0.0592774617386497
"[M] special",0.0590902790575055
"[M] episode https",0.0590891173481481
"[T] genetics",0.059070035503243
"[T] face",0.0590135819315222
"[T] ill",0.0589774502113486
"[T] presence",0.0589182357764408
"[T] truly",0.0589088427739482
"[T] help want",0.0588648451433779
"[T] tough",0.0588612726435665
"[T] accept",0.0587513705629424
"[T] parent",0.0586690241797058
"[T] road",0.05859562027346
"[T] adhd ve",0.0585671907004225
"[M] needs",0.0585006696333329
"[T] life going",0.05844515874511
"[T] mood depression",0.0584296956391378
"[T] hearing",0.0583614808530181
"[T] mental health",0.0583031720982491
"[M] michael",0.0582440948757765
"[T] psychedelic",0.0582394017918052
"[M] diet",0.058218206089506
"[T] definitely",0.058216213072582
"[M] educational",0.0581788567275756
"[T] sense don",0.0581351926747529
"[M] criticism comment",0.0581032485831918
"[T] fortunately",0.0580823137854756
"[M] color",0.0580766301477009
"[M] unlock",0.0580667684437494
"[T] just said",0.0580601307283065
"[M] fighting",0.0580035942755851
"[M] fighting depression",0.0580032273486451
"[T] explained",0.0579782982629662
"[T] does people",0.0579661838940182
"[T] little things",0.0579282541677316
"[T] gonna",0.0578887123572635
"[T] life doing",0.0578435142587966
"[T] lose weight",0.0577407200787247
"[M] controversial",0.057607649295383
"[T] pounds",0.0575707291730129
"[T] aspects life",0.0575326294285512
"[T] stressed anxious",0.0573530108882713
"[T] talking mental",0.0573066040283388
"[M] stress",0.057276293394364
"[T] going make",0.05723849625285
"[T] chemistry",0.057142733446873
"[T] brain chemistry",0.0571426584113794
"[T] autism thing",0.0570718688679334
"[T] thing say",0.0570522626551053
"[T] year old",0.0570227783204172
"[M] uncomfortable",0.0570185717844768
"[M] medical psychological",0.0570000118681209
"[M] exercise",0.0569530354628367
"[M] 13",0.0568056970600275
"[M] purchases",0.0567579303924457
"[T] maintaining",0.0566739401086804
"[T] deal depression",0.0566594580985909
"[T] stops",0.0566374158808926
"[M] busy",0.0564492109767361
"[M] humor",0.0563570988688756
"[T] fuck",0.0563350918420929
"[T] suffering",0.0563009762555289
"[M] freeze",0.0562705515188492
"[M] released",0.0562544000248267
"[M] https discord",0.0562509264635438
"[M] help depression",0.0562229531931053
"[M] en website",0.0561174659875708
"[T] thing said",0.0559550836002277
"[T] going help",0.0558507596420044
"[M] qualified",0.0558378802617679
"[M] anxiety feel",0.0558367541669328
"[T] activity",0.0557468341074266
"[T] psychology",0.0555534085103255
"[T] triggers",0.0555488227395097
"[T] force",0.0554260762063057
"[T] stop",0.0552906989147511
"[M] positivity",0.0552535344589408
"[T] don let",0.0552372921285606
"[M] subscribe content",0.0551422567585942
"[T] cultures",0.0551417847203779
"[T] combination",0.0551258767918905
"[M] johnson",0.0550948102177134
"[T] professionals",0.0550427522682079
"[T] remember thinking",0.0550222798655633
"[M] affiliate link",0.0549037442583985
"[M] hey",0.0549029211928696
"[T] going like",0.0548342360158896
"[M] discord com",0.0547539717943269
"[T] ve come",0.0547048603613132
"[T] personally",0.054588725543538
"[T] foods",0.0544997289604609
"[M] protect",0.0544517270572217
"[M] think",0.0544371480459555
"[M] autism shorts",0.0544198506088887
"[M] socials follow",0.0541648366887134
"[T] embarrassed",0.0541423459025928
"[T] marijuana",0.0541175382480689
"[T] earth",0.0540645696893743
"[M] knowing",0.0540442647972745
"[M] substitute",0.0540356537610432
"[M] podcast like",0.0538326168574295
"[M] vip",0.0537405020077907
"[M] dailywire",0.0536656739779012
"[M] government",0.0536547777389727
"[T] saw",0.0536326280450629
"[M] reddit",0.053606638102723
"[T] know shouldn",0.0535433092090057
"[T] blood test",0.0534949751288153
"[T] world come",0.0534662357853269
"[T] type",0.0533138102423501
"[M] wake",0.0532995245262996
"[T] ready",0.053272450760072
"[T] overwhelmed",0.0531884284828767
"[M] https odysee",0.0531668906964275
"[M] odysee com",0.0531659257443095
"[M] icon",0.0530750227399386
"[M] jeff",0.0530502014243546
"[T] psychologists",0.0529039537928476
"[T] term",0.0528679558841219
"[M] homepage",0.0528025792768456
"[M] helps anxiety",0.052800467000528
"[M] section 107",0.0527299072555592
"[M] 107",0.0527296465171664
"[M] 107 copyright",0.0527294695296538
"[T] boss",0.0527069693994538
"[T] anxiety depression",0.052541519528728
"[T] tip just",0.0522038411291468
"[T] really important",0.0520502580527932
"[M] yes",0.0520175556814484
"[T] involve",0.0519767433709498
"[M] social anxiety",0.0519410482698236
"[M] panic attack",0.0519399651200809
"[M] authors",0.0519224898689774
"[T] like think",0.0518577137755758
"[M] twitter com",0.051733378695987
"[T] 15",0.0515734463866891
"[M] insights",0.0515480354037565
"[T] say went",0.0515079501369646
"[T] minds",0.0514624590736198
"[M] relaxed",0.0514595968392955
"[T] christian",0.0513325953016915
"[M] author",0.0512756973008391
"[T] okay okay",0.0512649108207971
"[T] marriage",0.0511822964227835
"[T] anxiety don",0.0511687678855594
"[T] illness people",0.0511055066393778
"[M] influencer",0.050890792711318
"[T] heavenly",0.0508692551293097
"[T] mighty jesus",0.050868825720967
"[T] heavenly father",0.0508681138451298
"[M] bestilldrjanine anxiety",0.0508326623067286
"[T] escape",0.050799496800302
"[M] life coach",0.0507696491265807
"[M] dr andrew",0.0507056878534375
"[T] thing need",0.0506591637092595
"[M] content like",0.050534811127366
"[M] range mental",0.0504795511847538
"[T] balance",0.0504106063002156
"[M] visit",0.0503782156825387
"[T] engaged",0.0503587349654646
"[M] playlist",0.050286399263634
"[T] tell wrong",0.0502344264617787
"[M] video does",0.0501667205557581
"[M] wrong",0.0500975867838192
"[M] depression andrew",0.0499881769448296
"[T] heals",0.0499834173910676
"[M] social media",0.0499722933055272
"[T] dumb",0.0499475910634559
"[M] age",0.0499103582130467
"[M] youth",0.049902098860735
"[T] planet",0.0498500506018128
"[T] haven",0.0498404212714107
"[T] hit",0.049779859113634
"[T] necessary",0.0497386576401006
"[M] facebook com",0.0497010549666717
"[T] response",0.0496614662098361
"[T] thoughts come",0.0496431310336662
"[M] drink",0.049639429703029
"[T] human brain",0.0496216550736827
"[T] people try",0.0496135919083408
"[T] jesus king",0.0495792705931517
"[T] king comments",0.0495731610602362
"[T] type jesus",0.0495686021894446
"[T] respect",0.0495062321416265
"[M] doctor janine",0.0494650423865779
"[M] doctorjanine",0.0494650337129996
"[M] doctorjanine facebook",0.0494650229331164
"[M] drj9live lang",0.0494635903225652
"[M] drj9live twitter",0.0494634496251321
"[M] en youtube",0.0494621018565786
"[M] est",0.0494619743212791
"[M] est chat",0.049461789718871
"[M] connection doctor",0.0494581141403014
"[M] com j9naturally",0.0494579946008654
"[M] chat dr",0.0494579302723349
"[M] com doctorjanine",0.0494576525558912
"[M] ca drj9live",0.0494574854606802
"[M] j9naturally",0.0494564125245941
"[M] 11am est",0.0494563206691504
"[M] 11am",0.0494561775271678
"[M] j9naturally lang",0.0494561505792446
"[M] janine instagram",0.0494535191634861
"[M] live connection",0.0494515551591332
"[M] online tuesday",0.0494493973294349
"[M] tuesday 11am",0.0494456509014173
"[M] user vitatree",0.0494439289271851
"[M] vitatree pinterest",0.0494418380014415
"[M] tuesday",0.0491517189946405
"[T] renew",0.0490962452296993
"[M] janine suggests",0.0490766883025786
"[M] suggests",0.0490720380869352
"[M] asks",0.0489702889951462
"[T] began",0.0489032860174328
"[T] make happy",0.048816599465843
"[M] linkedin com",0.0487779208683376
"[T] rest",0.0487252899325762
"[M] uncensored",0.0487127606324215
"[T] position",0.0486649288123889
"[M] com thank",0.0486119768883673
"[T] connection",0.0485816996867774
"[T] like valerian",0.0485357811914232
"[T] free jesus",0.0484400811686087
"[T] supernatural",0.0482831473164422
"[M] practical strategies",0.0481892948244489
"[M] stories expert",0.0481890388143062
"[M] join explore",0.0481890274888206
"[T] man like",0.048183511377269
"[T] chat",0.0481792006039625
"[M] embracing",0.0481700563986785
"[M] tate depression",0.0481641531132975
"[T] parasympathetic",0.0481303789326759
"[T] told",0.0480747852751755
"[M] lost",0.0480648849396842
"[T] dealing",0.0479779882403788
"[T] couldn",0.0478089519193884
"[M] inquiries",0.0478025722047531
"[T] social anxiety",0.0477334123239526
"[M] green",0.0477254137190561
"[M] visit website",0.0476849175472034
"[M] recognize",0.0476738351370759
"[M] challenges faced",0.0476706753367284
"[T] really hard",0.0476474607538178
"[M] gets",0.0475061889124728
"[T] secret",0.0474504858875473
"[T] book",0.0474187241792541
"[M] meaning",0.0473214389468866
"[M] huberman hubermanlab",0.0472906803372421
"[T] rituals",0.0472869607618067
"[T] feeling depressed",0.0472372479752172
"[T] anxiety nervousness",0.047231024579874
"[M] intervention",0.0472189781246535
"[M] platforms",0.0472006511565698
"[M] treated",0.0471931646535514
"[M] like tiktok",0.0470121418097265
"[M] text",0.0470106005525742
"[T] really need",0.0469978593207861
"[M] especially",0.0469755886787696
"[T] thoughts replace",0.0468727942819044
"[T] replace",0.0468723018360717
"[M] realm",0.0468060583774786
"[M] kind",0.0467997257127534
"[M] youtube http",0.0467408920287666
"[T] decreasing",0.0467074420925828
"[M] gender",0.0467022866322902
"[M] concerning",0.0466901980651698
"[T] shouldn",0.0466741863099067
"[M] ghost",0.0466310843461421
"[M] start",0.0466016179730473
"[M] odysee",0.0465946834396053
"[T] receive",0.0465830775713898
"[T] exercise",0.0465594912172713
"[T] expecting",0.0463019574543833
"[M] discusses",0.0462287070142916
"[M] purposes criticism",0.0462168442528622
"[M] news reporting",0.0462167363892282
"[M] reporting",0.0462164523360626
"[M] criticism",0.0462123065664727
"[M] app",0.0462075452589729
"[T] tend",0.0460924269016859
"[T] revealed",0.0460662501947385
"[T] going million",0.0458377967649157
"[T] million miles",0.0458360964210365
"[T] yeah definitely",0.0458335278627258
"[M] limit",0.0458145982271774
"[T] magical",0.045776597220493
"[T] twitter",0.0456427451593177
"[T] mess",0.0455891960941295
"[M] janine shares",0.0453303209317916
"[T] sounds",0.0453126626696469
"[M] shorts andrew",0.0452751184661109
"[M] website",0.0452278660321942
"[T] existing",0.0452236976677254
"[M] gear",0.0451187584595541
"[T] grip",0.0450254160662724
"[M] challenges",0.0450225568722244
"[M] thanks watching",0.0450037385221035
"[T] meet",0.0449741159205691
"[T] apps",0.0449019178667493
"[T] beneficial",0.0448885228103114
"[M] zoom",0.0448851359541035
"[T] allah",0.0448720869944863
"[M] breaks",0.0447903818460661
"[T] expect",0.0447790330768733
"[M] including",0.0447626002725728
"[M] control",0.0447494523821366
"[T] headphones",0.0446909590224189
"[M] bio",0.0445296439621591
"[T] power love",0.0444996741324685
"[T] like mental",0.0444879980465068
"[M] deceased",0.0444601025683258
"[M] courts",0.0444297981033639
"[M] reels",0.0443374351340068
"[M] patron https",0.0442439721079618
"[T] great question",0.0441875172031391
"[M] people world",0.0441404424071742
"[T] righteous",0.0440687911666976
"[T] really understand",0.044047168873635
"[T] breathe",0.0439508992178014
"[M] loved",0.0437857725559332
"[M] assistance",0.0437684101571497
"[T] relief",0.0437330605895654
"[T] excited",0.0436440087667662
"[M] nations",0.0436227249602523
"[M] join channel",0.0435556624350636
"[M] nonverbal",0.0435538335141676
"[T] considered",0.0434914325802898
"[M] share comment",0.0432902348315846
"[T] depression depression",0.0431185614708455
"[M] 24",0.0430365373012869
"[M] 24 hours",0.043036276776223
"[T] practice",0.042976972692184
"[M] latest videos",0.0429688477286846
"[T] simple",0.0429608002056776
"[M] dive",0.0429367682746559
"[M] conversations",0.042869147414671
"[T] hates",0.0428533048688307
"[M] amazon",0.0428483839835838
"[M] lang",0.0427726650489205
"[M] lang en",0.0427714276619253
"[T] sudden",0.0427189614948202
"[M] easy",0.0425394836020895
"[M] 35",0.0424183543760012
"[M] shorturl",0.0424041018859991
"[T] think going",0.0424031471935558
"[T] years ago",0.0423716259214295
"[T] long time",0.0422898229776518
"[T] people depression",0.0421223548501894
"[M] follow twitter",0.0420627937635514
"[M] weight loss",0.0420606728483784
"[T] parents",0.0420387790603703
"[T] people say",0.0420156203832016
"[M] explore",0.041963783026472
"[M] deck",0.0419602562784835
"[T] removing",0.0419442394086609
"[T] know actually",0.041935099052335
"[T] voices",0.0419212968475532
"[M] anti",0.041919991316284
"[M] etsy com",0.0418939532310595
"[M] listing",0.0418916693517768
"[M] www etsy",0.0418897661508289
"[T] release",0.0417558906603443
"[M] shorts best",0.0417222740198192
"[T] deficient",0.0417106475130007
"[M] track",0.0416608168643661
"[M] janine talks",0.0415595757646933
"[T] function",0.0415222887234849
"[M] click",0.041470498281881
"[T] acts like",0.0414573341046203
"[M] experience people",0.0414022647201935
"[M] subscribe",0.0413652399380627
"[M] video dr",0.0413618527690608
"[T] change",0.0413312778072798
"[T] having anxiety",0.0412802914190804
"[M] different ways",0.0412448559924985
"[T] just got",0.0412111629968774
"[T] maintain",0.0412105822837648
"[T] lots",0.041200610356782
"[T] working",0.0411365059379082
"[T] wild",0.0411112611272188
"[T] result",0.0410862537041403
"[M] session https",0.0408161525417681
"[T] depression don",0.0406325293115051
"[T] think men",0.0405924899854358
"[M] disclaimers",0.0405905613199954
"[T] written",0.0405711669782917
"[T] mind control",0.040567024317022
"[T] people start",0.0405216860152226
"[M] mentalhealth depression",0.0404124881645587
"[T] including",0.0403795289606339
"[M] rights",0.0403113488535073
"[M] link purchase",0.0403054409697614
"[T] mental disease",0.040303843949415
"[M] example",0.040296323194948
"[M] https tinyurl",0.0402081647863437
"[M] tinyurl com",0.0402035347748387
"[M] tinyurl",0.0402034158379682
"[T] cap",0.04019470776754
"[T] flower",0.0401939101207764
"[T] passion flower",0.0401866519780098
"[T] really help",0.0401860543266946
"[T] skull cap",0.0401860486056163
"[T] careful",0.0401520284814154
"[T] 000",0.0401129666521028
"[M] mental disorders",0.0401076428889158
"[M] purposes",0.0400800025619752
"[T] define",0.0400024863377691
"[M] uk",0.0399685368445823
"[T] kind",0.0399342676191646
"[M] fostering",0.0399097295741044
"[M] motivational speaker",0.0398822789301804
"[T] listening",0.0398589421227893
"[T] hallucination",0.0398531962233553
"[M] health conditions",0.0398099944637928
"[T] fantastic",0.039790276245451
"[M] en tik",0.0396250052699358
"[T] fear love",0.0396152687849278
"[T] timothy",0.039606165063109
"[T] song",0.039567826848421
"[M] james",0.0395224020747001
"[T] little bit",0.0395017112635716
"[M] reducing",0.0394460194006622
"[M] shed",0.0392986157249958
"[M] shed light",0.0392985616286961
"[M] study",0.0391446211929978
"[M] understanding",0.0390818207501068
"[T] finger",0.0390527613115918
"[M] saturday",0.039046621076348
"[M] reddit https",0.0390324838474191
"[M] shares number",0.0390123108922911
"[M] autistic people",0.0389753124984485
"[T] just means",0.0389702867246851
"[T] necessarily",0.0388977243559389
"[M] stuff",0.0388829721495448
"[T] seeing things",0.0388687537404766
"[T] phone",0.0388049584515819
"[T] quick",0.0386521699856209
"[T] think lot",0.0385867111978182
"[M] environment",0.03848835277127
"[M] religion",0.0384148512621962
"[M] spirituality religion",0.0384143064136065
"[M] instagram https",0.0383711508165989
"[T] ll feel",0.0383196514270295
"[T] blood",0.0380782360725717
"[T] okay going",0.0380756136592876
"[M] shock",0.0380378057672603
"[M] shock shorts",0.0380372373375202
"[T] restore",0.0380203399964631
"[T] perfectly",0.038012586882744
"[M] drug",0.0379878340767729
"[M] education research",0.0379857430311832
"[M] scholarship education",0.0379830525221491
"[M] book https",0.0379237911358732
"[M] shown",0.0378563316426559
"[T] movement",0.0378414009311342
"[T] chapter",0.0377180633237545
"[T] jesus powerful",0.0377150274640918
"[T] knees",0.0376984920597453
"[T] joy peace",0.0376774688928944
"[M] church",0.0376456370006438
"[T] 16",0.0376192731178842
"[T] health",0.0375636145917713
"[T] control life",0.0375482699779238
"[T] attacked",0.037546994488126
"[M] dangerous",0.0374197241434018
"[T] forms",0.0374072652378054
"[M] future",0.0372881702277414
"[T] favorite herbal",0.0372232778076999
"[M] pinterest ca",0.0372145239316569
"[M] pursuit",0.0371263151328701
"[T] hang",0.0370969090878057
"[T] 40",0.0370881417142246
"[T] need just",0.0370766606503547
"[M] recently",0.0370059293882675
"[T] calls",0.0368472734441898
"[M] apple podcasts",0.0368059054482035
"[T] community",0.0367962262191344
"[T] worked",0.0367853377036851
"[T] suicide",0.0367600237551652
"[T] wall",0.0366997327614922
"[M] meme",0.0366809634477729
"[T] allows",0.0366519469884384
"[T] don light",0.0366441229580686
"[M] choices",0.0366336911066718
"[M] human",0.0366224162145961
"[M] practice",0.036612233854355
"[T] ll make",0.0365981415249704
"[T] hear voices",0.0365059236248291
"[M] podcast available",0.0365042231500365
"[T] lives",0.0364677963262905
"[T] 30",0.0364518807731772
"[M] download free",0.03633362828869
"[M] reading",0.0361933289996136
"[T] start getting",0.036143945508321
"[M] exploration",0.0361292462710411
"[M] podcast",0.0360832888080884
"[M] courses https",0.0360806895083018
"[T] freedom",0.0360239118311197
"[M] natural",0.0359951041272613
"[T] cat",0.03581688121023
"[T] stayed",0.0356486662238045
"[T] people make",0.0355158038106907
"[T] makes feel",0.0354924022061835
"[T] ve talked",0.0354562078213778
"[M] free resources",0.0354478205048707
"[T] yeah people",0.0354128002077701
"[T] men women",0.0353955675200558
"[T] women like",0.0353934420773201
"[T] actively",0.0353633832157671
"[T] anxiety come",0.0353391998844852
"[T] just talked",0.0352476351245822
"[T] racing",0.0352369936112729
"[M] patron",0.0351384213335319
"[M] beautiful",0.0349979740210308
"[T] sensitive",0.0349719389594929
"[M] janine live",0.0349555888646814
"[M] diverse",0.0349421636195023
"[T] shifts",0.034856264489762
"[M] theology",0.0348306612992779
"[T] showed",0.0347802559554106
"[T] people depressed",0.0347138260389437
"[M] 800",0.0345889274667717
"[T] form",0.0345842945976889
"[T] differences",0.0345512949194163
"[T] mighty",0.0345446424235712
"[T] fact",0.0345206818153647
"[T] like people",0.0344898244393749
"[T] midnight",0.0343561679864254
"[M] types",0.0343501471794758
"[M] help maintain",0.0343311928898786
"[M] maintain",0.0343279179531361
"[T] outside",0.0342274283329355
"[T] things going",0.0342009944842704
"[M] let know",0.0341237842152622
"[T] pressure",0.0341039265940006
"[M] bts",0.0341004133240478
"[T] brother",0.0340033559560714
"[T] process",0.0339993840451162
"[M] stressful",0.0339805964034066
"[T] concerned",0.0339510273013711
"[T] podcast",0.0338939633011053
"[M] mentally ill",0.0338672638665425
"[T] men happy",0.0337588901724892
"[T] false",0.0337514939587642
"[M] www facebook",0.033726494382188
"[M] lastly dr",0.0336648885920476
"[M] tickets",0.0334898720122915
"[T] obsessed",0.0334259874611004
"[T] couple",0.0334255686732097
"[T] feels",0.0333461203762285
"[T] people know",0.0333102313303794
"[T] make",0.0331880875012767
"[T] mental disorders",0.033180812479844
"[T] ashwagandha",0.0331742915420704
"[T] hearing voices",0.0331396905646607
"[T] don make",0.0331217917605569
"[M] hour",0.0330936126768138
"[T] relax",0.0330809943079538
"[T] disease start",0.0330281403700868
"[T] right said",0.0329513603600057
"[M] world renowned",0.0329485458699323
"[T] asks",0.0329218322987888
"[M] source",0.0329205277284385
"[T] faith",0.0328844425831773
"[M] personal use",0.0328440772061718
"[M] non profit",0.0328439177809364
"[M] profit educational",0.03284370345776
"[M] use tips",0.032843700471572
"[M] tips balance",0.0328436997239435
"[M] scholarship research",0.0328428527990167
"[M] infringing non",0.0328426368934682
"[M] educational personal",0.032842242861058
"[M] giving",0.0328375173826154
"[M] consultant",0.0326663544950668
"[T] brain just",0.0325779856815586
"[M] strive",0.0325620737408625
"[T] culture",0.0325509223291618
"[T] seconds",0.0323718844246511
"[M] discussions",0.0323021774476154
"[T] beliefs",0.0322308220856336
"[M] channel",0.0322167250939788
"[M] shorts try",0.0321795106839277
"[M] stressed",0.0321482863820466
"[M] left",0.0321064748202519
"[T] conversation",0.032048135696192
"[M] speeches",0.031934287208279
"[T] authority",0.0317990660554172
"[M] fast",0.0317029087291325
"[T] better feel",0.0315818350070743
"[T] triggered",0.0315526719506443
"[T] just went",0.031516727205093
"[T] biggest",0.0314146665516453
"[M] successful",0.0313117318356401
"[T] fly",0.0311910882381113
"[T] people probably",0.0311836774328954
"[T] said oh",0.0311830116131256
"[T] decrease",0.0310936624489411
"[M] process",0.0310645120953782
"[M] uses",0.0310570717271417
"[T] singing",0.0310344825413017
"[M] years",0.0310314939124966
"[M] children",0.0309833837826896
"[M] shorts fyp",0.0306940988142043
"[M] https store",0.0305945679708155
"[T] just going",0.0303759918539899
"[T] rights",0.0302929368176364
"[M] vs",0.030150049567573
"[M] know",0.0301498151207741
"[T] like autism",0.0300729915813087
"[T] wind sleep",0.0300684449277846
"[T] don way",0.0300394572313735
"[M] male",0.0300021595851877
"[M] anxiety links",0.0298878533627469
"[T] bring",0.0298554926772538
"[M] adverse",0.0298541746526042
"[M] janine recommends",0.0295917336639486
"[M] directly",0.0295756999151081
"[M] appreciate",0.0292563412515314
"[T] fault",0.0292517679806108
"[T] differently",0.0291553938689822
"[T] totally",0.0291227108529701
"[M] https facebook",0.0291090593804845
"[T] emailed",0.0290683908225615
"[T] wanna know",0.0290235613257112
"[T] recognize",0.0288574613687454
"[M] pinch",0.0288022437432537
"[M] literature",0.0287523857279021
"[M] lgbt",0.0287429076369882
"[M] lifestyle",0.0287035831944654
"[T] broke",0.0286744181120473
"[M] com discord",0.0286500625441808
"[M] po",0.0286413528333613
"[M] po box",0.0286410685855377
"[T] stupid",0.0286036213482291
"[M] merch",0.0285777735351564
"[M] cc",0.028535806983051
"[M] overcome",0.0285248319881761
"[M] product",0.028457221793203
"[T] time got",0.0284079421388506
"[T] gonna say",0.0280981425792241
"[M] tumblr com",0.0280818054670708
"[T] train",0.0280372547729004
"[M] subscribe share",0.0279613000610715
"[T] clean",0.0279439558434273
"[M] connect",0.0279094129624817
"[T] shows",0.0278589133382653
"[M] email",0.0277932525610084
"[M] weight",0.027792867889412
"[M] reddit com",0.0277757088791623
"[M] www reddit",0.0277743689322498
"[T] oh don",0.0277369263062165
"[M] https bit",0.0274872655505346
"[M] boy",0.0273486311648323
"[T] cure",0.027348273005363
"[M] sub_confirmation",0.0272188479985831
"[M] set",0.0271209906832282
"[T] depressed don",0.0271205834937302
"[M] section",0.0270324974532386
"[M] coach",0.02696151332639
"[T] thinking",0.0267458451771042
"[M] differences",0.0265173566082605
"[M] based",0.0265118436057465
"[T] god want",0.0264664936590204
"[M] tuesday friday",0.0263776165837296
"[M] verse",0.0263477146723275
"[M] second",0.0262454294643803
"[T] chill",0.0261949716458239
"[M] subscribe https",0.0260804862464458
"[M] 666",0.0259030603312669
"[T] middle",0.0258659537438189
"[T] afraid",0.0257649218332248
"[T] energy",0.0257402552622827
"[M] combination",0.0256687305215649
"[M] favorite",0.0256081597440877
"[T] passion",0.0253194800341872
"[T] dangerous",0.0252649186945493
"[T] fixed",0.0252621397698284
"[M] want content",0.0252539521484503
"[M] christianmotivation",0.0252282132903473
"[M] com stores",0.0252277337653649
"[M] stores",0.0252163125145743
"[M] teespring",0.0252158187011127
"[M] teespring com",0.0252157630593454
"[M] www teespring",0.0252152586617441
"[M] credits",0.0251977836223218
"[T] follow natural",0.0251033731696175
"[M] platform",0.0250240610208733
"[T] fall",0.0249901357178584
"[M] need suffer",0.024989327753198
"[T] risk",0.0249383349786833
"[M] 010101",0.0249271154572138
"[M] 010101 utm_medium",0.024927072010988
"[M] ask rabbi",0.0249263290269705
"[M] community utm_campaign",0.0249262242730187
"[M] friedman questions",0.0249256640229191
"[M] private vip",0.0249237967114077
"[M] questions private",0.0249236335027013
"[M] org join",0.0249235228826485
"[M] organic utm_content",0.024923454140089
"[M] shorts ask",0.0249229868680038
"[M] utm_campaign organic",0.0249224936270264
"[M] utm_content",0.0249224596035136
"[M] utm_content 010101",0.0249224256120577
"[M] utm_medium video",0.0249223694909143
"[M] utm_source youtube",0.0249223134985922
"[M] video utm_source",0.0249222658170588
"[M] utm_term description",0.0249222576371879
"[M] youtube utm_term",0.024922184336111
"[M] vip community",0.024922134782385
"[M] ones",0.024847339892964
"[M] org",0.0248340666860665
"[M] monday",0.0246740895362838
"[T] environmental",0.0246709168650194
"[T] just don",0.0245999718519082
"[M] buy",0.0244339268441716
"[T] psychological",0.0243947088383736
"[T] unhealthy",0.0243534941941523
"[T] work work",0.0243159906680884
"[M] modern",0.024219109462588
"[M] ben",0.0241269955504502
"[M] medium",0.0240101986274968
"[T] everybody",0.0239838364407734
"[T] course",0.0239171442105137
"[M] apparel",0.0238944146959072
"[T] screen",0.0238483531105398
"[T] gone",0.0238371067411008
"[T] reality",0.0238242641621698
"[T] pay attention",0.0236145721198328
"[T] just sitting",0.0235979483732758
"[M] ashwagandha",0.0235961324805289
"[M] podcast https",0.023590575853581
"[M] explains people",0.0233992688784222
"[M] lastly",0.0233471248358705
"[M] let anxiety",0.0232732029613315
"[M] media instagram",0.0232272520988693
"[T] king",0.0231327903586552
"[T] like going",0.0230817002642844
"[M] february",0.0229073950139584
"[M] podcasts google",0.0228485141410777
"[M] ability",0.022800159943886
"[T] waking",0.0226371930130823
"[M] loss",0.0226187918855376
"[M] add",0.02261534887509
"[M] disclaimer video",0.0225879239387904
"[T] depressing",0.0225042515092047
"[M] support channel",0.0224235897714877
"[T] pack",0.0220424109841084
"[T] realize",0.0219765869887929
"[M] membership",0.021961945832424
"[T] goes",0.0219507735981625
"[M] resources",0.0218711044054778
"[T] like brain",0.0218054329593928
"[M] com events",0.0216987040753726
"[T] avoid",0.0216232203737558
"[M] shows",0.0216010543370441
"[T] addiction",0.0215985914621389
"[M] media",0.0215258685623411
"[M] bestselling book",0.0214519977546448
"[M] 25",0.0212580286439161
"[M] communication",0.0211891553165647
"[T] like didn",0.0211696298494629
"[M] academy",0.0211483354928251
"[T] married",0.0211233555616812
"[M] enjoy",0.0210979912508639
"[M] right",0.0210050383022713
"[M] follow instagram",0.0208387704671651
"[T] die don",0.0208318125445692
"[T] aspect",0.0207849478603137
"[M] evil",0.0207582363391894
"[M] ancient",0.0207176217338254
"[T] okay",0.0206515580155468
"[M] face",0.0204263772074861
"[T] diagnose",0.0203924848828448
"[T] epa",0.0203840586745619
"[T] youtube",0.0203547523159543
"[T] immediately",0.0203036972290916
"[M] range",0.0202476431259859
"[T] pass",0.0201943014071758
"[M] like video",0.02011137576787
"[T] okay gonna",0.0200132655166992
"[M] recommends",0.0198187386139897
"[M] hard",0.0197921435727599
"[T] house",0.0197292492988009
"[T] catch",0.0196559740963619
"[M] dm",0.0196497964314477
"[T] fail",0.0196376060492585
"[M] https instagram",0.0195161166441517
"[T] enjoy",0.0194587710877768
"[T] comes",0.0194422431699651
"[T] ridiculous",0.0194022456465054
"[T] grateful",0.019309462688625
"[T] follow",0.0192656269907234
"[M] thinks",0.0191459318327755
"[M] links supplements",0.0191430502105238
"[T] healthier",0.0191398989538092
"[M] supplements mentioned",0.0191381586505621
"[M] inclusion",0.0190589704000113
"[M] lives",0.0189590534087255
"[M] like share",0.0189240484074721
"[M] joseph",0.018882608451106
"[M] entertainment",0.0187385676546304
"[M] practical",0.0185060144672901
"[M] tok https",0.0185017212073004
"[T] worrying",0.0184123636119094
"[M] check video",0.0183470798850631
"[M] teachings",0.0183260203900737
"[M] subscribe free",0.0181096250792672
"[T] going die",0.0180818115487464
"[M] interviews",0.0180150679644671
"[M] pinterest",0.0180009220836109
"[M] politics",0.0178448433681493
"[T] loser",0.0176621990971928
"[M] issues",0.0176490142783463
"[M] navigate",0.0175485520609073
"[T] important",0.0174193743288462
"[T] want talk",0.0172737201981704
"[T] emailed saying",0.0171681332746951
"[T] study",0.0171540707192674
"[T] depressed just",0.0171323917407959
"[M] tip",0.0170385790020492
"[M] faced",0.01696859782458
"[T] doctor told",0.0167390287306833
"[M] nih",0.0167376279308341
"[T] need help",0.0167077066658492
"[T] won let",0.0166571438612895
"[T] hallucinations",0.0166227742122792
"[T] believed",0.0166101104372553
"[T] interests",0.0161801162664766
"[T] successful",0.0161256434146425
"[T] especially",0.0159558046745698
"[M] taking",0.0159242720993317
"[M] com instagram",0.0159019223490503
"[T] special",0.0158178720276511
"[M] opinions",0.0156532193878238
"[T] year",0.015616781447462
"[M] shorts verse",0.0155628469645734
"[T] like did",0.0155483357959993
"[T] highly",0.0155324425718531
"[T] gonna happen",0.0154634228657854
"[T] money",0.0153421183635809
"[M] cast",0.0151330342194898
"[T] happens",0.0149680443910342
"[T] light",0.0149574289180413
"[T] lying",0.0149186538417623
"[T] know like",0.0148649774934818
"[M] nervous",0.014852173100476
"[M] moments",0.0147842840833759
"[M] type",0.014723516032922
"[M] discord gg",0.0146217559881379
"[M] friday",0.0144040000386628
"[T] suddenly",0.0143222956422628
"[M] utm_campaign",0.0142389504754072
"[M] utm_medium",0.01423882727266
"[M] utm_source",0.0142387691243113
"[M] utm_term",0.0142387111135848
"[M] need help",0.014216032526486
"[T] going don",0.0139135525440229
"[M] mail",0.0138168500067046
"[T] somebody",0.0136227287764945
"[M] visit https",0.0136093328312635
"[T] crisis",0.0134981351834583
"[T] don need",0.0133918721633668
"[M] include",0.0132938909945162
"[M] tik",0.0132309819760759
"[M] tik tok",0.0132307144478392
"[M] tok",0.0132306995762896
"[M] private",0.0132137479438934
"[M] news",0.0131194430799643
"[M] www linkedin",0.0130964430663327
"[T] air",0.0130891962085098
"[T] hanging",0.0130067488186271
"[T] forever",0.0129822416193428
"[M] don want",0.0129576751812725
"[T] talk depression",0.0129174370798835
"[M] reduce",0.0128946364453084
"[M] help overcome",0.0128487938841563
"[M] entrepreneur",0.0128125467711849
"[M] andrew huberman",0.012547822340586
"[M] anxietyrelief",0.012530532908001
"[M] mark",0.0124473001154591
"[T] clinical",0.0124432143250631
"[T] wanna",0.0122232441423895
"[M] beast",0.0121821409151052
"[M] tate talks",0.011916151428636
"[M] tate motivation",0.0119159783543118
"[M] struggling",0.0117972497162748
"[M] able",0.0117656455017863
"[M] supplements",0.0117567176869738
"[T] fighting",0.0116949942848027
"[T] likely",0.011609496098273
"[M] teens",0.0115667599630541
"[T] causing",0.0115066951650032
"[M] like subscribe",0.0113814432398649
"[T] right don",0.0113324785252226
"[T] pain",0.011277163166548
"[M] communicate",0.0112082897598909
"[T] longer",0.0111263496342746
"[T] believe don",0.0110770961558692
"[T] things power",0.0110655884613158
"[M] want know",0.0110600944692701
"[M] fight https",0.011041493338641
"[M] bring",0.0109621075551779
"[M] happiness",0.0109390785162581
"[M] https vitatree",0.0109313833723664
"[M] vitatree com",0.0109182298656616
"[M] rich",0.0108482504076188
"[T] adults",0.010719991613905
"[M] pinterest https",0.0106311138896204
"[M] www pinterest",0.0106230046872589
"[M] plus",0.0105077398984962
"[T] mental illnesses",0.0104928365941952
"[M] videos like",0.0104420910218758
"[M] watching",0.010373203602734
"[M] join community",0.010119127004244
"[M] livestream",0.0100571860554883
"[T] stressed",0.0100567545724895
"[M] drj9live bestill",0.00970046308223439
"[M] com bestilldrjanine",0.00969501317192555
"[M] bestilldrjanine",0.00969422701321271
"[M] bestill dr",0.00969415221103884
"[M] bestill",0.00969407648638617
"[M] janine nd",0.00969310113687584
"[M] nd",0.00969099792387424
"[M] nd https",0.00969084377319252
"[T] following",0.00957388939123527
"[T] just kill",0.00956593096609757
"[T] schizophrenia",0.00955655163906099
"[M] reporting teaching",0.00952609953380473
"[M] teaching scholarship",0.00952561731667703
"[M] organic",0.00951900185880549
"[M] hi",0.00939042723316174
"[T] life won",0.0093825940642524
"[T] make sense",0.00905396616545848
"[M] balance",0.00905143056580954
"[M] community https",0.0090508459582552
"[M] focus",0.00904043441265165
"[T] hot",0.00900658557689032
"[T] ll",0.00898725821904232
"[M] strategies",0.00896102604068721
"[M] better",0.00895688102248268
"[T] environment",0.00851977899905628
"[T] quickly",0.00837060053611865
"[M] instagram com",0.00835778093931168
"[M] page",0.00826849672813011
"[T] greater",0.00824190201277561
"[T] noise",0.00808445317232155
"[T] begin",0.00792507140628045
"[M] small",0.00774418097330284
"[M] suicidal",0.00773256638286818
"[M] box",0.00748424272021331
"[T] helped",0.00742005036229027
"[M] patreon https",0.00732155752893086
"[M] red",0.00702814008456529
"[T] eye",0.00698798172896146
"[M] stories",0.00688963573540681
"[M] https linktr",0.00687132194541982
"[M] clothing",0.0068329408091072
"[T] god did",0.00682506195127934
"[M] challenge",0.00671628860549083
"[T] point",0.00665690391542651
"[M] jre",0.0064623510023372
"[M] health mental",0.00642104180555736
"[M] audio",0.00621867892139346
"[T] son",0.00618452771661304
"[M] end",0.00610451720556196
"[M] gg",0.00609811814135158
"[M] site",0.0059668362431697
"[M] online",0.00594883549595069
"[M] little",0.00583043831151421
"[M] daily life",0.00572841911262646
"[M] daily messages",0.00553386407300708
"[T] putting",0.00539585178279812
"[M] spouse",0.00531239040023402
"[M] shares",0.00531158122377509
"[T] just",0.00530294783418492
"[T] research",0.00522319034198854
"[T] trigger",0.00482471883851892
"[T] make sure",0.00477969350590543
"[M] low",0.00461261252430375
"[T] email",0.00456942476280106
"[M] comment love",0.00423958417270644
"[T] mood",0.00419781335164755
"[T] period",0.00419560257659867
"[T] goals",0.00409693817955041
"[T] gave",0.00406915189314096
"[M] mentioned short",0.00406042397860472
"[M] joerogan",0.00385065551725926
"[T] takes",0.00367670894926041
"[M] ig",0.00363884002002052
"[M] reality",0.00361546613316706
"[T] specific",0.0033289805140224
"[T] say need",0.00318390575437242
"[M] videos https",0.00310205678611969
"[M] work",0.00309637237229399
"[T] needs",0.00305767738015337
"[T] lose",0.00304756737931236
"[M] renowned",0.00274226494139881
"[T] protect",0.00264015862913744
"[T] don",0.00245227561821346
"[T] caused",0.00242342904635669
"[T] instantly",0.00241817570613013
"[T] speaking",0.00232964451054864
"[M] order",0.00230431871821899
"[T] past",0.00222275148848712
"[T] area",0.00216102855954889
"[T] yes like",0.00194106005970468
"[T] hard",0.00182728198860579
"[M] comment subscribe",0.00174054480871139
"[M] solution depression",0.00170606695363374
"[M] youtube https",0.0015731837161799
"[M] friends",0.00150127631871863
"[M] gave",0.00129165793337831
"[T] healthy",0.0012751893218358
"[M] huberman",0.00110368190403378
"[T] calm",0.000918271054456742
"[M] member",0.000749192333256206
"[M] ly",0.000687927779673855
"[T] situation",0.000582557594447849
"[T] asleep",0.000522101203211377
"[M] message",0.000468981455588514
"[T] idea depression",0.000440729667064145
"[M] gives",0.000349995573428671
"[M] treat",8.00118860537577e-05
"[M] etsy",9.97632117449443e-06
"[T] poor",-2.41124261706847e-06
"[T] upset",-0.000110883948287389
"[M] water",-0.000147881351139848
"[T] idea",-0.000262219466146774
"[T] affected",-0.000409133482295424
"[M] yahoo",-0.000487276916133416
"[M] yahoo com",-0.000487372385564839
"[T] finally",-0.000545193475046348
"[M] courses",-0.000690990146890304
"[T] right think",-0.000765506769776025
"[T] autistic people",-0.000901811670183014
"[T] know just",-0.000916473364599586
"[M] came",-0.00132877013042859
"[T] 50",-0.00140118499749283
"[M] nature",-0.00148685563327985
"[T] thing like",-0.00150546248871227
"[T] fast",-0.00162274617876116
"[M] use",-0.00179659419502361
"[M] making",-0.00187433509820095
"[T] live",-0.00194658565376147
"[M] thing",-0.00206395766139728
"[M] pills",-0.00210250324459872
"[T] remember",-0.00214417010004169
"[M] affiliate",-0.00221889051492318
"[M] number",-0.00232576002738829
"[M] helps",-0.00268838397907233
"[M] google",-0.00270933394704532
"[M] powerful",-0.00274993781016437
"[M] reason",-0.00293804495458311
"[M] relief",-0.00305442156364459
"[M] suffer",-0.00306097624535823
"[T] shown",-0.00308974346899875
"[T] push",-0.00309380524130721
"[M] phone",-0.00318816427378026
"[M] science",-0.0034886877952201
"[M] mentally",-0.0035433591168741
"[T] power away",-0.0035464649135892
"[T] situational",-0.00356017942879206
"[M] post",-0.00368997097985809
"[T] able",-0.00377771453281593
"[T] worse",-0.00379185136444523
"[T] illnesses",-0.00390928038127672
"[M] pm",-0.004080715373483
"[M] culture",-0.00414577367154855
"[M] stay",-0.00440619018192293
"[M] formula",-0.00459647679975262
"[T] minute",-0.00460110173176957
"[T] moving",-0.00476832857898604
"[M] thanks",-0.0048831090489466
"[M] website www",-0.00500864662048053
"[M] thinking",-0.00506780148272812
"[T] interesting",-0.00544644021716623
"[T] starts",-0.00549513409166197
"[M] said",-0.00562368838943553
"[T] death",-0.00566440655239606
"[M] videomicpro directional",-0.0058417129601067
"[M] videomicpro",-0.0058417132572624
"[M] video mic",-0.00584171352225106
"[M] writes upside",-0.0058417148729678
"[M] version years",-0.00584171506856188
"[M] writer actor",-0.00584171553424765
"[M] writer",-0.00584171583121866
"[M] utf8 aaxitk",-0.00584171955395794
"[M] want laugh",-0.00584171975905712
"[M] upside sideways",-0.00584172314635838
"[M] upside",-0.00584172344478402
"[M] use free",-0.00584172398596744
"[M] upc3w ref_",-0.00584172463381792
"[M] zw5jcnlwdgvkuxvhbglmawvypufivfzetdiwsdbwq0kmzw5jcnlwdgvkswq9qtawodk2odu1r1awt1jfueq0uuemzw5jcnlwdgvkqwrjzd1bmdexotg5otjtmvo4qlplvdjzvu8md2lkz2v0tmftzt1zcf9hdgymywn0aw9upwnsawnrumvkaxjly3qmzg9ob3rmb2ddbgljaz10cnvl rode",-0.00584172467904353
"[M] upc3w",-0.00584172493238784
"[M] zw5jcnlwdgvkuxvhbglmawvypufivfzetdiwsdbwq0kmzw5jcnlwdgvkswq9qtawodk2odu1r1awt1jfueq0uuemzw5jcnlwdgvkqwrjzd1bmdexotg5otjtmvo4qlplvdjzvu8md2lkz2v0tmftzt1zcf9hdgymywn0aw9upwnsawnrumvkaxjly3qmzg9ob3rmb2ddbgljaz10cnvl",-0.00584172497641058
"[M] unsplash com",-0.00584172522764566
"[M] unsplash",-0.00584172552625999
"[M] tv title",-0.00584172963689739
"[M] www storyblocks",-0.00584173031569856
"[M] years https",-0.00584173086249452
"[M] www epidemicsound",-0.00584173305450792
"[M] th nifty",-0.00584173421403675
"[M] thumbsup tv",-0.0058417403985966
"[M] thumbsup",-0.00584174069721327
"[M] thumbnail preview",-0.00584174099585201
"[M] thumbnail editing",-0.00584174129451284
"[M] tools use",-0.00584174196677798
"[M] title formatting",-0.00584174405665777
"[M] talk literal",-0.00584176394292935
"[M] storyblocks com",-0.00584177875025558
"[M] storyblocks",-0.00584177905523417
"[M] sr_1_4 keywords",-0.00584177944705131
"[M] sr_1_4",-0.00584177975273605
"[M] sr_1_10 crid",-0.00584178005844252
"[M] sr_1_10",-0.00584178036417075
"[M] sr_1_1_sspa crid",-0.00584178066992074
"[M] sr_1_1_sspa",-0.00584178097569252
"[M] sr spons",-0.0058417812814861
"[M] sr audio",-0.0058417815873015
"[M] sr 10",-0.00584178189313875
"[M] sprefix fisher",-0.00584178350119943
"[M] sprefix ef",-0.00584178380717773
"[M] spons psc",-0.00584178486270077
"[M] spons",-0.00584178516877176
"[M] spla zw5jcnlwdgvkuxvhbglmawvypufivfzetdiwsdbwq0kmzw5jcnlwdgvkswq9qtawodk2odu1r1awt1jfueq0uuemzw5jcnlwdgvkqwrjzd1bmdexotg5otjtmvo4qlplvdjzvu8md2lkz2v0tmftzt1zcf9hdgymywn0aw9upwnsawnrumvkaxjly3qmzg9ob3rmb2ddbgljaz10cnvl",-0.0058417854748648
"[M] spla",-0.00584178578097992
"[M] space 2coffice",-0.00584179127956959
"[M] sounds referral",-0.0058418011152361
"[M] sounds https",-0.0058418012941951
"[M] sorry jeff",-0.00584181029379286
"[M] sbx_be_s_sparkle_td_asin_0_title th",-0.00584181267663397
"[M] sbx_be_s_sparkle_td_asin_0_title",-0.0058418129858104
"[M] said talk",-0.00584181404640126
"[M] shockmount dp",-0.00584181646334559
"[M] shockmount",-0.00584181677173999
"[M] sized notebook",-0.00584182200570063
"[M] sideways bed",-0.00584182300046129
"[M] rode videomicpro",-0.00584182325082789
"[M] sideways",-0.00584182330892767
"[M] rode video",-0.00584182356123496
"[M] rode mic",-0.00584182387167211
"[M] second brain",-0.0058418257957128
"[M] reflective m4b",-0.00584182643165764
"[M] reflective",-0.00584182674200161
"[M] referral 7n41cm",-0.00584182788406841
"[M] ref_ sbx_be_s_sparkle_td_asin_0_title",-0.00584183616814522
"[M] ref_",-0.00584183647942521
"[M] ref sr_1_4",-0.00584183679073598
"[M] ref sr_1_10",-0.00584183710207756
"[M] ref sr_1_1_sspa",-0.00584183741345
"[M] ref redir_mobile_desktop",-0.00584183772485332
"[M] redir_mobile_desktop _encoding",-0.00584184628422177
"[M] redir_mobile_desktop",-0.00584184659620996
"[M] readwise referral",-0.00584184701256891
"[M] readwise io",-0.00584184732440455
"[M] psc spla",-0.00584185048834149
"[M] psc lighting",-0.00584185080071385
"[M] psc lens",-0.00584185111311843
"[M] psc kindle",-0.00584185142555529
"[M] qid 1640511096",-0.00584185150201538
"[M] psc fisher",-0.00584185173802446
"[M] qid 1639177150",-0.00584185181419906
"[M] psc boom",-0.00584185205052599
"[M] qid 1639176985",-0.00584185212641497
"[M] pro thumbnail",-0.00584185372833866
"[M] pro qid",-0.00584185403735185
"[M] pro boomed",-0.00584185434639847
"[M] preview free",-0.00584185645965407
"[M] preview",-0.0058418567689241
"[M] product b07nbp6d98",-0.00584185706787841
"[M] pretty blurry",-0.00584185707340322
"[M] product b07dglw7xn",-0.00584185737917302
"[M] product b01j8crx5u",-0.005841857690501
"[M] product b01cnav2yw",-0.00584185800186238
"[M] product b019ny2pkg",-0.00584185831325722
"[M] product b00oqvzdjm",-0.00584185862468557
"[M] products sprefix",-0.00584185926937499
"[M] products 2c123",-0.00584185958243773
"[M] pocket sized",-0.00584188959573546
"[M] pictures https",-0.00584189931044329
"[M] pen qid",-0.00584190478875174
"[M] pen non",-0.00584190509831158
"[M] pen military",-0.00584190540790723
"[M] photoshop thumbnail",-0.00584190699004588
"[M] pd_rd_wg upc3w",-0.0058419070335822
"[M] photoshop",-0.00584190730103352
"[M] pd_rd_wg",-0.00584190734337008
"[M] phone pocket",-0.00584190754758308
"[M] pd_rd_w lscvs",-0.00584190765319418
"[M] pd_rd_w",-0.00584190796305458
"[M] pd_rd_r d3e31f5f",-0.00584190827295134
"[M] pd_rd_r",-0.0058419085828845
"[M] pd_rd_plhdr pd_rd_r",-0.00584190889285414
"[M] pd_rd_plhdr",-0.00584190920286032
"[M] paperwhite 7th",-0.00584191209278633
"[M] paperwhite",-0.00584191240305399
"[M] option https",-0.00584191651305334
"[M] org extra",-0.00584192013366498
"[M] office products",-0.00584192564269571
"[M] notes free",-0.00584194313242051
"[M] notes",-0.00584194344299099
"[M] notebook bed",-0.00584194375359834
"[M] non reflective",-0.00584194402259524
"[M] notebook",-0.00584194406424262
"[M] music sounds",-0.0058419498513309
"[M] nifty 50",-0.00584195013528147
"[M] nifty",-0.00584195044653076
"[M] mount adapter",-0.005841965308527
"[M] mount",-0.00584196562117381
"[M] lighting cheaper",-0.00584197663320587
"[M] lighting",-0.00584197694347512
"[M] lens pretty",-0.0058419793147783
"[M] lens adapter",-0.00584197962624583
"[M] laugh obsessive",-0.00584198199177162
"[M] kindle paperwhite",-0.0058419860667962
"[M] kindle",-0.00584198637796831
"[M] mirrorless dp",-0.00584198807035493
"[M] matte black",-0.00584199299109626
"[M] matte",-0.00584199329979092
"[M] m50 https",-0.00584199880923227
"[M] m4b dp",-0.00584199955553867
"[M] m4b",-0.00584199986440936
"[M] lscvs pd_rd_wg",-0.00584200007500343
"[M] lscvs",-0.00584200038366617
"[M] los angeles",-0.00584200198439264
"[M] los",-0.00584200229341231
"[M] literal self",-0.00584200426021223
"[M] keywords rode",-0.00584200454732778
"[M] literal",-0.00584200456880136
"[M] military matte",-0.00584200471511001
"[M] keywords fisher",-0.00584200485879665
"[M] keywords ef",-0.00584200517030204
"[M] microphone shockmount",-0.00584200655698883
"[M] link video",-0.00584200879623407
"[M] formatting free",-0.00584202618729168
"[M] footage https",-0.00584202649224254
"[M] formatting",-0.00584202651946832
"[M] focus converter",-0.00584202675579515
"[M] final cut",-0.0058420315475776
"[M] final",-0.00584203187899525
"[M] fifth grade",-0.00584203404448421
"[M] exactly brother",-0.00584203983102304
"[M] evernote use",-0.00584204058101603
"[M] evernote com",-0.0058420409086236
"[M] extra footage",-0.00584204135780127
"[M] hsa_cr_id 1853550212",-0.00584204297931229
"[M] help channel",-0.0058420430206401
"[M] extension adapter",-0.00584204312973031
"[M] hsa_cr_id",-0.0058420432942242
"[M] extension",-0.00584204345853169
"[M] hopefully corey",-0.00584204409460019
"[M] hopefully",-0.00584204440957507
"[M] expensive phone",-0.00584204466373059
"[M] hi corey",-0.0058420458399029
"[M] eos mount",-0.00584204592248715
"[M] eos electronic",-0.0058420462494858
"[M] eos 2celectronics",-0.00584204657652881
"[M] electronics sr",-0.00584205406783198
"[M] electronics sprefix",-0.00584205439364587
"[M] electronic auto",-0.00584205565378842
"[M] electronic",-0.00584205597982139
"[M] dp b08kskcpng",-0.0058420590639634
"[M] jeff https",-0.00584205934614672
"[M] dp b07p2ch43b",-0.00584205938591053
"[M] dp b00yazhrzm",-0.00584205970790474
"[M] freesound org",-0.0058420597127729
"[M] editing final",-0.00584205988325804
"[M] dp b001e103cy",-0.00584206002994614
"[M] freesound",-0.00584206004409946
"[M] editing adobe",-0.00584206020982184
"[M] free version",-0.00584206169367535
"[M] free sounds",-0.00584206202271731
"[M] free pictures",-0.00584206239990578
"[M] https unsplash",-0.00584206253306668
"[M] issues fifth",-0.00584206253397415
"[M] grade want",-0.00584206323121844
"[M] grade",-0.00584206356020393
"[M] free expensive",-0.00584206364722045
"[M] doctor exactly",-0.00584206370411286
"[M] gen conspicuous",-0.0058420637198264
"[M] https thumbsup",-0.00584206415075516
"[M] https readwise",-0.00584206450595109
"[M] gear canon",-0.00584206454742569
"[M] https freesound",-0.00584206552683281
"[M] https evernote",-0.00584206585639182
"[M] io corey13",-0.00584206608465858
"[M] https capitalizemytitle",-0.0058420673405208
"[M] disorder depression",-0.00584206842757753
"[M] directional microphone",-0.00584208986920468
"[M] directional",-0.00584209019474857
"[M] depression doctor",-0.00584213020284506
"[M] dealt mental",-0.00584228604018983
"[M] dealt",-0.00584228639619055
"[M] d3e31f5f aa8e",-0.00584228977948333
"[M] d3e31f5f",-0.00584229013643093
"[M] cut pro",-0.0058422904046279
"[M] cut",-0.00584229076165077
"[M] crid 2t8andi58leda",-0.00584231116515236
"[M] crid 2bzrz8qr2bqoy",-0.0058423115242454
"[M] coreyboardman 30min",-0.00584231270836757
"[M] coreyboardman",-0.00584231306762311
"[M] corey13 evernote",-0.00584231342692733
"[M] corey13",-0.00584231378628033
"[M] corey writer",-0.00584231414568225
"[M] converter mirrorless",-0.00584231686863537
"[M] converter",-0.00584231722876871
"[M] conspicuous branding",-0.00584231938871313
"[M] conspicuous",-0.0058423197492035
"[M] comedian based",-0.00584232843381047
"[M] com rode",-0.00584232997056971
"[M] com second",-0.00584233005514
"[M] com referral",-0.00584233033233386
"[M] cheaper option",-0.00584233328811116
"[M] cheaper",-0.00584233365673772
"[M] chat https",-0.00584233390068818
"[M] brother said",-0.00584233534803088
"[M] brother",-0.00584233571945835
"[M] adapter qid",-0.0058423371450732
"[M] com fisher",-0.0058423372735752
"[M] com extra",-0.00584233759471588
"[M] branding sorry",-0.00584233770166544
"[M] com dp",-0.00584233805943784
"[M] branding",-0.00584233807335318
"[M] brain readwise",-0.0058423382103746
"[M] com ef",-0.00584233834520621
"[M] com coreyboardman",-0.00584233874031196
"[M] capitalizemytitle com",-0.00584233926480084
"[M] channel hopefully",-0.00584233957044867
"[M] capitalizemytitle",-0.00584233963590893
"[M] canon m50",-0.00584234000707308
"[M] actor comedian",-0.00584234027017793
"[M] com apple",-0.0058423406175502
"[M] aaxitk 2b9058887169135496893141efae2033",-0.00584234327111654
"[M] aaxitk",-0.00584234364568481
"[M] aa8e 4f2f",-0.00584234402032245
"[M] aa8e",-0.00584234439502959
"[M] 92f5 456ffd342928",-0.00584234476666527
"[M] 92f5",-0.00584234514151147
"[M] 7th gen",-0.00584234551578535
"[M] 7th",-0.00584234589077808
"[M] 7n41cm extra",-0.00584234626584107
"[M] 7n41cm",-0.00584234664097444
"[M] 50 lens",-0.00584234704008489
"[M] 4f2f 92f5",-0.00584235021142692
"[M] 4f2f",-0.0058423505873105
"[M] 456ffd342928 pd_rd_w",-0.00584235096326584
"[M] 456ffd342928",-0.0058423513392931
"[M] 30min hi",-0.00584235162482437
"[M] 30min",-0.00584235200097771
"[M] 2t8andi58leda keywords",-0.0058423523630523
"[M] 2t8andi58leda",-0.00584235273934926
"[M] 2coffice products",-0.00584235310522054
"[M] 2coffice",-0.00584235348166062
"[M] 2celectronics 2c205",-0.00584235385817362
"[M] 2celectronics",-0.00584235423475971
"[M] 2c205 sr",-0.00584235461141902
"[M] 2c205",-0.00584235498815171
"[M] 2c123 sr",-0.00584235536495793
"[M] 2c123",-0.00584235574183782
"[M] boomed https",-0.00584235598829222
"[M] 2bzrz8qr2bqoy keywords",-0.00584235611879155
"[M] boomed",-0.00584235636200429
"[M] 2bzrz8qr2bqoy",-0.00584235649581925
"[M] boom https",-0.00584235673577544
"[M] 2b9058887169135496893141efae2033 hsa_cr_id",-0.00584235687292109
"[M] 2b9058887169135496893141efae2033",-0.00584235725009721
"[M] 1853550212 pd_rd_plhdr",-0.00584235768926493
"[M] audio extension",-0.00584235769798602
"[M] 1853550212",-0.00584235806685655
"[M] 1640511096 office",-0.00584235841467512
"[M] 1640511096",-0.00584235879240993
"[M] bokeh https",-0.00584235905635056
"[M] apple notes",-0.00584235912580879
"[M] 1639177150 electronics",-0.00584235917022019
"[M] bokeh",-0.00584235943076384
"[M] 1639177150",-0.00584235954810605
"[M] boardman music",-0.0058423595701329
"[M] 1639176985 electronics",-0.00584235992606767
"[M] 1639176985",-0.0058423603041052
"[M] 10 gear",-0.0058423605657849
"[M] blurry background",-0.00584236069446453
"[M] blurry",-0.00584236106914184
"[M] black writes",-0.00584236133048135
"[M] angeles dealt",-0.00584236857027852
"[M] angeles",-0.00584236893692519
"[M] background bokeh",-0.00584237331632684
"[M] b08kskcpng ref",-0.00584237449486232
"[M] b08kskcpng",-0.0058423748631737
"[M] b07p2ch43b ref",-0.00584237523154791
"[M] b07p2ch43b",-0.00584237559998508
"[M] b07nbp6d98 ref",-0.00584237596848535
"[M] b07nbp6d98",-0.00584237633704887
"[M] b07dglw7xn ref",-0.00584237670567577
"[M] b07dglw7xn",-0.00584237707436619
"[M] b01j8crx5u ref",-0.00584237744312027
"[M] b01j8crx5u",-0.00584237781193816
"[M] b01cnav2yw ref",-0.00584237818081998
"[M] b01cnav2yw",-0.00584237854976589
"[M] auto focus",-0.00584237871895111
"[M] based los",-0.00584237886602033
"[M] b019ny2pkg ref",-0.00584237891877603
"[M] b019ny2pkg",-0.00584237928785052
"[M] b00yazhrzm ref",-0.00584237965698952
"[M] b00yazhrzm",-0.00584238002619317
"[M] b00oqvzdjm ref",-0.0058423803954616
"[M] b00oqvzdjm",-0.00584238076479497
"[M] b001e103cy ref",-0.0058423811341934
"[M] b001e103cy",-0.00584238150365705
"[M] adobe photoshop",-0.00584241312740622
"[M] adobe",-0.00584241349605755
"[M] major",-0.00592048079443289
"[M] light",-0.00604077232955958
"[M] ocd",-0.00611029922292526
"[T] depression gonna",-0.00628008329844079
"[T] live life",-0.00641486127964143
"[T] doctors",-0.00645108718842196
"[T] information",-0.00656561789610167
"[T] soul",-0.00665077078245697
"[T] bipolar disorder",-0.00677608813244069
"[T] just want",-0.00734530040673317
"[T] long",-0.00752586544151922
"[M] corey bennett",-0.00769992562972019
"[M] boardman",-0.00769998526709983
"[M] bennett boardman",-0.00770000307117934
"[M] bennett",-0.00770000411998579
"[M] shorts mental",-0.00771863010751072
"[T] progress",-0.00774916051349525
"[M] billionaire motivation",-0.00787950111606427
"[M] follow social",-0.00810545449327067
"[T] falling",-0.00816936313642255
"[M] empathy",-0.0081924473275841
"[M] conditions",-0.00827564105089477
"[T] trans",-0.00829595080476198
"[M] disorder asd",-0.00836402137653172
"[M] tips https",-0.00837535120095122
"[M] bff",-0.00838213815210071
"[M] youtubeshorts mentalhealth",-0.00838836807867008
"[M] www pexels",-0.0087155363168796
"[M] pexels com",-0.00871580387374933
"[M] footage",-0.00871593376357062
"[M] shorts quotes",-0.00872754323419153
"[M] bell",-0.00877557129786584
"[M] comment",-0.008895367880967
"[M] wide range",-0.0089083192804362
"[M] wear support",-0.00890832014657641
"[M] wide",-0.00890832022950862
"[M] welcoming community",-0.00890832078067967
"[M] welcoming",-0.00890832173000954
"[M] weekly facilitated",-0.00890832260501595
"[M] website learn",-0.00890833385449586
"[M] understand going",-0.00890833738656019
"[M] topics join",-0.00890833798067038
"[M] video peer",-0.00890833850332918
"[M] text channels",-0.00890834131170054
"[M] valuable resources",-0.00890834271832147
"[M] valuable resource",-0.00890834366401954
"[M] visit speaking",-0.00890834829441193
"[M] today start",-0.00890835389639707
"[M] today make",-0.00890835481703884
"[M] upcoming event",-0.0089083550111902
"[M] today contribution",-0.00890835601874372
"[M] support understand",-0.00890836230868635
"[M] support mental",-0.00890836322018218
"[M] sweaters mugs",-0.00890836388385872
"[M] sweaters",-0.0089083648168171
"[M] supporting today",-0.00890836546493989
"[M] www schizophreniapeersupport",-0.00890836549766721
"[M] support audience",-0.00890836723304556
"[M] www onlinepeersupport",-0.00890837175074482
"[M] www livingwellwithschizophrenia",-0.0089083727279185
"[M] www laurenkennedywest",-0.00890837373457678
"[M] stripe com",-0.00890839844902351
"[M] stripe",-0.00890839937987022
"[M] statement making",-0.00890840387704159
"[M] spread awareness",-0.00890840405214198
"[M] spread",-0.00890840498658271
"[M] start feeling",-0.00890840537398122
"[M] socials instagram",-0.00890841354431112
"[M] speaker consultant",-0.00890842100382011
"[M] speaking website",-0.00890842197371423
"[M] speaking consulting",-0.00890842291070133
"[M] shirts sweaters",-0.00890842877386208
"[M] schizophreniapeersupport com",-0.008908428820463
"[M] shirts",-0.0089084297076879
"[M] schizophreniapeersupport",-0.00890842975733293
"[M] sharing experiences",-0.00890843074855362
"[M] schizophrenia peer",-0.0089084399843665
"[M] schizophrenia livingwellwithschizophrenia",-0.00890844071743339
"[M] schizoaffectivedisorder mentalhealth",-0.00890850874556044
"[M] resource content",-0.00890851737706236
"[M] range topics",-0.00890852029263298
"[M] resources living",-0.00890852493837862
"[M] providing valuable",-0.00890853350883481
"[M] provide insight",-0.00890853906138419
"[M] project years",-0.00890854335219428
"[M] helpful consider",-0.00890857947817452
"[M] positive impact",-0.00890858726641335
"[M] peers comfort",-0.00890860034550966
"[M] peers",-0.0089086013054537
"[M] pick mental",-0.008908603667462
"[M] health shirts",-0.00890861811472246
"[M] new living",-0.00890861856495808
"[M] offer live",-0.00890862089279279
"[M] health advocacy",-0.00890862133151769
"[M] offer",-0.00890862185500713
"[M] passion mental",-0.00890862446485228
"[M] https livingwell",-0.00890862508521794
"[M] https donate",-0.00890862681850249
"[M] myspreadshop com",-0.00890863027101529
"[M] onlinepeersupport com",-0.00890863055799519
"[M] mugs spread",-0.00890863106164746
"[M] myspreadshop",-0.00890863124429507
"[M] onlinepeersupport",-0.00890863151827944
"[M] mugs",-0.00890863203495998
"[M] online peer",-0.00890863299265562
"[M] difference https",-0.00890863404451188
"[M] difference enable",-0.0089086350897966
"[M] org schizophrenia",-0.00890863951298601
"[M] groups text",-0.0089086420670934
"[M] going schizophrenia",-0.0089086448356418
"[M] going offer",-0.00890864590386176
"[M] livingwellwithschizophrenia tiktok",-0.00890864697648478
"[M] livingwellwithschizophrenia schizoaffectivedisorder",-0.00890864801321765
"[M] livingwellwithschizophrenia org",-0.00890864905022115
"[M] lwschizophrenia website",-0.00890864918957589
"[M] livingwellwithschizophrenia mental",-0.00890865008749623
"[M] lwschizophrenia",-0.00890865022440139
"[M] looking expert",-0.00890865303167057
"[M] livingwellwithmentalillness join",-0.00890865703481281
"[M] monthly donation",-0.00890865749998845
"[M] livingwellwithmentalillness",-0.00890865807419643
"[M] livingwellschizophrenia twitter",-0.00890865911385989
"[M] livingwellschizophrenia",-0.00890866015380416
"[M] livingwell myspreadshop",-0.00890866119403023
"[M] livingwell",-0.0089086622345391
"[M] general mental",-0.00890866943350369
"[M] donate stripe",-0.00890867558006689
"[M] mentalillness psychosis",-0.00890867660307914
"[M] laurenkennedywest com",-0.00890868145976415
"[M] laurenkennedywest",-0.00890868250986758
"[M] huge difference",-0.00890868513570972
"[M] live weekly",-0.00890869170053127
"[M] making difference",-0.00890869291687173
"[M] make statement",-0.00890869303215673
"[M] insight inspiration",-0.00890869385982806
"[M] make positive",-0.0089086939519198
"[M] feeling going",-0.00890869590778186
"[M] make huge",-0.00890869657345923
"[M] inspiration need",-0.00890869790768729
"[M] facilitated video",-0.00890869807688502
"[M] facilitated",-0.00890869914648095
"[M] impact visit",-0.00890870109605146
"[M] enable continue",-0.00890870118290694
"[M] enable",-0.00890870224428744
"[M] experience passion",-0.00890870264191487
"[M] illness time",-0.00890870277839405
"[M] illness podcast",-0.00890870317587283
"[M] illness peer",-0.00890870419735745
"[M] event project",-0.00890870936171225
"[M] experiences joining",-0.00890870982134095
"[M] expert speaker",-0.00890870994454024
"[M] joining community",-0.00890871360109759
"[M] joining",-0.00890871464990837
"[M] join welcoming",-0.00890871569901164
"[M] join today",-0.00890871674840853
"[M] join online",-0.00890871779810017
"[M] depend support",-0.00890906163866878
"[M] depend",-0.00890906288396443
"[M] create valuable",-0.00890914293199562
"[M] contribution make",-0.00890914735182652
"[M] consider supporting",-0.0089091485240899
"[M] consulting looking",-0.00890914931790029
"[M] continue providing",-0.00890915092415404
"[M] consultant upcoming",-0.00890915242314053
"[M] content helpful",-0.0089091571498811
"[M] community benefit",-0.00890915873687661
"[M] community peers",-0.00890915910222838
"[M] community join",-0.00890916032623002
"[M] 9aq6ov5s0eft5568ww monthly",-0.00890916379501216
"[M] 9aq6ov5s0eft5568ww",-0.00890916505594821
"[M] communicate wide",-0.00890917298874049
"[M] comfort sharing",-0.00890917498863691
"[M] com speaking",-0.00890917608652235
"[M] channels communicate",-0.00890917622839732
"[M] com socials",-0.00890917733030959
"[M] channel pick",-0.00890917977917534
"[M] com lwschizophrenia",-0.00890918046916734
"[M] channel depend",-0.00890918057335744
"[M] com livingwellwithmentalillness",-0.00890918525758569
"[M] com livingwellschizophrenia",-0.00890918650344698
"[M] com help",-0.00890919139040335
"[M] com general",-0.00890919262153478
"[M] com 9aq6ov5s0eft5568ww",-0.00890919670408312
"[M] audience create",-0.00890922100863721
"[M] benefit support",-0.00890922143570737
"[M] awareness help",-0.00890922327147784
"[M] apparel wear",-0.00890922861352531
"[M] apparel today",-0.00890922986551707
"[M] advocacy provide",-0.00890928538339304
"[T] exact",-0.00908594022796944
"[T] doesn",-0.00915543564280476
"[M] personality disorders",-0.00916323028611493
"[M] respect",-0.00917009282683172
"[M] leadership",-0.00917015829130925
"[M] ll learn",-0.00917628383630893
"[M] inside",-0.00918292099622338
"[T] learn",-0.0096169163451058
"[T] reading",-0.00962146858626825
"[M] loneliness",-0.00964513018375228
"[T] trying",-0.00964995135279112
"[M] looks",-0.00966330613384491
"[M] disorder explained",-0.00966519720986348
"[M] disorder bipolar",-0.00966520577702088
"[M] values",-0.00967223828898952
"[M] landscape",-0.00969205632432615
"[M] stay informed",-0.00974875790938947
"[T] things like",-0.00978581187475521
"[M] patreon com",-0.00978774546971341
"[M] www patreon",-0.00978822808795563
"[T] don wanna",-0.00985848447298583
"[M] sprefix",-0.00989100030066723
"[M] referral link",-0.00989107300304957
"[M] readwise",-0.00989110785461489
"[M] mic pro",-0.00989137625527814
"[M] extra free",-0.00989143425959377
"[M] evernote",-0.00989143564791353
"[M] electronics",-0.00989145847700623
"[M] free help",-0.00989147198481677
"[M] crid",-0.00989189389330802
"[M] adapter https",-0.00989193729726252
"[M] bed https",-0.00989200094599163
"[M] session",-0.0100440365770147
"[M] therapy cbt",-0.0102245870939229
"[M] isolation",-0.0102249631166871
"[M] cognitive behavioral",-0.0102255263897557
"[M] cbt",-0.0102255315425705
"[M] behavioral therapy",-0.0102256996393287
"[M] dynamic",-0.0102457625028333
"[M] aim",-0.0102462651610493
"[M] mentioned",-0.0103625029829976
"[M] health issues",-0.0104152375263128
"[M] going",-0.0104220441863525
"[M] shorts podcast",-0.0104539889135659
"[T] laughing",-0.0104597619394132
"[M] office",-0.0104956444131373
"[M] mirrorless",-0.010495721572181
"[M] boom",-0.0104962681088326
"[T] humans",-0.0105701294926038
"[M] constant",-0.0105733618872733
"[M] anxious",-0.0105860337978864
"[M] pexels",-0.010891101502109
"[M] ignite",-0.0109007617623533
"[M] inspiring stories",-0.0109164825187134
"[M] savetimeshan adhdprobs",-0.0109608678506085
"[M] hyperfocus adhd",-0.0109612473308828
"[M] adultadhd adhdingirls",-0.0109623339864099
"[M] adhdproblems adhdcheck",-0.0109625606954657
"[M] adhdingirls adhdinwomen",-0.010962715959654
"[M] adhdingirls",-0.010962729836073
"[M] epidemicsound com",-0.0109685703866772
"[M] epidemicsound",-0.010968571876844
"[M] com video",-0.010969053586773
"[M] corey",-0.0109785325827048
"[M] songs",-0.0109838369828235
"[M] successmindset",-0.0110390024075107
"[M] actuallyautistic 50",-0.0111606540271783
"[T] test",-0.0112422877467826
"[M] th",-0.0112916486431875
"[M] sleep",-0.0113381219930369
"[M] real",-0.0114421742845718
"[T] ago",-0.0116559856572635
"[M] weapons",-0.0116888832500572
"[M] ur mind",-0.0116926885718908
"[M] ur",-0.0116926898965938
"[M] tips improve",-0.0116927250527307
"[M] tips healthy",-0.0116927262960431
"[M] tips everyday",-0.0116927276219471
"[M] tenured associate",-0.0116927643234143
"[M] tenured",-0.0116927656739366
"[M] regeneration repair",-0.0116927953674087
"[M] repair fields",-0.0116927954404148
"[M] regeneration",-0.0116927968078158
"[M] repair",-0.0116927968806822
"[M] sharing content",-0.0116928184494925
"[M] shorts lifestyle",-0.0116928276146606
"[M] sleep energy",-0.0116928298319127
"[M] shorts neuroscientist",-0.0116928304420937
"[M] plasticity neural",-0.0116928306213307
"[M] plasticity",-0.0116928320855297
"[M] palo alto",-0.0116928845035817
"[M] palo",-0.0116928860034198
"[M] operated form",-0.0116928885526945
"[M] operated",-0.011692890053044
"[M] neuroscientist tenured",-0.0116928931346471
"[M] neuro lifestyle",-0.0116929793239325
"[M] neuro",-0.0116929808932071
"[M] neural regeneration",-0.0116929824630246
"[M] neural",-0.0116929840333875
"[M] medicine contributions",-0.0116930111257884
"[M] lifestyle science",-0.0116930251684642
"[M] just sharing",-0.0116930362942594
"[M] mind lifestyle",-0.0116930560702613
"[M] improve ur",-0.0116931856222518
"[M] huberman just",-0.011693197511944
"[M] hubermanlab neuroscience",-0.0116932033386573
"[M] help better",-0.0116932874247108
"[M] healthy habits",-0.0116933015189735
"[M] habits lifestyle",-0.0116933183038433
"[M] habits help",-0.0116933198716668
"[M] good habits",-0.011693345364599
"[M] everyday tips",-0.0116933899879277
"[M] form endorsed",-0.0116933987836475
"[M] fields neuro",-0.0116934115198361
"[M] energy day",-0.0116934119054158
"[M] dopamine detox",-0.0116934282500219
"[M] endorsed dr",-0.0116934298248186
"[M] endorsed",-0.0116934313421312
"[M] disclaimer channel",-0.011693433639811
"[M] detox good",-0.0116934789521846
"[M] detox",-0.0116934804931109
"[M] 1975 palo",-0.0116939135061398
"[M] american neuroscientist",-0.0116939481407866
"[M] alto california",-0.0116939590732868
"[M] alto",-0.011693960807441
"[M] day disclaimer",-0.0116940862948145
"[M] commenting news",-0.0116941691608779
"[M] commenting",-0.0116941709880639
"[M] contributions brain",-0.0116941815787064
"[M] content fair",-0.0116941865730644
"[M] created operated",-0.0116941906549917
"[M] criticism commenting",-0.0116941936990139
"[M] channel created",-0.0116942004101841
"[M] california american",-0.0116942040309063
"[M] california",-0.0116942058253462
"[M] brain plasticity",-0.0116942161678913
"[M] associate professor",-0.0116942944558021
"[M] better sleep",-0.0116943257489514
"[T] tomorrow",-0.0117038809685466
"[T] chocolate",-0.0117405682706561
"[M] cold",-0.0117632242224401
"[M] anxiety common",-0.0118486158778405
"[M] viral shorts",-0.0119206914328567
"[T] brought",-0.0119503386894452
"[T] complete",-0.0120109772160777
"[M] make sure",-0.0120689360585454
"[M] achieving",-0.0121237477734455
"[M] intriguing",-0.012144348640848
"[M] short schizophrenia",-0.0121477177428805
"[T] million",-0.0121500302537951
"[M] 2tb",-0.0121645956352623
"[M] additional cost",-0.0121646005650941
"[M] additional",-0.0121646015502798
"[M] samsung",-0.0121646696448736
"[M] ssd",-0.0121646732747224
"[M] setup",-0.0121646896374308
"[M] commission additional",-0.0121648246225784
"[M] auto",-0.0122179421073682
"[M] sr",-0.0122596359105395
"[M] space pen",-0.0122596521338023
"[M] qid",-0.0122597833163643
"[M] pen",-0.0122598951280673
"[M] extra",-0.0122601804738889
"[M] ef eos",-0.0122602126103596
"[M] coping strategies",-0.012371015169907
"[M] slow",-0.0124543309946222
"[M] involves",-0.012454784398379
"[M] make difficult",-0.0124608283343492
"[M] different types",-0.0125991271374686
"[M] expressed video",-0.0126597442352122
"[M] videos instagram",-0.0126890900112113
"[M] subscribe dr",-0.0126893246853485
"[M] psychology mentalhealth",-0.0126894040664312
"[M] health psychology",-0.0126895779148022
"[M] drjuliesmith facebook",-0.0126896247215254
"[M] drjulie tiktok",-0.0126896842041572
"[M] dr_julie_smith website",-0.0126896981489122
"[M] julie videos",-0.0126898354771342
"[M] com bestselling",-0.0126901416134837
"[M] https tiktok",-0.0126989704155328
"[M] selfimprovement",-0.0127702010083963
"[T] initiate movement",-0.0127887408492068
"[T] send",-0.0128175430975604
"[M] play",-0.0128716079488214
"[M] support groups",-0.0128764156509882
"[M] groups",-0.0128768699809188
"[T] believe things",-0.0129066452016982
"[M] informed",-0.0129362912771163
"[M] symptoms signs",-0.0129916236954866
"[M] condition causes",-0.0130059952434412
"[M] fallen",-0.0130359596212218
"[M] mentalhealthawareness anxiety",-0.0130566714389592
"[M] happening",-0.0130588150087741
"[M] impacting",-0.0130697208846028
"[M] join conversation",-0.0132080675860701
"[M] videos fictional",-0.0132305116092201
"[M] healthismentalandphysical tik",-0.0132305258426735
"[M] healthismentalandphysical",-0.013230531225856
"[M] vid https",-0.0132305554082511
"[M] vid",-0.0132305605716707
"[M] tnveqk9pgho 0s",-0.0132305790262584
"[M] thank phantom",-0.0132305795516434
"[M] tnveqk9pgho",-0.013230584203507
"[M] fictional character",-0.013230585466604
"[M] email jessiepaegellc",-0.0132306257018796
"[M] reading comment",-0.0132306576877438
"[M] support platforms",-0.0132306622365353
"[M] watch tnveqk9pgho",-0.0132306706846483
"[M] https represent",-0.0132306713001715
"[M] store jessiepaege",-0.0132306775006413
"[M] represent com",-0.0132306895475816
"[M] watch lxwzdoklhaq",-0.0132306904313512
"[M] represent",-0.0132306947906028
"[M] watch cv1ecsokie0",-0.0132306970133181
"[M] watch 1dlymveq7pa",-0.0132307021507373
"[M] skin instagram",-0.013230713431082
"[M] skeleton https",-0.0132307251810587
"[M] platforms clear",-0.0132307282647555
"[M] phantom https",-0.0132307580623148
"[M] phantom",-0.013230763306528
"[M] music vid",-0.013230801036827
"[M] jessiepaegellc gmail",-0.0132308606503092
"[M] jessiepaegellc",-0.0132308658375944
"[M] jessiepaege watch",-0.0132308710290984
"[M] jessiepaege email",-0.0132308762248463
"[M] lxwzdoklhaq 0s",-0.0132308770097642
"[M] jessiepaege 2nd",-0.0132308814248634
"[M] lxwzdoklhaq",-0.0132308822050789
"[M] 4korgpubaedzf3i8tactzo buy",-0.0132313117259837
"[M] 4korgpubaedzf3i8tactzo",-0.0132313181845138
"[M] 2nd instagram",-0.0132313243994193
"[M] 2nd",-0.0132313308723921
"[M] 1dlymveq7pa 0s",-0.0132313368932592
"[M] 1dlymveq7pa",-0.0132313433815469
"[M] cv1ecsokie0 0s",-0.0132313607263046
"[M] clear skin",-0.013231364628447
"[M] cv1ecsokie0",-0.0132313669078647
"[M] 0s watch",-0.0132313685676247
"[M] 0s skeleton",-0.0132313750966981
"[M] character music",-0.0132313755005873
"[M] com spotify",-0.0132313755808058
"[M] 0s reading",-0.013231381633639
"[M] buy merch",-0.0132313870356898
"[M] artist 4korgpubaedzf3i8tactzo",-0.0132313875221701
"[M] 0s coming",-0.013231388178498
"[M] com healthismentalandphysical",-0.0132314079072439
"[M] com artist",-0.0132314175555683
"[M] coming https",-0.0132314222393106
"[T] continue",-0.0132315757852541
"[M] blog https",-0.0132654916963707
"[M] anxietydisorders shorts",-0.0133063832494667
"[M] ring",-0.0133193127129025
"[M] writes",-0.0133242146892834
"[M] unleash potential",-0.013414144835573
"[M] unleash",-0.0134141453650668
"[M] achieve goals",-0.0134154413904128
"[M] happiness shorts",-0.013430978646346
"[T] reason",-0.0135026383731092
"[T] slowly",-0.0135072117137895
"[M] 15",-0.0135683992851933
"[M] bestselling",-0.0135925138943135
"[M] fully",-0.0136233062871535
"[M] satan",-0.0136502604967214
"[M] education",-0.0136521676991203
"[M] supports",-0.0137214084831835
"[M] memes",-0.0137340828599547
"[T] choose",-0.0137373073281974
"[T] miss",-0.0137378830974232
"[M] areas",-0.0137700228865452
"[M] watching like",-0.013777607169157
"[M] thank watching",-0.0137777433264508
"[M] stick journey",-0.0137778905446038
"[M] shortnlongofit twitter",-0.0137779404286451
"[M] shortnlongofit tiktok",-0.0137779465409148
"[M] shortnlongofit facebook",-0.013777952652339
"[M] motivate better",-0.0137779724756777
"[M] mentalhealthrecovery motivation",-0.0137780474453212
"[M] mentalhealthrecovery",-0.0137780536782165
"[M] mentalhealthmotivation",-0.0137780599118803
"[M] mentalhealth mentalhealthrecovery",-0.0137780607879499
"[M] motivation mentalhealthmotivation",-0.0137780929423678
"[M] longnshortofit pinterest",-0.0137782873209831
"[M] help motivate",-0.0137783305174861
"[M] health know",-0.0137783493552332
"[M] journey help",-0.0137784901794699
"[M] curated",-0.0137785968700369
"[M] ca shortnlongofit",-0.0137792237874989
"[M] living https",-0.0137848179642232
"[M] 360",-0.0137850312370754
"[M] quality life",-0.0137915633608862
"[M] pocket",-0.0137977201954268
"[M] advice consult",-0.0138008262013311
"[M] supported",-0.0138276801720921
"[M] feature",-0.0139029737903109
"[M] m50",-0.013904767188855
"[M] expectations",-0.0139304743998551
"[M] fisher space",-0.0139407981077022
"[M] fisher",-0.0139408026040187
"[M] accounts",-0.0139679302747515
"[T] clear",-0.0139771826821453
"[M] page https",-0.0139872409211113
"[T] doing oh",-0.0140152825871913
"[M] obstacles",-0.0141016616923462
"[M] achievement",-0.0141031226272086
"[M] self discipline",-0.0141147005366086
"[M] discipline",-0.0141153427384498
"[M] described",-0.0141246419850653
"[M] committed",-0.0141395002054102
"[M] advice contact",-0.0142576055362443
"[T] opened",-0.0142691998773011
"[M] break",-0.0142758187130919
"[M] physical symptoms",-0.0142797762719726
"[M] ocd obsessive",-0.0144051719109496
"[M] cultural",-0.0144109925418052
"[T] worst",-0.0144209182193088
"[M] hotlines",-0.0144308223736256
"[M] nearest hospital",-0.014431312517088
"[M] nearest",-0.0144313152185066
"[M] bpd shorts",-0.0144411003213659
"[M] bpd mentalhealth",-0.0144411167871601
"[T] things don",-0.0144546514068166
"[M] illness mental",-0.0144587604398486
"[T] don feel",-0.0144778355156076
"[M] awareness month",-0.0145997023728949
"[M] support make",-0.0146063306421519
"[M] burnout",-0.0146094796320525
"[M] panic disorder",-0.0146267345254952
"[M] background",-0.0146304518930097
"[M] rules",-0.0146725904179572
"[M] channel stay",-0.0147462435505733
"[M] unwavering",-0.0147525983753783
"[M] journey success",-0.0147530903585929
"[M] love hear",-0.0147598879413636
"[M] health support",-0.0147729384017526
"[M] things like",-0.0148248380837544
"[M] thumbnail",-0.0148339151166977
"[M] complexities",-0.0149269797983072
"[M] listening",-0.0149346091045069
"[M] oil vitatree",-0.0149391353824475
"[T] like ve",-0.0150202401957912
"[M] media twitter",-0.0150670668418285
"[M] pa",-0.015068198897063
"[M] 30 days",-0.0150685408937631
"[M] health apparel",-0.0150836019414404
"[M] living mental",-0.0150836781071859
"[M] donation https",-0.0150837454729402
"[M] com livingwellwithschizophrenia",-0.0150845558577243
"[M] cloudlifter",-0.0150911113902198
"[M] shure sm7b",-0.0150913820476988
"[M] sm7b",-0.0150913919824006
"[M] double blind",-0.0151023383237928
"[M] double",-0.0151023402657433
"[M] controlled study",-0.0151030919773213
"[M] blind placebo",-0.0151032237081583
"[M] blind",-0.0151032268474058
"[M] randomized",-0.0151033563463505
"[M] randomized double",-0.0151033564305323
"[M] placebo",-0.0151034087317995
"[M] placebo controlled",-0.0151034088216289
"[T] duty",-0.0151055965547746
"[M] astro",-0.0151377316792004
"[M] links affiliate",-0.015160015200285
"[M] motivational speech",-0.0152018841826134
"[M] book",-0.0152191711437857
"[T] works",-0.0152226558521463
"[M] notification bell",-0.0152279172071868
"[M] use music",-0.0152371414561334
"[M] strength",-0.0152682094643126
"[M] deep breathing",-0.0152814891294549
"[M] shares tips",-0.0152946920306357
"[M] supplementation",-0.0152946977005752
"[M] toolbox",-0.0152984524044993
"[M] studying",-0.0152988810185868
"[M] health toolbox",-0.0152996408214848
"[M] stay focused",-0.0153247486236942
"[M] adversity",-0.0153966581318741
"[M] manage anxiety",-0.0154416910691586
"[M] way feel",-0.0154417232649373
"[M] recovering",-0.0154547294677543
"[M] ytshort",-0.0154553948011288
"[M] help people",-0.0155201574848263
"[M] new episodes",-0.0155624615972613
"[M] episodes tuesday",-0.0155628564642924
"[M] assessed",-0.015593395514894
"[T] trauma",-0.0155957449450082
"[M] caught",-0.0156007273718519
"[M] actions",-0.0156192806369195
"[M] jobs",-0.0156236795322516
"[M] 84",-0.0156469548823108
"[M] talking mental",-0.0156540814652341
"[M] deserve",-0.0156602237481313
"[M] schizophrenic designer",-0.0156623457313003
"[M] nyc mentalhealth",-0.0156637810945984
"[M] designer https",-0.0156645498165403
"[M] designer",-0.0156645673397524
"[M] inspirational quotes",-0.0156663571632494
"[M] tend",-0.0156878930616112
"[M] neewer",-0.0157352549232719
"[M] symptoms shorts",-0.0157361792816545
"[M] standard",-0.015757004977934
"[M] billionaire",-0.0157620616852681
"[M] workers mental",-0.0157680926316522
"[M] workers",-0.0157680981241175
"[M] used place",-0.0157681938537488
"[M] therapy treatment",-0.0157683898371982
"[M] subscribe mentalhealth",-0.0157684485030754
"[M] share friend",-0.0157684532385861
"[M] solely express",-0.0157684748563234
"[M] solely",-0.0157684805156843
"[M] resonated share",-0.015768532645075
"[M] resident instagram",-0.0157685481574556
"[M] purposes used",-0.0157685626019895
"[M] place therapy",-0.0157686822035877
"[M] opinions expressed",-0.0157687560802445
"[M] opinions employer",-0.015768761717643
"[M] mentalhealth doctor",-0.0157688610888477
"[M] medschool shorts",-0.0157689958703089
"[M] medschool",-0.0157690017231733
"[M] marketing purposes",-0.0157690190734051
"[M] marketing",-0.0157690248704314
"[M] healthcare workers",-0.0157690566292153
"[M] goodman degree",-0.0157691852706102
"[M] goodman",-0.0157691913272889
"[M] friend enjoy",-0.0157692221843147
"[M] expressed solely",-0.0157692380470746
"[M] express views",-0.0157692570377284
"[M] focused advocating",-0.0157692707658843
"[M] employer content",-0.0157692991566815
"[M] employer",-0.0157693055570381
"[M] doctor medschool",-0.0157693150576871
"[M] educational marketing",-0.0157693153692114
"[M] jakegoodmanmd tiktok",-0.0157693276367454
"[M] jakegoodmanmd disclaimers",-0.0157693334339732
"[M] jake goodman",-0.0157693647610572
"[M] jake",-0.0157693705572429
"[M] disclaimers opinions",-0.0157693832682131
"[M] degree md",-0.0157702054431608
"[M] content focused",-0.015770286067663
"[M] content educational",-0.0157702947398362
"[M] advocating healthcare",-0.0157704443886056
"[M] advocating",-0.0157704520992335
"[M] warning signs",-0.015802727659824
"[M] warning",-0.0158027483390276
"[M] thought provoking",-0.0158236624627301
"[M] provoking",-0.0158244129941175
"[M] don",-0.0158418576546747
"[M] videos talk",-0.0158648918984653
"[M] places",-0.015888780998586
"[M] seeking",-0.0158907304164668
"[M] canon",-0.0158995438157899
"[T] oh shoot",-0.0159112718967706
"[M] near",-0.0159393159742408
"[T] terms",-0.0159452906749036
"[M] avoiding",-0.0160237735589789
"[M] episodes",-0.0160571217191477
"[M] trusted",-0.0160979272555044
"[M] discount",-0.016157044273562
"[M] meditation",-0.0161574371114224
"[M] suffered",-0.0161682651955915
"[M] edge",-0.0161696990913738
"[M] diverse topics",-0.0161697167110258
"[M] cutting edge",-0.0161706560232971
"[M] cutting",-0.0161706868781353
"[M] schizoid",-0.0161757345414561
"[M] 16",-0.0161930923933277
"[T] match",-0.0162120203642075
"[M] world",-0.0162149225054245
"[M] trial",-0.016265924442762
"[M] _encoding utf8",-0.0162898549899866
"[M] _encoding",-0.016289860337679
"[M] artificial",-0.0162952923081468
"[M] utf8 psc",-0.0163086694058416
"[M] ref ppx_yo_dt_b_search_asin_title",-0.0163090066555025
"[M] ppx_yo_dt_b_search_asin_title utf8",-0.0163091254974639
"[M] ppx_yo_dt_b_search_asin_title",-0.0163091322440849
"[M] gp product",-0.0163096371198363
"[M] com gp",-0.0163103926138456
"[M] normal things",-0.016322811568138
"[M] wirthhats com",-0.0163269204078482
"[M] wirthhats",-0.0163269250100743
"[M] theaspieworld gmail",-0.0163269523380521
"[M] tiktok http",-0.016326993997881
"[M] therapy sponsored",-0.0163270005117861
"[M] www soundsory",-0.0163270022808929
"[M] therapy headphones",-0.0163270049920102
"[M] www levelupautism",-0.0163270076255784
"[M] www learnautism",-0.0163270123287322
"[M] taw_twitter facebook",-0.0163270157512085
"[M] taw_twitter",-0.0163270203874074
"[M] taw_tik_tok blog",-0.0163270250264753
"[M] taw_tik_tok",-0.0163270296684106
"[M] taw_snapchat tiktok",-0.0163270343132121
"[M] taw_snapchat",-0.0163270389608784
"[M] taw_podcast",-0.0163270436114085
"[M] taw_merch business",-0.0163270482648013
"[M] taw_merch",-0.0163270529210557
"[M] taw_insta twitter",-0.0163270575801709
"[M] taw_insta",-0.0163270622421461
"[M] taw_facebook snapchat",-0.0163270669069806
"[M] taw_facebook",-0.0163270715746737
"[M] taw_blog podcast",-0.016327076245225
"[M] taw_blog",-0.0163270809186341
"[M] subscribe http",-0.0163271841063611
"[M] sponsored https",-0.0163271950603028
"[M] sponsored",-0.0163271998189978
"[M] soundsory com",-0.0163272341781698
"[M] soundsory",-0.0163272389522618
"[M] socials autism",-0.0163272449425054
"[M] snapchat http",-0.0163272573626503
"[M] podcast http",-0.0163273595458874
"[M] pdf book",-0.0163273831086833
"[M] magazine http",-0.0163273960761253
"[M] net subscribe",-0.0163274012318389
"[M] parenting magazine",-0.0163274013758672
"[M] net online",-0.0163274061618146
"[M] ly taw_twitter",-0.0163274067538982
"[M] membership site",-0.016327409886329
"[M] net autism",-0.0163274110954232
"[M] ly taw_tik_tok",-0.0163274115523076
"[M] ly taw_snapchat",-0.0163274163548418
"[M] headphones www",-0.0163274201541252
"[M] ly taw_podcast",-0.0163274211615183
"[M] headphones",-0.0163274257269663
"[M] ly taw_merch",-0.0163274259723545
"[M] haves https",-0.0163274304316294
"[M] ly taw_insta",-0.0163274307873682
"[M] ly taw_facebook",-0.0163274356065774
"[M] haves autism",-0.0163274360161851
"[M] ly taw_blog",-0.0163274404300004
"[M] online therapy",-0.0163274410833261
"[M] ly autismyoutube",-0.0163274452576555
"[M] ly autismpm",-0.0163274500895614
"[M] hat https",-0.0163274576396564
"[M] levelupautism net",-0.0163274587903296
"[M] exclusive membership",-0.0163274599719026
"[M] levelupautism",-0.0163274637990392
"[M] learnautism net",-0.0163274704969849
"[M] learnautism",-0.016327475515081
"[M] kit theaspieworld",-0.016327487968664
"[M] friends wirthhats",-0.0163275088103701
"[M] free pdf",-0.0163275171874115
"[M] merch http",-0.0163275619847901
"[M] https friends",-0.0163276798132573
"[M] card hat",-0.0163283363955019
"[M] card",-0.0163283430430618
"[M] business theaspieworld",-0.0163283509018054
"[M] com exclusive",-0.0163283620122677
"[M] content instagram",-0.0163283659424851
"[M] com aspie10",-0.0163283729903325
"[M] blog http",-0.0163283807847482
"[M] autismyoutube follow",-0.0163287092357721
"[M] autismyoutube",-0.0163287163384836
"[M] autismpm 100",-0.0163287233979206
"[M] autismpm",-0.0163287305143648
"[M] autism therapy",-0.0163287549683621
"[M] autism parenting",-0.0163287716605756
"[M] autism course",-0.016328806864991
"[M] autism content",-0.016328814030401
"[M] autism alert",-0.0163288205601533
"[M] 50 autism",-0.016329145977331
"[M] 100 free",-0.016329168594034
"[M] aspie10 merch",-0.0163291819468284
"[M] aspie10",-0.0163291895216966
"[M] alert card",-0.0163293192164789
"[M] alert",-0.0163293268221406
"[M] label",-0.0163363176910591
"[M] difficulties",-0.016336353521608
"[M] traumatic stress",-0.0163516982948812
"[M] stress disorder",-0.0163521065393388
"[M] post traumatic",-0.0163524178097557
"[M] shorts youtube",-0.0163737325551074
"[M] try",-0.0163889834040245
"[M] hard work",-0.0164216830509839
"[M] mood",-0.0164469412774098
"[M] narcissistic",-0.016455360990493
"[M] highlight",-0.0165212671482677
"[M] concerned",-0.0165217085468637
"[M] challenging",-0.016523438559187
"[M] happen",-0.0165510508090472
"[M] secrets",-0.0165657156515811
"[M] primary",-0.0165857250080442
"[M] pivotal",-0.0165866178255616
"[M] bridge gap",-0.0165879517450497
"[M] bridge",-0.0165879649699875
"[M] need make",-0.0165937053040582
"[M] adapter",-0.0166241147040693
"[M] identity",-0.0166310087073284
"[T] usually response",-0.0166666587052843
"[T] emotions",-0.0166855744851407
"[M] given",-0.0167016461466354
"[M] led",-0.0167580162067082
"[M] lights",-0.0167815895913161
"[M] www instagram",-0.0168116873480789
"[T] eye contact",-0.0168224259462996
"[M] considered",-0.0168347881432122
"[T] hearing things",-0.0168707904841262
"[T] delusions",-0.0168716651014022
"[M] description",-0.0168751731307764
"[T] initiate",-0.0168783448279543
"[T] wind",-0.0168787387350376
"[T] units",-0.0169009347691557
"[M] suicidal ideation",-0.0169408936247768
"[M] ideation",-0.0169411457955813
"[M] statement",-0.0169411786831091
"[M] sony",-0.0169537214573742
"[M] youtubepartner feel",-0.01699340345525
"[M] youtubepartner",-0.0169934077626757
"[M] videos pre",-0.01699341491989
"[M] therapy advice",-0.0169935872647985
"[M] shorts youtubepartner",-0.0169936609073991
"[M] shorts relatable",-0.016993675043784
"[M] relatable videos",-0.0169936833494079
"[M] order new",-0.0169939995284557
"[M] comments therapy",-0.0169949931558053
"[M] button mentalhealth",-0.0169950751967026
"[M] advice dm",-0.0169953349938137
"[M] matter",-0.0169978081560693
"[T] weirdo said",-0.0170161695519837
"[T] ugly stop",-0.017016231318447
"[T] special just",-0.0170163092077566
"[T] sorry helps",-0.0170163218898619
"[T] stop sorry",-0.0170163241856021
"[T] sorry bad",-0.0170163276265809
"[T] stop rising",-0.0170163296500375
"[T] stop libby",-0.0170163351405133
"[T] rising help",-0.0170163389624
"[T] short ugly",-0.0170163423728297
"[T] rising",-0.0170163449475515
"[T] ride gonna",-0.0170163547682141
"[T] said stop",-0.0170164109462044
"[T] presentation loser",-0.0170164650873183
"[T] presentation",-0.0170164713034863
"[T] middle hill",-0.017016537453883
"[T] libby gloss",-0.0170167052150408
"[T] loser hurry",-0.0170167096534487
"[T] libby",-0.0170167118110631
"[T] nails short",-0.0170167607366311
"[T] nails",-0.0170167675680475
"[T] just weirdo",-0.0170168779340012
"[T] help just",-0.0170168849036236
"[T] just presentation",-0.0170168851095964
"[T] hurry nails",-0.0170168863862108
"[T] hill oh",-0.0170169048761476
"[T] hill",-0.017016912071606
"[T] helps cope",-0.0170169171129546
"[T] just bash",-0.0170169211339045
"[T] gosh annoying",-0.0170169614499764
"[T] gonna easy",-0.0170170020773433
"[T] gloss just",-0.0170170756607659
"[T] gloss",-0.0170170830213915
"[T] fine excuse",-0.0170171949859887
"[T] excuse bus",-0.0170173517036794
"[T] easy let",-0.0170173989371436
"[T] cope special",-0.0170177307002501
"[T] bus middle",-0.0170177942481168
"[T] bus",-0.0170178024412422
"[T] bash ride",-0.0170179518386586
"[T] bash",-0.0170179601559967
"[M] small commission",-0.0170223569164429
"[M] eatingdisorderrecovery",-0.0170334340024247
"[M] dedication",-0.0170487863397756
"[T] good just",-0.0170536513729116
"[T] gotten",-0.0171013466599042
"[M] video youtube",-0.0171240849502093
"[M] dedicated",-0.0171302031451962
"[M] instagram",-0.0171427257071783
"[T] losing",-0.0171482406611238
"[M] contribution",-0.0171538780371064
"[M] health signs",-0.0171849050066797
"[M] psc",-0.017209572165621
"[M] winner",-0.0172193413384355
"[T] mouth",-0.0172639890353418
"[M] lot people",-0.0172772982463671
"[M] patreon",-0.0173006675935906
"[M] chewable https",-0.0173073964021089
"[M] short vitamin",-0.017307873326844
"[T] speech",-0.0173083793335044
"[M] day life",-0.0173512814685633
"[M] bsky social",-0.0173796525654979
"[M] bsky app",-0.01737965667056
"[M] bluesky https",-0.0173797146063152
"[M] bluesky",-0.0173797187897264
"[M] app profile",-0.0173797330552438
"[M] https bsky",-0.0173801331335997
"[M] focusing",-0.0174243915007816
"[M] videos mental",-0.0174252911537631
"[M] told amazon",-0.0174254144224004
"[M] told",-0.0174254228191557
"[M] new bestselling",-0.0174260128825723
"[M] drjuliesmith feel",-0.0174260486493828
"[M] dr julie",-0.0174261795626285
"[M] links new",-0.0174262592823102
"[M] julie",-0.0174263854724886
"[M] 3smyc2d links",-0.017426889054756
"[M] 3smyc2d",-0.017426900983587
"[M] 3qbo4dp audiobook",-0.0174269129349298
"[M] 3qbo4dp",-0.0174269249089322
"[M] 33dzfgo audiobook",-0.0174269369307261
"[M] 33dzfgo",-0.0174269489507026
"[M] 33cmsqa amazon",-0.0174269609937913
"[M] 33cmsqa",-0.0174269730601452
"[M] book told",-0.017427020805576
"[M] audiobook usa",-0.0174270414392586
"[M] audiobook uk",-0.017427052696725
"[M] bestselling new",-0.0174270925469355
"[M] amazon usa",-0.0174271001685578
"[M] amzn 3smyc2d",-0.0174272958771962
"[M] amzn 3qbo4dp",-0.0174273073539888
"[M] amzn 33dzfgo",-0.0174273188535952
"[M] amzn 33cmsqa",-0.0174273303761825
"[M] self care",-0.0174349216558507
"[T] yogurt",-0.0174424899636744
"[T] recovery breakfast",-0.0174428542511093
"[T] latte",-0.0174434302980693
"[T] breakfast",-0.017444947791869
"[T] ate",-0.0174453471857921
"[T] alive strong",-0.0174556461620379
"[T] alive",-0.0174556462371721
"[T] enemy planted",-0.0174556517805666
"[T] enemy use",-0.0174556517926
"[T] fighting attacks",-0.0174556575171456
"[T] facing lot",-0.0174556608782909
"[T] exists alive",-0.017455684827681
"[M] staying",-0.0174557437200708
"[T] demonstrate holy",-0.0174559372809989
"[T] demonstrate",-0.0174559374706891
"[T] anxiety free",-0.0174559611428609
"[T] anxiety demonstrate",-0.0174559626263286
"[T] anxiety anxious",-0.0174559633577496
"[T] coming lot",-0.0174559799263162
"[T] ask god",-0.0174559985613659
"[T] anxious person",-0.0174560336081386
"[T] free fighting",-0.017456075810744
"[T] free anxiety",-0.0174560761436136
"[T] authority given",-0.0174560855062164
"[T] given power",-0.0174561007323263
"[T] lies speak",-0.0174562401734113
"[T] healing peace",-0.0174562485226601
"[T] head pray",-0.0174562628428087
"[T] life lots",-0.01745627835976
"[T] lord facing",-0.0174563390725402
"[T] god receive",-0.0174564139912
"[T] lots racing",-0.0174564202336287
"[T] lot lies",-0.0174564259688555
"[T] perfect use",-0.0174564421972877
"[T] planted head",-0.0174564548628463
"[T] planted",-0.0174564559306097
"[T] person trying",-0.0174564696295472
"[T] person screen",-0.0174564707117524
"[T] use speak",-0.0174565711368568
"[T] use authority",-0.0174565727052624
"[T] speak lies",-0.0174565921754553
"[T] trying free",-0.017456635982877
"[T] thoughts coming",-0.0174566573236247
"[T] rebuke lies",-0.0174566587431576
"[T] rebuke",-0.0174566602339181
"[T] receive healing",-0.0174566701550128
"[T] power holy",-0.0174566792729241
"[T] pray rebuke",-0.0174566799145908
"[T] power exists",-0.0174566807454356
"[T] pray ask",-0.0174566813900692
"[T] spirit speak",-0.0174566868128049
"[T] spirit power",-0.0174566885650965
"[T] racing thoughts",-0.0174566973719267
"[T] strong perfect",-0.0174567017891348
"[M] peaceful",-0.0174699116313796
"[M] ll",-0.0174700255060003
"[M] hashtags",-0.0174732580997162
"[T] just talking",-0.0174987641668284
"[M] sign want",-0.0175107332953552
"[M] facebook instagram",-0.0175213054043811
"[M] autism autistic",-0.0175231891672283
"[M] ways calm",-0.0175288439107103
"[M] description contains",-0.0175324601114412
"[M] contains affiliate",-0.0175330181748903
"[M] channels",-0.0175579992711986
"[M] using mental",-0.0175869917936231
"[T] calendar",-0.0176087556048377
"[T] advent calendar",-0.0176093955641243
"[T] advent",-0.0176094307861129
"[M] treatment bpd",-0.0176157726305528
"[M] subs",-0.0176436776722207
"[M] pilot",-0.017662713735154
"[M] short pilot",-0.0176627442214508
"[M] versions",-0.0176657056546838
"[T] decreased",-0.0176756379851576
"[M] vision",-0.0176850622235799
"[M] disorder https",-0.0177629159071637
"[M] lens",-0.0177708828684339
"[M] hopelessness",-0.0177891227389541
"[M] disorder anxiety",-0.0177991733833993
"[T] paul",-0.0178070185354602
"[M] mentalhealth shortsviral",-0.0178278777161076
"[M] talk",-0.0178526031695642
"[M] succeed",-0.0178581276132483
"[M] use disclaimer",-0.0178595726517026
"[M] disclaimer copyright",-0.0178601213814163
"[M] experience",-0.0178620126972747
"[T] adhd doesn",-0.0178786718289017
"[M] free subscribe",-0.0178865906564704
"[M] nation",-0.0179264475149374
"[M] commitment",-0.0179283820131173
"[M] huge",-0.0179322983406844
"[M] distress",-0.01793670545808
"[T] time yeah",-0.017962533403216
"[M] today",-0.017966145193341
"[M] learn https",-0.0179785617644385
"[M] holding breath",-0.0179939859112254
"[M] holding",-0.0179939901415331
"[M] reduce anxiety",-0.0179943234715246
"[M] cultivate",-0.0180033826293004
"[M] self assessment",-0.0180087316564281
"[M] health resources",-0.0180089566412609
"[M] decisions",-0.0180096030235087
"[M] assessment https",-0.0180098545301451
"[M] discord server",-0.0180163090738859
"[T] realized",-0.0180269813310959
"[M] overcoming",-0.0180303918363289
"[M] cycle",-0.0180332505695321
"[T] hyperactivity",-0.0180768885785849
"[M] depressive disorder",-0.0180772351083912
"[M] worksheet help",-0.0180901914589388
"[M] worksheet",-0.018090212615005
"[M] talk doctor",-0.0180906637620443
"[M] tags adhd",-0.0180907142773247
"[M] tags",-0.0180907354564464
"[M] savetimeshanadhd savetimeshan",-0.0180911298306865
"[M] savetimeshanadhd",-0.0180911515198757
"[M] savetimeshan website",-0.0180911732176819
"[M] savetimeshan tags",-0.0180911949240058
"[M] savetimeshan instagram",-0.0180912166387496
"[M] savetimeshan follow",-0.0180912383618162
"[M] help determine",-0.0180915658597097
"[M] meet diagnostic",-0.018091589908876
"[M] doctor https",-0.0180918858159073
"[M] determine meet",-0.0180919493198478
"[M] determine",-0.018091971880062
"[M] criteria talk",-0.018093184060881
"[M] ai savetimeshan",-0.0180935083988473
"[M] adult adhd",-0.0180936583571364
"[M] adhdtribe adhdawareness",-0.0180937134659672
"[M] adhdtribe",-0.0180937382472614
"[M] adhdsquad adhdtribe",-0.0180937630520212
"[M] adhdsquad",-0.0180937878805553
"[M] adhdrelatable adhdlife",-0.0180938124240205
"[M] adhdrelatable",-0.0180938373008368
"[M] adhdlife adhdbrain",-0.0180940079755916
"[M] adhdlife",-0.0180940330677399
"[M] adhdinwomen adhdrelatable",-0.0180940581875619
"[M] adhdbrain adhdsquad",-0.0180942106944548
"[M] adhdawareness savetimeshanadhd",-0.0180943200306468
"[M] adhd worksheet",-0.0180944036168721
"[M] adhd women",-0.0180944291631311
"[M] adhd adultadhd",-0.0180944579275837
"[M] adhd adult",-0.0180944836251549
"[M] 2019",-0.018109242856783
"[M] trends",-0.0181168366148565
"[T] pursuing",-0.0181174460501474
"[T] don just",-0.0181268689998742
"[M] unless",-0.0181413538184157
"[M] lack",-0.0181466401433701
"[M] inspiration motivation",-0.0181469306809749
"[T] fidget toy",-0.018157478201442
"[M] hidden",-0.018166566304627
"[M] video accurate",-0.0181676391725196
"[M] medical authority",-0.0181690911004421
"[M] local medical",-0.018169181959137
"[M] information video",-0.0181694694026017
"[M] information purposes",-0.0181694820467385
"[M] consult local",-0.0181702535166207
"[M] accurate",-0.0181703850609517
"[M] authority",-0.0181704176836646
"[M] send email",-0.0181732005693763
"[M] health recovery",-0.0181778871710702
"[M] healing journey",-0.0182242683598054
"[M] named",-0.0182569714453792
"[M] teacher",-0.0182570242163273
"[M] fifth",-0.0182700654910171
"[T] moment",-0.0182749096230935
"[M] loving",-0.0182756813932553
"[T] time like",-0.0182759898831221
"[M] inspirational motivational",-0.018291341072094
"[M] help support",-0.0183284311138123
"[M] tv",-0.0183399581370307
"[M] video editing",-0.0183437644864378
"[M] skeleton",-0.0183687111211249
"[T] aren really",-0.018407280546197
"[M] worked",-0.0184172424077667
"[M] york",-0.0184203592721737
"[M] new york",-0.0184210231931428
"[M] hundreds",-0.0184456111278644
"[M] scientists",-0.0184576412819618
"[M] leaders",-0.0184581113725577
"[M] grow",-0.0184756359667691
"[M] owners",-0.0184972897955088
"[T] going just",-0.0185072948756157
"[M] download",-0.018528132704577
"[M] exactly",-0.0185323130751704
"[M] bpd mental",-0.0185410247578389
"[M] treatment options",-0.0185451550671246
"[M] options",-0.0185462193766249
"[M] 255",-0.0185489562424713
"[M] connect instagram",-0.0185557260861769
"[M] symptoms bpd",-0.0185613966038469
"[T] somebody adhd",-0.0185709529372953
"[T] obtain",-0.0185746784234008
"[M] constitute",-0.0185865438780291
"[T] just trying",-0.0185909593804645
"[M] means click",-0.018608348587498
"[M] links means",-0.0186083680055799
"[M] receive small",-0.0186084127473535
"[T] going head",-0.0186181009692578
"[T] energetic",-0.0186292650357069
"[M] sent po",-0.0186593088812439
"[M] sent",-0.0186593120189901
"[M] letters",-0.0186593197064902
"[M] tech",-0.0186618362340218
"[M] shure",-0.018661908035106
"[M] step",-0.0186647229839284
"[T] right mean",-0.0186868505586575
"[M] support community",-0.0186952049547813
"[T] open",-0.0187056182818962
"[M] sales",-0.0187190518287913
"[M] real symptoms",-0.0187364127529187
"[M] featured",-0.0187439367025381
"[T] movie",-0.0187741308958518
"[T] like having",-0.0187777091716423
"[T] funny",-0.0187796249789769
"[M] instead",-0.0187849475415106
"[T] bunch",-0.0187973413111011
"[M] extraordinary",-0.0188023946424414
"[M] finds",-0.0188150829160991
"[M] community",-0.0188163434027376
"[M] real life",-0.0188291548370727
"[M] mania depression",-0.0188331003669873
"[T] ones just",-0.018841576701574
"[T] medicate",-0.0188432694880378
"[T] self medicate",-0.0188434000236858
"[T] traits",-0.0188868212999816
"[T] cues",-0.0188881329020462
"[M] check youtube",-0.0188904397466567
"[M] common mental",-0.0189015063277566
"[T] mean autistic",-0.0189252432310114
"[T] come just",-0.0189426784297586
"[M] inform",-0.0189869344460141
"[M] levi joseph",-0.018989930023179
"[M] learningwithlevijoseph autism",-0.0189900163301869
"[M] learningwithlevijoseph",-0.0189900320238874
"[M] learning levi",-0.0189900477335951
"[M] disorder autismspectrumdisorder",-0.0189909119946206
"[M] autismspectrumdisorder learningwithlevijoseph",-0.0189925425098598
"[M] autismspectrumdisorder",-0.0189925599774374
"[T] like click",-0.0189957158043506
"[T] 12",-0.0190365349361534
"[M] symptoms depression",-0.0190387947153616
"[M] outside",-0.0190465423552214
"[M] bike",-0.0190564619557273
"[M] environments",-0.0190702231130071
"[M] silence",-0.0190855406686894
"[M] motivationalspeech",-0.0191005986536063
"[M] dailymotivation",-0.0191020201234797
"[T] certainly",-0.0191107662076406
"[M] schizoaffectivedisorder",-0.0191119239604605
"[M] seen",-0.0191303868894076
"[T] keeps going",-0.0191389534302286
"[M] brain function",-0.0191458952659727
"[M] veterans",-0.0191515342969649
"[M] schizophrenia schizophrenic",-0.0191939177454677
"[M] depression anxiety",-0.0192258674983774
"[M] episode",-0.0192345920013386
"[T] started looking",-0.0192664281579631
"[T] laundry",-0.0193180916147834
"[M] people think",-0.0193305560823253
"[M] wellness community",-0.0193312697510055
"[M] mentalwellnessspace com",-0.0193335242526183
"[M] mentalwellnessspace",-0.019333537621283
"[M] level https",-0.0193339179465472
"[M] join mental",-0.0193341242474214
"[M] https mentalwellnessspace",-0.019334525762374
"[M] education level",-0.0193351620621821
"[M] community mental",-0.0193369209955747
"[M] need mental",-0.0193564184309701
"[M] oil watch",-0.0193807014011309
"[T] student",-0.0194199087474183
"[T] writes",-0.0194378671827089
"[T] defined",-0.0194492013455899
"[M] http eepurl",-0.019476188281612
"[M] eepurl com",-0.0194764196437909
"[M] eepurl",-0.0194764212040763
"[T] conversations",-0.0194809484684423
"[T] experience don",-0.0194834615057696
"[T] lifetime",-0.0194881111663387
"[T] population",-0.0194882383708705
"[T] half",-0.0195126222289876
"[M] relevant",-0.0195321331467023
"[M] demand",-0.0195322485063971
"[T] going panic",-0.0195385321157949
"[M] worrying stress",-0.0195445989147249
"[M] thespeakmans like",-0.0195446544776142
"[M] uk conquering",-0.0195446857303476
"[M] eva",-0.0195447658501854
"[M] gl lgzxjw",-0.0195447668072846
"[M] happy dp",-0.0195447702633347
"[M] dp 1841883212",-0.0195447850197257
"[M] stress happy",-0.019544853706239
"[M] shares research",-0.0195449930662589
"[M] nik eva",-0.019545116910198
"[M] nik",-0.0195451247304967
"[M] lgzxjw",-0.0195453886082994
"[M] conquering anxiety",-0.0195458241241657
"[M] conquering",-0.0195458363582966
"[M] conquer anxiety",-0.019545848624353
"[M] channel tips",-0.0195458495639762
"[M] conquer",-0.0195458609227172
"[M] anxiety worrying",-0.0195459799648438
"[M] 1841883212",-0.0195460484987018
"[M] health experience",-0.0195528935110553
"[M] exploring",-0.0195569273545276
"[M] actor",-0.0195781466588151
"[M] com collections",-0.0196150818174703
"[M] bonus",-0.019615153693078
"[T] absolute",-0.0196215466043388
"[T] oh just",-0.0196356855481606
"[M] janine explains",-0.0196620725652386
"[T] watching tv",-0.0196664731022941
"[T] different",-0.0196774816866082
"[T] movies",-0.0196832559793911
"[M] selflove",-0.019711001502162
"[M] life",-0.019718311466894
"[T] school today",-0.0197341095064254
"[T] mom school",-0.019734514344946
"[M] fictional",-0.0197348638954058
"[M] janine asks",-0.019735932497091
"[M] tough",-0.0197480056831441
"[T] great day",-0.0197704284532446
"[M] practitioner",-0.0197872243154332
"[M] lifestyle tips",-0.0197980054049282
"[M] wonderful",-0.0198062623694319
"[M] shorts happy",-0.0198066926979601
"[M] let make",-0.0198068373243937
"[M] controlled",-0.0198106736263661
"[T] various",-0.0198198194200545
"[M] mini",-0.0198604836431087
"[M] shorts link",-0.0198715353008451
"[M] hesitate",-0.0198915613758585
"[T] paranormal",-0.0198985258240053
"[M] 19",-0.0199016031879809
"[M] goal setting",-0.0199195061970147
"[M] setting",-0.0199195694810687
"[M] suicideawareness",-0.0199346379461175
"[M] ideas",-0.0199454683921785
"[T] know oh",-0.0199614909767741
"[M] locked",-0.0199740228835559
"[T] currently",-0.0199802973398871
"[T] wondering",-0.0200055875730739
"[M] highlighting",-0.0200294315924585
"[M] ef",-0.0200324860528534
"[T] delusional",-0.0200327844930073
"[T] right like",-0.0200364420142013
"[T] surface",-0.0200495113633042
"[M] programs",-0.0201413278795726
"[T] presents",-0.0201459357282104
"[M] sigma",-0.0201476077192223
"[M] captivating",-0.020162482270264
"[M] staff",-0.0201827736384317
"[T] impaired",-0.0201892784338569
"[T] disorganized thinking",-0.0201904017354004
"[T] disorganized",-0.0201904851304605
"[M] forest",-0.0201910899134503
"[M] good times",-0.0201923006802177
"[M] fyp viral",-0.0201929271203667
"[M] foryoupage",-0.0201933307808622
"[M] discuss",-0.0202133978979388
"[M] moving forward",-0.0202270114958926
"[T] oh know",-0.0202374136732889
"[T] darker",-0.0202558696356948
"[M] www autismhacks",-0.0202591985610032
"[M] autismhacks net",-0.0202612645113204
"[M] autismhacks",-0.0202612781061316
"[T] style",-0.0203146429148206
"[T] don time",-0.0203238021449614
"[T] recovery",-0.0203247416542515
"[M] schools",-0.020328548331904
"[M] 10 years",-0.0203296497456109
"[M] bipolar bipolar",-0.0203303177757978
"[M] sub_confirmation check",-0.0203480250995973
"[T] looking",-0.0203585159839705
"[T] phd",-0.0203917826587702
"[T] town",-0.020429812422119
"[T] phrases",-0.0204510299148216
"[T] compulsive",-0.0204511767637341
"[T] major depressive",-0.0204530591663305
"[M] rogan experience",-0.020467847888826
"[T] personal",-0.0204758155454449
"[M] shorts signs",-0.0204948957301206
"[T] started making",-0.0204959493272243
"[T] occur",-0.0205004511309579
"[T] care mental",-0.0205028845928194
"[M] come",-0.0205141131093473
"[T] overwhelming",-0.0205207524390758
"[T] start doing",-0.0205213468566398
"[M] thank support",-0.0205280570554843
"[M] speakers",-0.0205501489947603
"[M] moment",-0.0205531912189857
"[M] absolutely",-0.0205638484917598
"[T] rough",-0.0205714159385518
"[T] love fun",-0.0205781302853031
"[M] cases",-0.0205862623021647
"[T] pastimes",-0.0205879090133166
"[M] fm",-0.0205974275429488
"[M] anchor fm",-0.0205983818994114
"[M] character",-0.0206021504821994
"[M] case",-0.020654339631362
"[M] bpd talk",-0.0206568687172965
"[T] depressed sad",-0.0206830593526662
"[M] associate",-0.0206848923812221
"[M] binge eating",-0.0206948830654282
"[M] binge",-0.0206949124766228
"[M] skin",-0.0207200343962952
"[T] brain works",-0.0207329503577739
"[T] disorder affects",-0.0207333948810806
"[M] developmental disability",-0.0207382272748005
"[T] develop",-0.0207386351563877
"[M] weightgain mentalhealth",-0.020744076796237
"[M] save",-0.020745886715854
"[T] like years",-0.0207468428485284
"[T] lot time",-0.0207755890403508
"[T] sweating",-0.0208016276645896
"[M] feel better",-0.0208077743768957
"[M] resource",-0.0208694009534571
"[T] punched",-0.0209011160233303
"[M] started",-0.0209021776506819
"[M] asked",-0.0209054265067412
"[T] psychotic disorders",-0.0209154828889011
"[M] pdf",-0.0209196628220111
"[T] ghost",-0.0209199412276748
"[M] evaluation",-0.0209215450601992
"[M] book free",-0.0209279054642704
"[T] help improve",-0.020928902164433
"[M] adhdrelief adhdproblems",-0.0209362757396112
"[T] difficulty",-0.0209425089826077
"[T] yep",-0.0209507195996109
"[T] foot",-0.0209684840683653
"[T] swear",-0.0209727640162397
"[M] register",-0.0209958563789649
"[M] schizophrenia hallucinations",-0.0210197422139275
"[M] symptoms treatment",-0.0210304707406181
"[T] favor",-0.0210608251110065
"[M] mentally healthy",-0.0210716002493673
"[T] dan",-0.0210840097207576
"[M] sense",-0.0210844603657058
"[T] box",-0.0211061482945138
"[T] notice ll",-0.0211334341206659
"[T] period time",-0.0211446906671063
"[M] autism help",-0.0211740646474435
"[T] maybe just",-0.0211823440698268
"[T] obviously",-0.0211830795719292
"[T] terrible",-0.0211908564626223
"[M] short video",-0.0212268792359873
"[M] languages",-0.0212271626636556
"[T] international",-0.021233965305393
"[T] non verbal",-0.0212371952743704
"[T] facial expressions",-0.0212423580273294
"[T] expressions",-0.0212424904203669
"[T] 13",-0.0212430982083071
"[M] peer support",-0.0212585473518341
"[M] peer",-0.0212585604012483
"[M] livingwellwithschizophrenia",-0.0212586639448765
"[M] crucial",-0.0212754055636089
"[M] personality",-0.0213033122510771
"[M] sized mental",-0.0213040485398367
"[M] quick bite",-0.0213048319371172
"[M] instagram quick",-0.0213066709040541
"[M] drtraceymarks want",-0.0213074762156694
"[M] drtraceymarks follow",-0.0213075024941044
"[M] com follow",-0.0213099099574886
"[T] love god",-0.0213232852682618
"[T] bunny",-0.0213395069134706
"[M] ad free",-0.0213418444698055
"[M] ad",-0.0213418518534962
"[T] disorder just",-0.021341902452058
"[T] like right",-0.0213586981461371
"[M] health mentalhealth",-0.0213762458927462
"[M] new",-0.0213767340149853
"[M] philosophy",-0.0214014561972967
"[T] like work",-0.021404000928617
"[M] obsessed",-0.0214080047467497
"[T] kind help",-0.0214180797806214
"[M] year old",-0.0214276093878148
"[M] infringement",-0.021442988271531
"[T] medication therapy",-0.0214586448361888
"[M] consistency determination",-0.0214614587519155
"[T] achieve",-0.0214633633021221
"[T] psychotic disorder",-0.0214682530174477
"[T] just getting",-0.0214878396952331
"[M] symptoms mental",-0.0214976137505718
"[T] use cannabis",-0.0215097363631869
"[T] products",-0.0215102221863699
"[T] number social",-0.021526559949368
"[T] released",-0.0215298704502605
"[T] player",-0.0215302650301862
"[T] school day",-0.0215327559502327
"[M] federal",-0.0215341301226164
"[T] think just",-0.0215345863251162
"[M] drjuliesmith website",-0.0215356840862289
"[M] drjulie facebook",-0.0215358216180077
"[M] dr_julie_smith tiktok",-0.0215358543398795
"[M] content https",-0.0215359963247622
"[T] day does",-0.0215718776798305
"[T] deficit disorder",-0.0215876663189365
"[T] experience like",-0.0216148161794019
"[T] key",-0.021633094773346
"[M] cost",-0.0216578278844502
"[M] hobbies shorts",-0.0216609395921748
"[M] hobbies",-0.0216609600102969
"[M] safety",-0.0216612758935283
"[M] serving",-0.0216819943821105
"[M] managing bipolar",-0.0216902277626445
"[M] video resonated",-0.0216923532644945
"[M] man",-0.0217317052495862
"[M] provides",-0.021748881645647
"[M] views opinions",-0.0217505729274201
"[M] enjoy content",-0.0217514967885323
"[T] gonna day",-0.0217740845191753
"[T] day gonna",-0.021774653793191
"[M] various",-0.0217839324764177
"[M] welcome",-0.0217896665315408
"[T] stresses",-0.0217927577186685
"[T] disorder don",-0.0218060855759233
"[T] days right",-0.0218075365631589
"[T] mean mental",-0.0218154590016777
"[T] particularly",-0.0218290735105524
"[T] place don",-0.0218437708049427
"[M] dha epa",-0.021845882773082
"[M] disorder don",-0.0218459760428826
"[T] tourette syndrome",-0.0218608581310831
"[M] fall",-0.02186234078616
"[M] minutes",-0.0218662867786725
"[T] yeah use",-0.0219253816902436
"[M] exposure",-0.0219305390615436
"[T] okay let",-0.0219427252106979
"[M] health illnesses",-0.0219472717996992
"[T] person life",-0.0219496383843442
"[T] left",-0.0219661151273144
"[T] just mean",-0.0219707249154717
"[M] button videos",-0.0219787791451544
"[M] causes symptoms",-0.0219797532371738
"[T] paranoid schizophrenic",-0.0219880071308259
"[T] cousin paranoid",-0.0219886323701168
"[T] cousin",-0.0219886597600309
"[M] hello",-0.021998793060726
"[M] eos",-0.0220265986839873
"[M] videos thank",-0.0220331015678285
"[T] pursue",-0.0220628733653315
"[T] away",-0.0220708975745924
"[M] uploads",-0.0220786507174801
"[T] actually trying",-0.0221310104065067
"[T] friendship",-0.0221322611673386
"[M] com website",-0.0221421955456634
"[M] wanted",-0.0221468670797981
"[T] losing weight",-0.0221491113579248
"[M] twitter http",-0.0221559101529752
"[T] stands",-0.0221584899566485
"[T] watching video",-0.0221594656122545
"[M] used video",-0.0221672773534045
"[M] latest",-0.0221673958783297
"[T] apart",-0.022170633987503
"[M] years ago",-0.0221916049387412
"[M] prevention",-0.0221936899777165
"[M] ago",-0.0221961074950127
"[M] gp",-0.0222094450348773
"[T] lesson",-0.0222101025771878
"[M] foods https",-0.0222114868566425
"[M] video new",-0.0222116403308035
"[M] watch zslz60lj1",-0.0222118620203241
"[M] zslz60lj1",-0.0222121259789559
"[M] new foods",-0.0222122910917068
"[M] overwhelmed",-0.0222237962817278
"[T] spreading",-0.0222260040562922
"[M] explaining",-0.0222327069074346
"[T] bed late",-0.0222331989496427
"[T] regulate",-0.0222506573040078
"[T] think twice",-0.0222567461553135
"[M] ee",-0.0222581374264102
"[T] supportive",-0.0222606621459191
"[M] linktr",-0.0222624369633463
"[M] linktr ee",-0.0222627985961643
"[T] work works",-0.0222813539506262
"[M] saying",-0.0223046344398575
"[M] comments section",-0.0223225312274797
"[M] youtubeshorts insights",-0.0223427231721131
"[M] wellbeing psychology",-0.0223429792321364
"[M] sciences fortis",-0.0223436377815211
"[M] sciences",-0.0223436716219763
"[M] psychology youtube",-0.02234369546853
"[M] psychiatrist department",-0.0223439804977925
"[M] prioritise wellbeing",-0.0223440796231368
"[M] prioritise",-0.0223441139495696
"[M] mindspace prioritise",-0.0223445589537205
"[M] mindspace",-0.0223445939524595
"[M] fortis healthcare",-0.0223461164550988
"[M] fortis",-0.0223461525659283
"[M] department mental",-0.0223473754805992
"[M] lyric",-0.0223491501931904
"[T] try explain",-0.0223608476014526
"[T] checking",-0.0223727079907607
"[T] oh way",-0.0223766416481119
"[M] watch music",-0.0224014813014662
"[M] music videos",-0.0224016679321422
"[M] finding",-0.0224024753486749
"[M] com jessiepaege",-0.0224026864535796
"[T] live ll",-0.0224162231795704
"[M] lies",-0.0224184149705411
"[T] ve depression",-0.0224283612450323
"[M] leading",-0.0224305587845132
"[T] big deal",-0.022445180618497
"[M] doesn mean",-0.0224896881186341
"[T] picking",-0.0224922062483081
"[T] emotional state",-0.0224975092468259
"[M] wear",-0.022501916441721
"[M] shorts tips",-0.0225029868105955
"[T] trying say",-0.0225052153194057
"[M] elevated",-0.0225096114203323
"[M] sudden",-0.0225152186067646
"[T] yeah like",-0.0225198475015335
"[M] individual",-0.0225231326680143
"[M] ytshorts viralshorts",-0.0225253044878284
"[M] youtubeshorts shortsfeed",-0.0225253680734088
"[M] viralshorts shortvideo",-0.0225258029740641
"[M] shortsyoutube shortsviral",-0.0225260797776062
"[M] shortvideo youtubeshorts",-0.0225261134359325
"[M] shortsvideo2023 ocd",-0.0225262157495058
"[M] shortsfeed shortsyoutube",-0.022526248843363
"[M] short ocd",-0.0225263586365363
"[M] ocdtreatment ocdtips",-0.0225264883254769
"[M] ocdtips mentalhealthawareness",-0.0225265840535871
"[M] ocdtips",-0.0225265987605542
"[M] ocdrecovery ocdtreatment",-0.0225266134756215
"[M] ocd ocdrecovery",-0.0225266908564793
"[M] ocd anxietyrelief",-0.0225267049144503
"[M] mentalwellness mentalillness",-0.0225270159284179
"[M] mentalillness anxiety",-0.0225270779636505
"[M] mentalhealthmatters mentalwellness",-0.0225271960904447
"[M] anxietytips anxietymeditation",-0.0225295534235451
"[M] anxietyrelief mentalhealth",-0.0225296144762407
"[M] anxietymeditation anxietydisorders",-0.0225296343743316
"[M] anxietymeditation",-0.02252964982983
"[M] anxietydisorders",-0.0225296706720473
"[M] mentalhealth schizophreniasupport",-0.0225346964948956
"[M] girl https",-0.0225347570444875
"[M] spanish https",-0.0225399561027027
"[M] spanish",-0.0225399571372886
"[M] eating disorder",-0.0225456310608881
"[M] lab",-0.0225545190063746
"[M] huberman lab",-0.0225549429950763
"[T] constantly",-0.022568164244395
"[M] therapy psychiatry",-0.0225814073379031
"[T] really didn",-0.022612112964344
"[T] really good",-0.0226324646937973
"[M] actuallyautistic autistic",-0.0226402970934927
"[T] polo",-0.0226689751159212
"[M] traumatic",-0.0227061066489877
"[M] new eat",-0.0227640389575554
"[M] benefit",-0.0227660368782948
"[M] counselling",-0.0227729184385951
"[T] person personality",-0.0227730342403473
"[M] know anxiety",-0.0227971216256643
"[M] don know",-0.0228008232225749
"[M] resident",-0.0228017825262643
"[M] psychiatry resident",-0.0228017937919621
"[M] md mba",-0.022802550671405
"[M] mba",-0.02280256710561
"[T] overly",-0.0228095179104882
"[T] health going",-0.022810560699134
"[T] science",-0.0228121817058472
"[M] health education",-0.0228167325357487
"[M] mental wellness",-0.0228268852229552
"[T] signs high",-0.0228343638707497
"[M] treatable",-0.0228427771296223
"[M] pre order",-0.022862593836141
"[M] stigma mental",-0.0228778825836795
"[T] mother",-0.0228852696668841
"[T] people doing",-0.0229013676147908
"[T] motor control",-0.0229200639947257
"[M] schizophrenia episodes",-0.02292678942438
"[M] authentic",-0.0229590806811162
"[T] worst things",-0.0229590956481095
"[M] direct",-0.022964774955594
"[M] currently",-0.0229729364427839
"[M] conversation",-0.0229929174115774
"[T] okay really",-0.0230007972611329
"[T] compounds",-0.023002026740622
"[T] appreciate",-0.0230086778259358
"[T] nation",-0.0230254034615219
"[T] hello yes",-0.0230325193776892
"[M] encouraging",-0.0230329595031815
"[T] health getting",-0.0230609295390531
"[T] doses",-0.0230647366139789
"[M] sign anxiety",-0.0230685654136405
"[M] video support",-0.0230709894098432
"[T] important thing",-0.0230864563890942
"[M] psychiatric",-0.0230876408132541
"[M] self help",-0.0230964105811236
"[T] months years",-0.0231038730836712
"[M] help https",-0.0231203574626167
"[T] 18",-0.0231275259131879
"[T] binge eating",-0.0231279872219458
"[T] butter banana",-0.0231330636657952
"[T] banana",-0.0231336178552717
"[T] held",-0.0231428003641458
"[M] nhs",-0.0231746932021299
"[M] vitatree vitamin",-0.0231836495516362
"[T] day actually",-0.0232032604998771
"[M] tag",-0.0232148803046494
"[T] like really",-0.0232318684251045
"[T] role",-0.0232344329046696
"[T] decision making",-0.0232439703308493
"[M] history",-0.0232458938750794
"[M] university school",-0.0232718439325757
"[M] stanford university",-0.0232720118759713
"[M] september 26",-0.0232721055447004
"[M] september",-0.0232721144220547
"[M] school medicine",-0.0232721168977937
"[M] professor department",-0.0232721356385867
"[M] neurobiology stanford",-0.023272472742474
"[M] huberman born",-0.0232728346891347
"[M] fields",-0.0232732717731948
"[M] 1975",-0.0232732929286094
"[M] 26 1975",-0.0232732936440986
"[M] 26",-0.0232733016003227
"[M] development brain",-0.023273444857102
"[M] department neurobiology",-0.0232735292794674
"[M] contributions",-0.0232738362381711
"[M] brain development",-0.0232739221671917
"[M] born september",-0.0232741288861234
"[T] areas brain",-0.0232742024526966
"[T] going okay",-0.0233054722409048
"[M] highly",-0.0233087660780754
"[T] felt like",-0.0233155696920817
"[M] longnshortofit",-0.0233286792241829
"[M] com shortnlongofit",-0.0233301985403565
"[M] com longnshortofit",-0.023330236587591
"[T] know time",-0.0233314865903677
"[T] thoughts feelings",-0.0233407759688964
"[M] awareness mental",-0.0233426482170772
"[T] antidepressant medication",-0.0233477456777949
"[T] sentences",-0.0233512180451461
"[T] way feel",-0.0233572809738077
"[M] adultadhd",-0.0233720295937896
"[M] disclosure",-0.0233741643091142
"[M] recommend",-0.023374744981359
"[M] editor",-0.0233749894792951
"[M] overlooked",-0.0233756132063729
"[T] effort",-0.0233991677406144
"[M] com store",-0.0234154471906349
"[M] hard time",-0.0234315218282138
"[M] bipolarawareness",-0.0234316026333861
"[M] shorts think",-0.0234579233865131
"[T] worldwide",-0.0234635316345042
"[T] millions people",-0.0234640445183197
"[T] millions",-0.0234640801768328
"[T] people worldwide",-0.0234644281275628
"[T] affects millions",-0.023466029239302
"[M] news stories",-0.0234785992838214
"[M] updated",-0.0234951134500833
"[M] date",-0.023500369356328
"[M] credit",-0.0235069794077671
"[M] ground",-0.0235184974937947
"[T] come mouth",-0.0235315184386321
"[T] pretending",-0.0235627160527295
"[T] grocery",-0.0235714753511679
"[T] know think",-0.0235871924413515
"[T] right know",-0.0235918333760769
"[M] chance",-0.0236031834649692
"[M] triggers today",-0.0236032170798056
"[M] today episode",-0.023603307823623
"[M] support networks",-0.0236034371869271
"[M] simon",-0.0236035781517324
"[M] shorts episode",-0.0236036292725569
"[M] reach support",-0.0236037123495338
"[M] networks seek",-0.0236039675730858
"[M] networks",-0.0236039826880152
"[M] men podcast",-0.0236044886628177
"[M] help cheers",-0.0236047918740341
"[M] episode reach",-0.0236050191733674
"[M] cheers simon",-0.0236052483277051
"[M] cheers",-0.0236052645683938
"[M] check shorts",-0.0236052905092193
"[M] talks",-0.0236161544362188
"[M] winter",-0.0236279916768991
"[M] pain",-0.0236621324205403
"[M] child",-0.0236639767997829
"[M] lead",-0.0236643650976242
"[M] notifications",-0.0236792601682038
"[T] served",-0.0236933825740007
"[T] heightened levels",-0.0237001404516896
"[T] heightened",-0.0237001488253128
"[T] athlete",-0.0237112821902066
"[T] daily life",-0.023711655978838
"[T] unfortunately",-0.0237148909101381
"[T] pray",-0.0237300885109286
"[T] parts",-0.0237414639241043
"[T] ve told",-0.0237505233542414
"[M] abuse",-0.023751518427298
"[M] asking",-0.0238226298898211
"[T] symptoms like",-0.0238256541791649
"[T] cats",-0.0238274871391038
"[T] huge",-0.0238459335223222
"[M] information check",-0.023845952692552
"[M] tips help",-0.0238659483644633
"[T] assignment",-0.0238714940523837
"[M] achieve",-0.0239280857380792
"[M] dsm",-0.0239357622550476
"[M] shorts stress",-0.0239413599579244
"[T] characterized",-0.0239798366572929
"[T] god don",-0.0239924424040135
"[T] ll pick",-0.0239938160020818
"[T] chest",-0.0239942847415943
"[T] expert",-0.0239997183354066
"[T] setting",-0.0240010906333423
"[T] christmas",-0.0240121472023277
"[T] couch",-0.0240259656247265
"[M] version",-0.024033816876681
"[T] mirror",-0.024038707562479
"[T] live bipolar",-0.0240461622621947
"[M] listen",-0.0240483737687628
"[M] autism family",-0.0240610889862961
"[M] shorts autism",-0.0240773195083241
"[M] boundaries",-0.0240783535333971
"[M] diagnose",-0.0240836914800494
"[T] tasks",-0.024092081954897
"[T] moods",-0.0240931560055821
"[T] intense",-0.0240935235833819
"[T] gain",-0.024094868090338
"[M] deal https",-0.0240949149705162
"[M] spring com",-0.0241141225061947
"[M] creator spring",-0.0241153297944979
"[M] creator",-0.0241153819117565
"[M] goals",-0.0241176060529577
"[T] steps",-0.024121819106537
"[M] area",-0.0241229762256507
"[M] med",-0.0241373443174805
"[M] adhd shorts",-0.0241499804625793
"[T] specialist",-0.02415054874598
"[T] embarrassing",-0.0241667751009139
"[M] specifically",-0.0241802116213833
"[M] behaviors",-0.0242074187450234
"[T] feeling worthlessness",-0.0242272102118184
"[M] intellectual",-0.0242346079642689
"[T] sorry",-0.024261203150438
"[M] anxiety https",-0.0242659604887596
"[M] podcaster",-0.0242917236290376
"[T] lasts",-0.0243040182177934
"[T] okay number",-0.0243235030044863
"[T] goal",-0.024337554574571
"[M] life better",-0.0243411546039352
"[T] starting",-0.0243487731839762
"[T] depression does",-0.0243522658849734
"[M] anxiety shortsvideo",-0.0243574683131331
"[T] probably heard",-0.0243623397296882
"[T] seven day",-0.0243756110379955
"[M] knowledge",-0.0243770297129921
"[M] 2020",-0.0243823191261987
"[M] bipolar1 bipolardisorder",-0.0243890773440796
"[M] bipolar1",-0.0243891227333326
"[M] bipolar bipolar1",-0.0243892467526648
"[T] talks",-0.0244194470329492
"[M] emergency",-0.024433562198144
"[T] ultimate",-0.0244369502614556
"[T] transformation",-0.0244370003586954
"[T] carrying",-0.0244651210067033
"[T] yeah okay",-0.0244679539630861
"[M] usually",-0.0244793020655762
"[M] debate",-0.024495754567808
"[M] video",-0.0245100130701899
"[M] earn",-0.0245165650741836
"[T] concerns",-0.0245229772849143
"[T] red green",-0.0245279398325022
"[T] skin",-0.0245302949825902
"[T] people play",-0.0245601079815367
"[T] free just",-0.0245815904091409
"[M] suffers mental",-0.0245851195821194
"[M] suffers",-0.0245851455705794
"[T] mad",-0.0246260440963671
"[M] loud",-0.0246437089779181
"[M] merch https",-0.0246552460528009
"[T] ashamed",-0.0246625099655727
"[M] loveyourself",-0.0246676260302867
"[T] researchers",-0.024673185435742
"[M] com fish",-0.0246735326022647
"[M] oil https",-0.0246740624109198
"[M] vitafish",-0.024674480711099
"[M] vitafish oil",-0.0246744809196314
"[M] vitatree vitafish",-0.0246747243990986
"[M] care provider",-0.0246773409672838
"[M] bed",-0.0246822743151098
"[M] whatsapp",-0.0246868384439367
"[T] hell",-0.0247078115235669
"[T] tries",-0.0247347067657554
"[M] mic",-0.0247544103072286
"[M] purpose",-0.0247549753568793
"[M] related",-0.0247708974715113
"[M] library",-0.0247811293444636
"[M] mental disorder",-0.0247822948612835
"[T] mood disorder",-0.0248012581287589
"[T] mix",-0.0248146135732004
"[T] waffles",-0.0248149434713558
"[T] day 10",-0.0248271598092783
"[T] quality",-0.0248371848987245
"[T] saying got",-0.0248475898400563
"[T] really feel",-0.0248626256742487
"[M] create videos",-0.0248974758336059
"[T] neuroscience",-0.0249295575942939
"[M] black",-0.0249420815115658
"[M] interests",-0.0249463817944014
"[T] refocus",-0.0249634595044073
"[T] equally",-0.0249884742829683
"[T] neglect",-0.0249978413040875
"[T] described",-0.0250011892275615
"[M] subscribe thanks",-0.0250069893277638
"[M] shorts schizophrenia",-0.0250087045782571
"[M] raise",-0.0250102527365962
"[M] profile",-0.0250295813521289
"[M] subscribe follow",-0.0250599680248639
"[T] visit",-0.0250790596185366
"[M] productivity",-0.0250819234446557
"[T] transform",-0.025086206734757
"[T] outer",-0.0250952487974479
"[T] child",-0.0250971001162859
"[M] live online",-0.0250994420178718
"[M] watch dr",-0.0251003897577309
"[T] heartbeat",-0.025104993480386
"[T] opinion",-0.0251106953540079
"[M] links studies",-0.0251124042592296
"[M] studies mentioned",-0.0251128655697049
"[M] selling",-0.0251165111490399
"[T] swing",-0.0251476739335349
"[T] saying need",-0.0251547999532917
"[T] wrote",-0.0251631153855127
"[T] diseases",-0.025163804048228
"[T] million people",-0.0251827159409676
"[M] quick",-0.0251895345615285
"[T] ground",-0.0251986892840625
"[T] swings",-0.0252019863849679
"[T] 21",-0.0252075770333773
"[T] just pray",-0.0252116198986601
"[T] allowing",-0.0252233724357338
"[T] rain",-0.0252245358198642
"[M] physically mentally",-0.0252442677841544
"[M] physically",-0.0252442753302566
"[T] negative things",-0.0252473222705519
"[T] nate",-0.0252587472021751
"[T] reduced",-0.0252842842371054
"[M] disorder mental",-0.0252858908479687
"[T] like fuck",-0.0252957590081491
"[M] hospital",-0.0252987761860883
"[M] comedian",-0.025308013332723
"[M] website http",-0.0253347731465734
"[T] want focus",-0.0253390874387258
"[T] don usually",-0.0253523868137937
"[M] sean",-0.0253602846985533
"[T] start looking",-0.0253725315088357
"[T] streets",-0.0253942408540198
"[T] washed",-0.0254142004490523
"[M] subscribe hit",-0.0254168478204535
"[T] just time",-0.0254239260253456
"[T] narrow",-0.0254313352605264
"[T] master",-0.0254460096553346
"[M] supply",-0.025447495737577
"[M] apple https",-0.0254670046954445
"[T] lord person",-0.0254796833346498
"[M] season episode",-0.0254929548323541
"[T] psychologist",-0.0254989648396502
"[T] soft",-0.0255259607945508
"[T] damage",-0.0255302299268418
"[M] help make",-0.025537470277443
"[T] sweater",-0.025568420334179
"[T] fry",-0.0255881338817626
"[T] removed",-0.0255883307023266
"[T] people work",-0.0255901992931819
"[M] ymmymta2m2y",-0.0255906634513494
"[M] igshid ymmymta2m2y",-0.0255924841898642
"[M] igshid",-0.0255924926864784
"[M] expert advice",-0.0256094441076908
"[T] editing",-0.0256144725332279
"[T] brand",-0.0256279378524436
"[T] actually look",-0.0256479389414838
"[M] comments",-0.0256530365733427
"[M] importance mental",-0.0256799570079953
"[T] quick need",-0.0256839748050232
"[T] decisions",-0.0257100113048834
"[M] live twitch",-0.0257132534536399
"[T] falling asleep",-0.0257277774047239
"[M] external",-0.0257375753876748
"[M] rode",-0.0257452074602287
"[T] illness mental",-0.0257477064811193
"[T] homework",-0.0257747087299541
"[T] life hard",-0.0257908439053458
"[T] main",-0.0257961163908613
"[M] extract",-0.0258280267648784
"[M] earned",-0.025839145660512
"[M] role",-0.0258685106184624
"[T] effect",-0.0258704027012329
"[T] expression",-0.0258789812527362
"[M] points",-0.0258813622621689
"[T] depressed mood",-0.0258824850992062
"[T] doubt",-0.025884731700433
"[T] stuck",-0.0258980752270603
"[T] shit went",-0.0259194051602764
"[T] regular people",-0.0259229124783946
"[M] active",-0.0259407062233952
"[T] doesn know",-0.0259494467888639
"[M] sure subscribe",-0.0259529695127494
"[T] today ve",-0.0259587019718111
"[M] seek help",-0.0259653987831828
"[T] bed",-0.0259675176078747
"[M] new year",-0.0259717199483093
"[T] think really",-0.0259747512170985
"[T] disorders like",-0.0259836792814572
"[T] eat day",-0.025999713741984
"[T] don ask",-0.0260103077809033
"[M] life way",-0.0260205587307825
"[M] com company",-0.0260208422765942
"[T] oh great",-0.026035508344279
"[M] subscribe youtube",-0.0260528006939581
"[T] representing",-0.0260754124704681
"[T] basketball",-0.0260876030651656
"[T] work right",-0.0260900740813218
"[T] lows",-0.0260902716353699
"[T] highs lows",-0.0260904482291636
"[T] highs",-0.0260904715648979
"[M] quality",-0.0260921418039585
"[M] podcast highlights",-0.02609417869153
"[M] highlights",-0.0260956960714999
"[T] felt way",-0.026120699850366
"[M] details",-0.0261248846762938
"[M] linked schizophrenia",-0.026139070171251
"[M] views",-0.0261431925121492
"[T] okay don",-0.0261432784984393
"[T] hey guys",-0.0261932239849435
"[M] favor fair",-0.0262284848178391
"[M] favor",-0.0262284914136386
"[M] balance favor",-0.0262300203854346
"[T] teacher",-0.0262305158503551
"[T] walking",-0.02623331341546
"[T] lack",-0.0262400729510988
"[T] asd autism",-0.0262427540850269
"[T] disorder developmental",-0.0262432330515728
"[T] developmental disability",-0.0262433123667797
"[T] developmental",-0.0262433378261304
"[M] code",-0.0262484330773756
"[M] jordanpetersonshorts",-0.026251447127385
"[M] health problems",-0.0262623080836483
"[T] studies",-0.0262623883910966
"[M] canadian",-0.026262812478824
"[T] intimate",-0.0262690411786785
"[T] beginning",-0.0262870602868013
"[T] complex",-0.0263280614968364
"[T] disappear",-0.0263398986306695
"[T] terms like",-0.026353014831906
"[M] bestselling author",-0.0263573640669053
"[T] anxiety day",-0.0263584599464021
"[M] shorts actuallyautistic",-0.0264007562888867
"[T] things say",-0.0264054461003392
"[T] tick",-0.0264274826223069
"[T] oatmeal",-0.0264582015069459
"[M] speaking",-0.0264648800426505
"[T] way just",-0.0264875851141123
"[T] social",-0.0264899318421857
"[T] things people",-0.026497080825631
"[M] notification",-0.0265224643590959
"[T] seasonal depression",-0.0265697439922378
"[T] seasonal",-0.0265697481317041
"[M] url https",-0.0265707819122524
"[M] url",-0.0265708170725208
"[M] honest",-0.0265997064361498
"[T] sunlight",-0.0266151477720887
"[T] natural sunlight",-0.0266157007285897
"[T] information available",-0.0266204725855834
"[M] release",-0.0266245106259882
"[T] said don",-0.026642166243097
"[T] life oh",-0.0266421962819019
"[T] youtube video",-0.0266611788077717
"[M] relaxing",-0.0266615064886339
"[T] essentially",-0.0266734170230848
"[T] raise",-0.0266737676072697
"[T] just needed",-0.0266749667459174
"[T] faced",-0.0266759276157493
"[T] judged",-0.0266804675701774
"[M] inspiring quotes",-0.0266818852953653
"[M] inspire",-0.0266866913595698
"[M] chat",-0.0266871640088127
"[T] time wind",-0.02669355892131
"[T] hours day",-0.0266978280162622
"[M] shorts tiktok",-0.0267075469375061
"[T] interesting videos",-0.0267126729204807
"[T] know need",-0.0267286384784529
"[T] 98",-0.0267339717932744
"[T] responding",-0.0267389725649096
"[T] thing know",-0.0267596026995293
"[M] postpartum",-0.0267843813716046
"[M] parts",-0.0267946265068819
"[T] people ve",-0.0267948645432203
"[M] illness depression",-0.0268126396091173
"[M] health condition",-0.0268206932397463
"[T] people really",-0.0268293981934818
"[T] don think",-0.0268385177960532
"[T] increasing",-0.0268413407256579
"[T] people want",-0.0268529046618049
"[T] nra",-0.0268535295579951
"[T] 24",-0.0268619377632672
"[T] cold",-0.0268727312590906
"[T] unexplained",-0.0268830713765349
"[T] addition",-0.0268864126204722
"[T] moment decide",-0.0268885595608434
"[T] needs hear",-0.0268916011739868
"[M] clear",-0.0268925440557863
"[M] sure like",-0.0268928559925477
"[T] saying like",-0.0268964631299797
"[M] instagram tiktok",-0.0269062762360572
"[M] casts",-0.0269162759173213
"[T] root",-0.0269178765834336
"[T] like little",-0.0269363642053354
"[T] possibly",-0.0269552417530205
"[M] response",-0.0269761203671875
"[M] consistency",-0.0269910698575704
"[M] follow socials",-0.0270156588186166
"[T] hey dr",-0.0270227142633792
"[M] share video",-0.027030219417653
"[T] using cannabis",-0.0270482544334948
"[M] shortsviral shortsvideo2023",-0.02704874064231
"[M] shortsvideo2023",-0.0270488221032723
"[T] adolescence",-0.0270521984240529
"[T] link",-0.0270585590792569
"[T] valid",-0.0270702120621783
"[T] schizophrenia hallucinations",-0.027081509193278
"[M] developmental",-0.027125475864242
"[T] doing drugs",-0.0271375763083238
"[T] severely depressed",-0.027141109620585
"[M] utf8",-0.0271417241389766
"[T] involved",-0.0271647414976724
"[T] recommend",-0.027164774634198
"[M] shorts trending",-0.0271773919710478
"[M] site https",-0.0271948873006687
"[T] use high",-0.0271979728982367
"[M] schizophrenic girl",-0.027207201164799
"[T] people love",-0.0272131204499748
"[T] life harder",-0.0272222131236843
"[T] clock",-0.0272246697870574
"[M] 40",-0.0272486349973678
"[M] mentalhealthawareness",-0.027306038507136
"[T] kill just",-0.027336481022705
"[M] repetitive",-0.0273389200234032
"[T] stepping",-0.0273519084356612
"[T] sleep habits",-0.0273607440209618
"[M] avoidant personality",-0.0273645540687832
"[M] avoidant",-0.0273646835327232
"[T] 27",-0.0273789226420577
"[T] sow",-0.0273793252595095
"[T] sees",-0.0273908429759892
"[T] 26",-0.0273928909696989
"[T] really depressed",-0.0273952699102895
"[M] mood disorders",-0.0273961354936712
"[T] good things",-0.0274006456171229
"[T] celebrate",-0.0274077687859532
"[M] steps",-0.027467369847089
"[T] compliment",-0.027479359823096
"[M] duly",-0.0274918670673189
"[T] disturbances",-0.0275008296863222
"[T] post",-0.0275027636553296
"[M] anxiety anxiety",-0.0275291029950949
"[M] schizophrenia know",-0.0275355632567994
"[T] turning",-0.0275407596219554
"[M] consulting",-0.0275490673166792
"[T] really does",-0.0275646960137441
"[M] interaction",-0.0275750953321799
"[T] need right",-0.0275783673861728
"[T] resistance",-0.0275862763448835
"[T] apologies",-0.0275960310710441
"[T] deficient don",-0.0276103976994342
"[T] people deficient",-0.0276110539958182
"[T] blind",-0.0276404332040148
"[T] disorder ve",-0.0276414669389277
"[M] haves",-0.027644761722636
"[T] life step",-0.0276458456631843
"[M] com theaspieworld",-0.0276462716496524
"[M] autism haves",-0.0276470387165831
"[T] understanding",-0.0276482452036034
"[T] valuable",-0.0276605913077173
"[T] physical symptoms",-0.0276631673044419
"[M] manage adhd",-0.0276632551362966
"[M] gmail",-0.0276665884196755
"[M] gmail com",-0.0276668266268905
"[T] toy",-0.0276790641036614
"[M] schizophrenicny mentalhealth",-0.0277179240708356
"[M] schizophreniasupport mentalhealthadvocate",-0.0277194561233956
"[T] just real",-0.02771949991795
"[M] schizophreniasupport",-0.0277195002630286
"[M] schizophreniaawareness psychosisawareness",-0.0277195444616628
"[M] schizoaffective schizophreniaawareness",-0.0277201200645563
"[T] realized oh",-0.0277312368704031
"[T] shopping",-0.0277364487863763
"[T] practices",-0.0277531253113753
"[T] violence",-0.0277566012433246
"[M] jessiepaege",-0.027766501269962
"[M] quotes shorts",-0.0277762032392254
"[T] increases",-0.0278158606435261
"[T] ill like",-0.0278195438040544
"[T] repetitive",-0.0278208521512432
"[T] hobbies",-0.027885098911328
"[T] miserable",-0.0278913706309159
"[M] school shorts",-0.0279017371122741
"[M] believing",-0.0279090880331797
"[M] guides",-0.0279204917375715
"[M] life short",-0.0279525801498555
"[M] went",-0.027954470358761
"[T] know depressed",-0.027964046873969
"[T] half hour",-0.027965178631623
"[T] content",-0.0279886114265604
"[T] social media",-0.028010707658961
"[M] tips deal",-0.0280268920079041
"[M] does mental",-0.0280362447643038
"[T] tell don",-0.0280402320003587
"[T] determined",-0.0280514360965138
"[M] com book",-0.0280523801753024
"[T] time spend",-0.0280551090017911
"[M] maintaining",-0.0280664256068431
"[M] stigma",-0.0280876259330909
"[T] word says",-0.0281077200945636
"[T] says anxious",-0.0281077569219758
"[T] daily basis",-0.0281194217385304
"[M] disclaimer",-0.0281274100929345
"[M] empower",-0.0281407782661225
"[M] taken",-0.0281573882965945
"[M] law",-0.0281893204187404
"[M] using triple",-0.0281952963161554
"[M] triple response",-0.0281956225885349
"[M] triple",-0.0281956448605448
"[M] response control",-0.0281960367832931
"[M] loop using",-0.0281966667752378
"[M] loop",-0.0281966878575922
"[M] latest book",-0.0281968182409767
"[M] discover break",-0.028197051281811
"[T] trying figure",-0.028197123873783
"[M] grab copy",-0.0281971374079155
"[M] free ocd",-0.0281973226525255
"[M] copy latest",-0.0281986067329462
"[M] control life",-0.028198673601712
"[M] break free",-0.0281987227999643
"[M] anxiety loop",-0.0281990032700239
"[M] subject",-0.0282119042446022
"[M] edited",-0.0282155780147462
"[T] negative stuff",-0.0282293401373632
"[M] adhd symptoms",-0.0282335745972102
"[M] motivate",-0.0282518747980127
"[M] symptoms anxiety",-0.0282720409002684
"[T] fresh",-0.0282811655244966
"[T] say oh",-0.0282852128417269
"[M] personally",-0.0282865875020336
"[M] mrbeast",-0.0283061409781489
"[T] stimming",-0.0283158402616269
"[M] free videos",-0.0283182154214743
"[M] server",-0.0283309157205706
"[T] sexual",-0.0283537308479168
"[M] express",-0.0283787568348228
"[T] program",-0.0283792542852814
"[T] saying hey",-0.0283793357393248
"[T] association",-0.028384346594974
"[M] cute",-0.0283865426388431
"[T] interactions",-0.0283997963845794
"[T] don worry",-0.0284099706511769
"[T] people autism",-0.0284134113241602
"[T] talking hands",-0.0284299171599361
"[T] life pray",-0.0284352919469765
"[T] right jesus",-0.0284360115698697
"[T] reasons feel",-0.0284524120499014
"[M] psychological",-0.0284622717861036
"[M] common symptoms",-0.0284665491600439
"[T] oh going",-0.0284789939385428
"[M] university",-0.0284893664479436
"[T] better right",-0.0285426850969442
"[T] islamic",-0.0285558400096339
"[T] depressive symptoms",-0.0285661274176209
"[M] bite sized",-0.028580944304854
"[M] bite",-0.0285809883973302
"[M] technique",-0.0285932239881456
"[T] approach",-0.028596553358916
"[M] political",-0.0286009463259033
"[M] june",-0.0286043793083271
"[T] 11",-0.0286050597565273
"[T] numbers",-0.0286156952945858
"[T] way dealing",-0.0286209678013721
"[T] going change",-0.0286265534853368
"[T] sleep",-0.0286285211934468
"[M] joy",-0.0286412831983472
"[T] manic",-0.0286466885617179
"[M] youtuber",-0.0286500035181903
"[T] screen pray",-0.0286734477418916
"[T] work way",-0.0286771969629525
"[M] ph",-0.028714717495899
"[T] humility",-0.028765877706328
"[T] symptom",-0.0287666348187617
"[M] prioritize mental",-0.0287896330056626
"[M] marinecorps",-0.0287996510406558
"[T] viewing",-0.0288152770647028
"[M] collections",-0.0288253294365465
"[T] ears",-0.0288502912180131
"[M] microphone",-0.0288712723667066
"[M] anxiety social",-0.0288733148175213
"[T] said said",-0.0288784283430589
"[M] shortnlongofit",-0.0289145935726573
"[T] looked like",-0.0289179252974872
"[T] loved ones",-0.0289288088822172
"[T] cream",-0.0289348355660663
"[M] provider",-0.0289512879667882
"[T] just somebody",-0.0289540672785777
"[T] actually doing",-0.0289576296399082
"[T] doing creating",-0.0289579613769128
"[T] don don",-0.0289606492974674
"[T] father wanted",-0.0289846400211527
"[T] follow prayers",-0.0289846440784914
"[T] bless follow",-0.028984881988001
"[T] anxiety pray",-0.0289850530051861
"[T] lift person",-0.0289859374815306
"[M] loves",-0.0289888024064161
"[T] just excuse",-0.0290110731434922
"[M] guys",-0.0290323781755085
"[T] soon",-0.0290390425518109
"[M] dealing depression",-0.0290727548680913
"[M] knows",-0.0290810131077639
"[T] route",-0.0291109581814878
"[M] lots",-0.0291285348404963
"[M] amazon com",-0.029133877440392
"[M] id",-0.0291492670109676
"[M] com feed",-0.0291711430951208
"[T] got people",-0.0291957262987533
"[T] burning",-0.029205644449968
"[M] hat",-0.0292165885093558
"[T] people having",-0.029218163387968
"[T] responsibility",-0.0292352191821414
"[T] number know",-0.0292449336488197
"[M] root",-0.0292469985187904
"[T] things really",-0.0292639202902767
"[M] upload",-0.0292666520241959
"[T] choosing",-0.0292718955170151
"[T] panic attack",-0.0292873514326038
"[M] d3 chewable",-0.0293037192858816
"[M] com vitamin",-0.0293039245385909
"[M] chewable",-0.0293039761669649
"[M] stress management",-0.0293583279429405
"[T] days feel",-0.0293605122879568
"[T] monday",-0.0293677966775541
"[T] forward",-0.0293828208620069
"[M] https pubmed",-0.0293886108109398
"[M] pubmed",-0.0293897562869413
"[M] pubmed ncbi",-0.0293897577280472
"[T] dinner",-0.029390301774827
"[M] epa",-0.0294041920409964
"[T] things just",-0.0294175838820315
"[M] images",-0.0294181876872995
"[T] things life",-0.0294190915010243
"[M] bsky",-0.0294263236470737
"[T] social activities",-0.0294283975710537
"[M] peterson talks",-0.0294346252531368
"[M] techniques",-0.0294360126354002
"[M] guests",-0.0294369637603073
"[M] thoughts feelings",-0.0294468327304835
"[M] cod",-0.0294561861367323
"[M] newsletter https",-0.0294613917876324
"[T] motivated",-0.0294800299262929
"[T] atypical",-0.0294957942603068
"[M] health care",-0.0294969075512475
"[T] nights",-0.0294977443311375
"[M] lawyer",-0.0295021695202974
"[M] usa https",-0.0295036969350754
"[M] usa",-0.0295037384791785
"[M] uk https",-0.0295038825823298
"[M] audiobook",-0.0295065842354693
"[M] clip",-0.0295092968096471
"[T] away lot",-0.0295135205743161
"[T] sixth",-0.0295442246537554
"[T] holy spirit",-0.0295559673709599
"[T] lies enemy",-0.0295559851346861
"[T] usually makes",-0.0295644248746357
"[T] satan gotten",-0.029564673838705
"[T] times past",-0.0295646851424594
"[T] satan",-0.0295647114387143
"[T] think usually",-0.029564751511478
"[T] rush bad",-0.0295647646737351
"[T] think immediately",-0.0295647920936229
"[T] makes think",-0.0295651470128014
"[T] making think",-0.0295652215476162
"[T] past making",-0.0295652552788539
"[T] immediately force",-0.029565889426885
"[T] gotten times",-0.0295660840993909
"[T] force rush",-0.0295663113503434
"[T] thing really",-0.0295854582129059
"[T] effectively",-0.0295875173142699
"[T] joe",-0.0295882366470034
"[T] journey",-0.0296257180988949
"[M] hate",-0.0296405201207305
"[T] auditory",-0.0296413858664169
"[M] good",-0.0296674452504054
"[M] conditions like",-0.0296776273775948
"[T] hurry",-0.0296907116648002
"[M] xx check",-0.0296978325182166
"[T] dreams",-0.0297072795854042
"[M] licensed",-0.0297089586944625
"[T] similar",-0.0297133180182532
"[T] makes sense",-0.0297199273795756
"[T] institution",-0.0297395155220347
"[T] ve taken",-0.0297653952652971
"[T] sandwich",-0.0297868389064626
"[T] butter sandwich",-0.0297893330034698
"[T] like eugenia",-0.0298153674782593
"[T] drawing",-0.0298262416749589
"[M] ton",-0.0298307284315752
"[M] contains",-0.0298338887173069
"[M] neurobiology",-0.0298789332812322
"[M] project",-0.029897414789159
"[T] hungry",-0.0299221168872361
"[T] group",-0.029945717152184
"[M] resonated",-0.0299748707136449
"[T] motor",-0.0299760933965106
"[T] intention",-0.0299784237057577
"[T] forth",-0.0299952193043736
"[T] nap",-0.0300024041321961
"[T] factor",-0.0300170811198968
"[T] life takes",-0.0300186726400369
"[T] just saying",-0.0300269973225138
"[T] know mental",-0.0300330913614457
"[M] definitely",-0.0300544067932735
"[M] motivation quotes",-0.0300549732723797
"[T] interview",-0.0300554069739808
"[M] rightful owner",-0.0300564316929996
"[M] rightful",-0.0300565085361556
"[M] regarding",-0.0300713781435628
"[T] acid",-0.0300729034006178
"[T] appetite",-0.0300735420477824
"[T] marked",-0.0300918309302944
"[T] vitamins",-0.0301320402645267
"[M] pre",-0.0301478633453517
"[T] things know",-0.0301537464109492
"[T] bit",-0.0301639522824648
"[T] experiential",-0.0301939055449567
"[T] feel way",-0.0302048576267393
"[T] binge",-0.0302258152914068
"[T] taste",-0.0302543682020139
"[T] backed",-0.0302767514222903
"[T] like trying",-0.0302811357120759
"[T] people problems",-0.0302997169969664
"[M] moving",-0.0303128644600667
"[M] facebook http",-0.0303211556369226
"[M] instagram http",-0.0303222646886599
"[M] destroy",-0.0303370516041283
"[M] article",-0.0303664895299471
"[M] stick",-0.0303701183845892
"[T] think people",-0.0303978508735793
"[M] disabilityawareness",-0.0304140628191516
"[T] cure autism",-0.0304371746213619
"[T] imagine feeling",-0.0304739015193453
"[T] repeat",-0.0304767932212914
"[M] close",-0.0304792911311835
"[M] doctor shorts",-0.0304914634715996
"[T] thought just",-0.0304939816235599
"[M] 30",-0.0305115577137408
"[M] worries",-0.0305288188690916
"[T] cause good",-0.0305314610620841
"[M] stanford",-0.0305421179496737
"[T] seriously",-0.0305422192512512
"[T] click",-0.0305524917756544
"[T] cognitive behavioral",-0.0305748481219415
"[T] behavioral therapy",-0.0305750986733542
"[T] rare",-0.0305823518895162
"[M] remember",-0.0305895682620035
"[M] mentalhealth bipolar",-0.0305928101723813
"[T] nerves",-0.0305938087953113
"[T] feel just",-0.0306164840358075
"[T] mean like",-0.0306170687618908
"[T] health crisis",-0.0306172861098541
"[T] like honestly",-0.0306334601677405
"[T] men don",-0.0306341214215266
"[T] ve far",-0.0306383505383513
"[M] gamer",-0.0306566528700887
"[T] feels like",-0.0307037002198303
"[T] nonverbal",-0.0307117705807405
"[M] viewers",-0.030725233557246
"[T] scenario",-0.0307313590151902
"[M] consult",-0.0307637594051982
"[M] dp",-0.0307947081316818
"[T] required",-0.0308332838428273
"[T] chose",-0.0308430469903141
"[M] signs autism",-0.0308475516939969
"[M] vm tiktok",-0.0308489271516185
"[M] vm",-0.0308489395627382
"[M] https vm",-0.0308493644384689
"[T] messages",-0.0308777066000704
"[T] need speak",-0.0308863996002517
"[M] shorts new",-0.0308917865287821
"[M] adhdcheck",-0.0309134913543089
"[M] forget like",-0.030962460794205
"[T] depression fatigue",-0.0309823098583432
"[T] areas",-0.0310166848092218
"[T] closed",-0.031043774595401
"[T] drinks",-0.0310511163962587
"[M] editing",-0.0310608225172147
"[M] think adhd",-0.0310637328908726
"[T] awful",-0.0310707925448713
"[M] md",-0.0310889258985667
"[T] moon",-0.0311028323541558
"[T] pop",-0.0311167466835527
"[T] brains",-0.0311229199664689
"[T] connect people",-0.0311296759821946
"[T] disorder",-0.0311390349447483
"[M] hacks",-0.0311404449902335
"[T] resources",-0.0311500799328938
"[M] high levels",-0.0311950246976442
"[T] say feel",-0.0312036923742602
"[T] avoidance",-0.0312107617103196
"[M] past",-0.0312172284002655
"[T] receive prayer",-0.0312490295742055
"[M] professor",-0.0312722561958316
"[T] amen",-0.0313078479766663
"[M] cptsd",-0.0313156973907042
"[T] park",-0.031322631962295
"[T] use time",-0.0313426197267408
"[M] health help",-0.0313547911421412
"[T] season",-0.0313580321492411
"[T] development",-0.0313620374258118
"[T] awake",-0.0313636199733287
"[T] schizophrenic",-0.031386603153368
"[M] works optimise",-0.031401345105846
"[M] www doctorjuliesmith",-0.0314015552508346
"[M] use daily",-0.0314015808379612
"[M] understand mind",-0.0314016447321123
"[M] things confidence",-0.0314017188125831
"[M] therapy psychology",-0.0314018703850098
"[M] share insights",-0.0314021421212031
"[M] research make",-0.0314022200190802
"[M] psychology research",-0.0314022260584929
"[M] psychologist share",-0.0314023686538937
"[M] mood anxiety",-0.0314025718318478
"[M] optimise mental",-0.0314026819937289
"[M] optimise",-0.031402702169841
"[M] motivation mood",-0.0314027124775891
"[M] drjuliesmith twitter",-0.0314027754546733
"[M] mind works",-0.0314027870640644
"[M] health cover",-0.0314027956046994
"[M] drjuliesmith clinical",-0.0314028117282458
"[M] forward chatting",-0.0314028173231091
"[M] free hit",-0.031402965640079
"[M] drjulie",-0.0314029743846058
"[M] dr_julie_smith",-0.0314030173951519
"[M] doctorjuliesmith com",-0.0314030506056163
"[M] look forward",-0.0314030597662255
"[M] doctorjuliesmith",-0.0314030754116608
"[M] life understand",-0.0314031452226071
"[M] make use",-0.0314031607068109
"[M] insights therapy",-0.0314034262509582
"[M] cover things",-0.0314042285022186
"[M] cover",-0.0314042555976571
"[M] confidence motivation",-0.03140429393154
"[M] chatting comments",-0.0314044578426144
"[M] chatting",-0.0314044871979617
"[M] com drjulie",-0.0314045110172425
"[M] com dr_julie_smith",-0.0314045376982472
"[M] identify",-0.0314051704353245
"[T] questions",-0.0314445071433185
"[M] originally",-0.0314772683196465
"[T] location",-0.0314882054064717
"[M] seriously",-0.0314889227922518
"[M] situation",-0.0315074852173802
"[M] disorder ocd",-0.031508525313769
"[M] local",-0.0315150240178299
"[M] treatment symptoms",-0.0315376928095258
"[M] want consider",-0.0315377329174608
"[M] symptoms licensed",-0.0315381777291432
"[M] shorts disclaimer",-0.0315388630919896
"[M] professional page",-0.0315394845405187
"[M] page medical",-0.0315400095214328
"[M] medical professional",-0.0315402727231393
"[M] licensed medical",-0.0315408715805734
"[M] disclaimer want",-0.0315426634601128
"[M] consider diagnosis",-0.0315433325246421
"[T] makes really",-0.0315504754239508
"[T] problematic",-0.0315607986257943
"[M] simple way",-0.0315697847307983
"[M] 0s",-0.0315740026371146
"[M] store https",-0.0315919066972851
"[T] pause",-0.03164287411362
"[T] trouble",-0.0316819113108492
"[M] shorts copyright",-0.0316930642881673
"[T] extra",-0.0317007989587161
"[T] pieces",-0.0317053270641274
"[T] yes ll",-0.0317149842627664
"[M] 100",-0.0317185402394313
"[M] aware",-0.0317209955313091
"[T] just kind",-0.0317534575504578
"[M] spring",-0.0317556273624861
"[T] got kids",-0.0317615310125556
"[T] public health",-0.0317618297395262
"[M] 00",-0.0317733709800579
"[T] distinct",-0.0317871418897123
"[T] like subscribe",-0.0317874687541955
"[M] world mental",-0.0317996415900235
"[M] generated",-0.0318035059935915
"[T] holidays",-0.0318349751382827
"[T] tested",-0.0318371614548076
"[M] deal anxiety",-0.0318600334418194
"[T] person doesn",-0.0318669839743514
"[T] different ways",-0.0319133294599375
"[T] body",-0.0319241085688882
"[T] yeah love",-0.0319430484751197
"[M] opportunities",-0.0319453956291672
"[M] opportunity",-0.0319491524726498
"[T] enormous",-0.0319541114916647
"[T] breaths",-0.0319795226968852
"[T] deep breaths",-0.0319795767442154
"[T] commit suicide",-0.0319883397570065
"[T] commit",-0.0319883484769892
"[T] people commit",-0.0319886124963665
"[T] follows",-0.0320035540681045
"[T] manifestation",-0.0320117129628678
"[T] health condition",-0.0320347127329834
"[T] adolescents",-0.0320456969565652
"[M] mental illnesses",-0.032057052401243
"[T] decision",-0.0320610163790751
"[T] deficit",-0.0320763593754257
"[T] attention deficit",-0.0320772193468637
"[M] sized",-0.0321031246781586
"[T] gap",-0.032116995708194
"[T] prepared",-0.0321334722517919
"[T] popular",-0.0321705821094599
"[M] qanda shorts",-0.0321888071349176
"[M] qanda",-0.0321888726317424
"[M] psychosisawareness mentalhealthmatters",-0.0321889395789272
"[M] psychosisawareness",-0.0321890052997079
"[M] psychologyfacts qanda",-0.0321890847665882
"[M] mentalhealthmatters mentalhealthawareness",-0.0321910732357015
"[M] mentalhealthawareness inspiration",-0.032191262369789
"[M] mentalhealthadvocate schizoaffective",-0.0321913679548563
"[M] depressionawareness anxietyawareness",-0.0321919092064603
"[M] inspiration depressionawareness",-0.0321921431119901
"[M] emotion",-0.0321931174347917
"[M] anxietyawareness psychology",-0.0321950437599701
"[T] stay away",-0.0322174630111211
"[T] instability",-0.0322251274784912
"[M] influencers",-0.0322536091752118
"[M] celebrities",-0.0322559829608077
"[M] google com",-0.0322590666896908
"[T] going going",-0.0322752225275525
"[M] snapchat",-0.0322790565657386
"[T] feelings time",-0.0322801593844275
"[T] living bipolar",-0.0322999855174107
"[T] signs indicate",-0.0323486877443976
"[T] indicate",-0.0323495731999602
"[T] predisposition",-0.0323746037427957
"[M] pinterest com",-0.0324052065077487
"[T] heart rate",-0.0324135694896508
"[M] helpful",-0.0324186896789491
"[M] guidance",-0.0324241282811557
"[M] 18",-0.032429877859591
"[M] neuroscientist",-0.0324590845272418
"[T] logical",-0.0324767642892584
"[T] memory",-0.0324769346921492
"[M] felix",-0.0324770937579217
"[M] laugh",-0.0324797109843697
"[M] public",-0.0325058651072888
"[M] com https",-0.0325255971349778
"[T] verbal",-0.0325650212644937
"[T] like tell",-0.0325829136577011
"[T] high concentration",-0.0325845249498309
"[M] cause anxiety",-0.0325930035934529
"[M] magazine",-0.0326077583606174
"[T] ah",-0.0326331270573106
"[T] asd",-0.03265861617109
"[T] health awareness",-0.0326693068202472
"[T] awareness",-0.0326701483407562
"[T] helpful",-0.03268215646343
"[M] lyrics",-0.0327012025309829
"[M] associated",-0.0327116386679134
"[T] ruminating",-0.0327510669815257
"[T] commitment",-0.0327668612336867
"[T] haircut",-0.0327891475837918
"[T] weird",-0.0327970238924258
"[T] avocado",-0.0328025670699004
"[M] blacklivesmatter",-0.0328030736838576
"[T] intelligence",-0.032808920011454
"[M] guest",-0.0328096840202179
"[T] environments",-0.0328119744911286
"[T] think ve",-0.0328284358972737
"[T] toast",-0.0328599764781222
"[T] paper",-0.0328677458356953
"[M] changes",-0.0328836471054147
"[T] views",-0.0329162675218471
"[T] like doing",-0.0329227078286533
"[T] degree",-0.0329229263974541
"[T] business",-0.0329333428942694
"[M] shorts addiction",-0.0329360695294946
"[T] obsessive",-0.0329567494242038
"[M] motivational video",-0.0329592451181062
"[M] sentence",-0.0329663920165981
"[M] https kit",-0.0329670753673016
"[T] likelihood",-0.0329733540370955
"[M] hallucination",-0.0329743717923964
"[M] course https",-0.0329866734661239
"[M] com download",-0.0330065696252774
"[M] think depression",-0.0330071125985751
"[M] growing",-0.0330421335030224
"[T] warning signs",-0.0330498236726246
"[T] ugh",-0.0330546053441615
"[T] kill kill",-0.0330563445218823
"[T] opportunity",-0.0330656265469685
"[T] suffer mental",-0.0330718351041799
"[M] season",-0.0330720719583553
"[M] thespeakmans follow",-0.0330919896305492
"[M] jakegoodmanmd",-0.0330937290942687
"[M] com jakegoodmanmd",-0.0330957219377405
"[M] marijuana",-0.0331089870494658
"[T] encourage",-0.033114364984137
"[M] says mental",-0.0331193724082014
"[M] worrying",-0.0331422339124587
"[T] tips",-0.0331595129517464
"[M] video channel",-0.0332045412438656
"[M] america",-0.0332084862257476
"[T] war",-0.0332099897660851
"[M] duty",-0.0332099920932648
"[T] life comes",-0.0332101222114319
"[T] holds",-0.0332105855808274
"[T] really don",-0.033221760013418
"[M] spectrum disorder",-0.0332295138014168
"[T] flag",-0.0332656587302851
"[T] let talk",-0.0332834979702716
"[T] body aches",-0.0333230710495266
"[M] games",-0.0333359540292133
"[T] harm",-0.0333372640873704
"[M] creative",-0.0333493697495626
"[T] enemy",-0.0333578709691968
"[M] despair",-0.0333598931569372
"[T] built",-0.0334000038506102
"[T] haters",-0.0334139085933149
"[M] www twitch",-0.0334217072733628
"[T] hour",-0.0334351484285564
"[T] change brain",-0.0334726117588791
"[T] americans",-0.0334873863934858
"[M] struggles",-0.0334936834263323
"[T] castle",-0.0335156616821222
"[T] difficult situations",-0.0335332004783373
"[T] explaining",-0.0335418707126574
"[M] video video",-0.033547677826317
"[T] dealt",-0.0335821595212351
"[T] dealt mental",-0.0335821672201649
"[M] adult",-0.0335961003701291
"[M] blessings",-0.0336166666823941
"[T] facts",-0.0336225042827984
"[T] like love",-0.0336370910074158
"[M] bpd borderline",-0.0336566121910034
"[T] make things",-0.033662362423873
"[T] people didn",-0.0336739016968226
"[M] amazon uk",-0.0336776824305011
"[T] god heal",-0.0336850902743436
"[T] toxic",-0.0337133792424719
"[T] objective",-0.0337321033704609
"[M] tiktoks",-0.0337660510708558
"[M] youtube youtubeshorts",-0.0337732072641336
"[T] pink",-0.0338083937003892
"[T] communication skills",-0.0338138035786507
"[T] gonna forever",-0.0338461506852328
"[M] distracted",-0.0338485906495616
"[T] health number",-0.033853705921537
"[T] fish oil",-0.0338537922357943
"[T] oil supplement",-0.0338545108433252
"[T] oil",-0.0338545366573708
"[T] disability",-0.0338930101922496
"[T] emails",-0.0339011583681118
"[T] computer",-0.0339063602218741
"[M] program",-0.0339065783588945
"[M] check website",-0.0339086183071942
"[T] feed",-0.0339239068306529
"[M] dreams",-0.0340185409116927
"[T] quite time",-0.0340311618750754
"[M] figure",-0.0340764506795645
"[T] way people",-0.0340818071152127
"[M] shorts don",-0.0340827318813701
"[T] autism like",-0.0340938527986734
"[M] subtle",-0.0340961712886882
"[T] food fuck",-0.0341208093872508
"[T] fine fine",-0.0341310641396804
"[M] activity",-0.0341397980474836
"[M] baby",-0.0341575036543454
"[M] anxiety relief",-0.0341675459575577
"[M] fyp fyp",-0.0341896265965794
"[T] ability focus",-0.0342037118627487
"[T] affect",-0.034208061696913
"[T] hidden",-0.0342114953132185
"[M] bringing",-0.0342122090893051
"[T] everyday",-0.0342159223533082
"[T] pull",-0.0342287021460143
"[T] like brought",-0.0342498057710832
"[M] hope enjoy",-0.0342500878683678
"[T] don understand",-0.0342581812547014
"[M] smile",-0.0342624584907291
"[M] assessment",-0.0342910343885803
"[T] claims",-0.0343039804844455
"[T] valued supported",-0.0343186618106138
"[T] valued",-0.0343186966514436
"[T] supported",-0.0343188997493388
"[T] 2022",-0.0343244212418713
"[T] respond",-0.0343325507888766
"[T] joined",-0.034337306567956
"[T] consider",-0.0343440592123245
"[T] twitch",-0.0343556266198656
"[M] dysphoria",-0.0343636959149512
"[T] clean house",-0.0343826484126613
"[M] anxiety panic",-0.0344124789613824
"[T] shutting",-0.0344240423029744
"[T] pray right",-0.0344248469049966
"[M] living bipolar",-0.0344264638294741
"[T] loves",-0.0344570684081302
"[M] relate",-0.0344728462929593
"[M] post daily",-0.0344805024982987
"[M] smoking",-0.0344896940613254
"[M] jeremy",-0.034495390873266
"[T] bomb",-0.0344978079174955
"[M] clips",-0.0345133406444189
"[T] gonna fine",-0.0345139038109563
"[T] whatsoever",-0.0345689884094356
"[M] talk mental",-0.034585727815141
"[T] let just",-0.0346129540803229
"[M] immediately",-0.0346255940089984
"[T] oh goodness",-0.0346258432883202
"[T] goodness",-0.0346273123566136
"[M] career",-0.0346388758053009
"[T] health stuff",-0.0346585197811622
"[T] walks",-0.0346686190475428
"[M] pro",-0.0346865647806506
"[T] fall asleep",-0.0346993850849048
"[T] ain",-0.0347307767259526
"[T] challenge",-0.0347346534570499
"[M] ncbi nlm",-0.0347384906531295
"[M] ncbi",-0.0347384936052541
"[M] nlm nih",-0.0347385252287227
"[M] nlm",-0.0347385280290486
"[T] germany",-0.0347404170365941
"[T] facial",-0.0347558599462368
"[T] interaction",-0.0347631460255948
"[M] inspiration",-0.0347783841616795
"[M] diagnostic criteria",-0.034779565267275
"[T] rates",-0.0347839150084894
"[T] just gotta",-0.03479300868464
"[T] easier",-0.0347980283268485
"[T] pay",-0.034800425590147
"[M] likes",-0.0348197577576494
"[M] video ll",-0.0348394015516729
"[T] ve learned",-0.0348489527498923
"[M] shorts struggling",-0.0348634006607811
"[T] deliver",-0.0348754585130678
"[T] healer",-0.0348996034922493
"[T] dying",-0.034901611090334
"[T] factors",-0.0349076272533538
"[T] misunderstood",-0.0349099594299354
"[M] independence",-0.0349355270135265
"[T] compulsion",-0.0349434486890617
"[T] available",-0.034947552239759
"[M] check episode",-0.0349782239056859
"[M] schizophrenic michelle",-0.0349803259920456
"[M] hammer founder",-0.0349851380240055
"[M] founder schizophrenic",-0.0349856012889762
"[T] teach",-0.0350141198498678
"[M] having ocd",-0.0350640626584967
"[T] needed",-0.0350993225513098
"[M] ocdrecovery",-0.0351438237023872
"[M] mentality",-0.0351475716424922
"[T] creation",-0.0351579937865002
"[M] d3",-0.0351787814493327
"[M] vitamin d3",-0.0351803919091501
"[M] management",-0.0352067125799705
"[T] 19",-0.0352664823325851
"[M] mentalhealthawareness mentalhealth",-0.0352822690154049
"[T] intrusive thoughts",-0.0353027658884923
"[T] know really",-0.035316803481725
"[T] winning",-0.0353231273560709
"[M] ways",-0.0353610391796228
"[T] public speaking",-0.0353688216529533
"[T] jordan",-0.0353695494641615
"[T] buying",-0.0353863765685021
"[T] didn want",-0.0354249234395547
"[T] hello hello",-0.0354284474674652
"[T] wrong don",-0.0354311761075294
"[T] things happening",-0.0354545503654971
"[T] eggs",-0.0354743023075033
"[T] having panic",-0.0354823406074779
"[T] completely",-0.0354885785646696
"[T] way know",-0.0355021455792809
"[T] people use",-0.0355099743411321
"[M] artist",-0.0355107652908621
"[M] shorts ready",-0.0355395040926034
"[M] degree",-0.0355401979922554
"[T] worth",-0.0355422860387585
"[M] life make",-0.0355453822406355
"[M] single day",-0.0355459350303658
"[M] medical condition",-0.0355547564518823
"[T] wow",-0.0355599820037904
"[M] main channel",-0.0355779758222557
"[T] tree",-0.0355836638287457
"[M] navy",-0.0356093319055365
"[M] reads",-0.0356104834459864
"[T] don right",-0.0356212072198592
"[M] crew",-0.0356710428724572
"[M] empowering",-0.0356834373136837
"[T] generations",-0.0356840955475982
"[T] past generations",-0.0356845321012742
"[T] burned",-0.0356943148539224
"[T] away let",-0.035758153310047
"[T] linked",-0.0357733856822092
"[M] journey",-0.0357802527513924
"[T] make think",-0.0357841074860803
"[M] 90",-0.0357864737556121
"[T] educated",-0.0357934786366243
"[T] track",-0.0358061393966224
"[T] average",-0.0358062852516043
"[T] continuum",-0.0358075702481694
"[T] relate",-0.0358281285669022
"[T] legs",-0.0358301448269003
"[T] meantime",-0.0358353693069298
"[T] chronically",-0.0358627994196165
"[T] active",-0.0358759097975684
"[T] write",-0.0359130262552554
"[T] deficiency",-0.0359147669430275
"[M] disney princess",-0.0359177612580443
"[T] god just",-0.0359695382240738
"[T] added",-0.0359750268770522
"[M] period",-0.0359959806238513
"[T] ancient",-0.0360059697156043
"[T] right support",-0.036045237547886
"[T] happening",-0.0360542259885053
"[T] people understand",-0.0360563854911198
"[T] anxiety want",-0.0360592576790149
"[T] evidence",-0.0360708334471399
"[M] drtraceymarks",-0.0360767823172157
"[M] com drtraceymarks",-0.03608086528079
"[T] laptop",-0.0360844935783425
"[M] depression people",-0.0360990864950921
"[T] blow",-0.0361175989685846
"[T] grounding",-0.0361255495650397
"[M] agoraphobia",-0.0361540286543229
"[M] father",-0.0361582532757891
"[M] major depressive",-0.0361662885738721
"[T] routine",-0.036194825842094
"[M] allow",-0.0361992760407985
"[M] losing",-0.0362134769299252
"[M] soul",-0.0362290086205883
"[T] arrested",-0.0362292161882959
"[M] youtubeshorts shortsvideo",-0.0362490117601694
"[T] attacks anxiety",-0.0362662182127679
"[T] god pray",-0.0363075849975004
"[T] stage",-0.0363441532377494
"[T] hurts",-0.0363444808224727
"[M] www beacons",-0.0363601478933732
"[T] supplement follow",-0.0363738542922235
"[T] impulsive",-0.0363758890121555
"[M] io",-0.0363960492734803
"[T] vs",-0.0364159471088466
"[M] youtu kds9hxgnyxw",-0.0364205945436179
"[M] whyamianxious com",-0.036420617439464
"[M] videos help",-0.03642066496826
"[M] whyamianxious",-0.0364206655218831
"[M] videos getting",-0.0364207139779439
"[M] weekly phone",-0.0364207445143852
"[M] video click",-0.0364207800304951
"[M] want start",-0.0364207907506169
"[M] weekly don",-0.0364207927595022
"[M] video chat",-0.0364208293049513
"[M] ve researched",-0.0364209227533091
"[M] use link",-0.0364210738612079
"[M] upload weekly",-0.0364211137027992
"[M] topics bipolar",-0.0364213530129924
"[M] therapist meet",-0.0364215139399871
"[M] therapy convenient",-0.0364215436501601
"[M] start therapy",-0.0364218899069923
"[M] sponsor betterhelp",-0.0364219258246068
"[M] specific personal",-0.0364220985997481
"[M] service watch",-0.0364223476057206
"[M] send daily",-0.0364224473234707
"[M] review service",-0.0364228431606816
"[M] researched referral",-0.0364229503723125
"[M] researched",-0.036423002258749
"[M] relationships personal",-0.0364230618746857
"[M] relationship doctor",-0.0364232010445726
"[M] referral commission",-0.0364233348920611
"[M] real licensed",-0.0364234493083874
"[M] question does",-0.0364235834345653
"[M] purposes intended",-0.0364236922676438
"[M] prepare discussion",-0.0364237602000478
"[M] personal medical",-0.0364240981779703
"[M] option ve",-0.036424532114896
"[M] option sponsor",-0.0364245853104081
"[M] month https",-0.0364248464797369
"[M] monthly fee",-0.0364249072913636
"[M] miss video",-0.036425002783328
"[M] messages review",-0.0364251669118101
"[M] meet weekly",-0.0364253423391127
"[M] licensed therapist",-0.0364257721974768
"[M] kds9hxgnyxw use",-0.0364261272679011
"[M] kds9hxgnyxw",-0.0364261822100887
"[M] intended specific",-0.0364265096053687
"[M] information channel",-0.0364266183321502
"[M] improvement upload",-0.0364266708973249
"[M] improvement channel",-0.0364267259347374
"[M] help prepare",-0.0364267261098268
"[M] http whyamianxious",-0.0364267660897467
"[M] gl dfft33",-0.0364273046115532
"[M] getting answers",-0.0364274312185171
"[M] fee real",-0.0364277742034491
"[M] fee",-0.0364278323631292
"[M] drmarks option",-0.0364282565488396
"[M] drmarks monthly",-0.0364283148834732
"[M] doctor videos",-0.036428699512005
"[M] disorders attention",-0.0364290410661479
"[M] disorder major",-0.0364292131678018
"[M] discussion doctor",-0.0364297013553405
"[M] discuss topics",-0.0364298059614318
"[M] discount month",-0.0364298994074985
"[M] disclaimer information",-0.0364300437414578
"[M] dfft33 disclaimer",-0.0364301567178707
"[M] dfft33",-0.0364302180760323
"[M] development self",-0.0364302793620924
"[M] deficit disorder",-0.0364312073137675
"[M] convenient affordable",-0.0364316414712684
"[M] convenient",-0.036431705173201
"[M] commission sign",-0.0364317993251487
"[M] comments question",-0.0364319279237665
"[M] chat send",-0.0364323989790662
"[M] channel educational",-0.0364325478559729
"[M] channel discuss",-0.0364326146531509
"[M] betterhelp https",-0.036433695196359
"[M] answers comments",-0.0364344708787052
"[M] affordable option",-0.0364349512578627
"[M] affordable",-0.0364350218516714
"[M] advice watching",-0.0364350980181321
"[M] adhd relationships",-0.0364351364566277
"[M] 10 discount",-0.0364354858660622
"[M] feeling",-0.0364948985336612
"[T] let pray",-0.0364997301805916
"[T] exactly just",-0.0365210235278003
"[T] receptors",-0.0365253379769769
"[M] neuroscience shorts",-0.0365317446920393
"[T] capable",-0.0365353779992021
"[T] medicated",-0.0365660966549141
"[M] drive",-0.0365967997280584
"[M] idea",-0.0366035343701775
"[M] feel free",-0.0366266052919448
"[M] anxiety bipolar",-0.036629463317007
"[M] global",-0.036631900532677
"[T] lies",-0.0366338863799493
"[T] engage",-0.036690325569693
"[T] bathroom",-0.036709905028088
"[T] know feel",-0.0367130314311169
"[M] note",-0.0367315471189167
"[T] hopefully",-0.0367524566039576
"[M] chronicillness",-0.0367602335035971
"[M] depression mental",-0.0367617867700489
"[T] changes",-0.0367736190949846
"[T] ask help",-0.0367775461837415
"[T] mm",-0.0367820467048421
"[T] anxiety disorder",-0.0367882250054323
"[M] jre joerogan",-0.0368225935818466
"[T] health day",-0.0368306559674211
"[M] anxiety look",-0.0368449624726954
"[T] shape",-0.036859892836118
"[M] edrecovery",-0.0368770832760558
"[T] like feel",-0.0368803009437637
"[M] mindfulness",-0.0368909840657448
"[T] don like",-0.0369225375770194
"[M] 02",-0.0369777409253067
"[M] behavioral",-0.0369893391475503
"[T] guide",-0.0370233195289256
"[T] dropping",-0.037024880078948
"[T] unless",-0.0370364549035608
"[T] identify",-0.0370604237468673
"[M] adhdprobs adhdproblems",-0.0370625681787646
"[M] adhdprobs",-0.0370629696619004
"[M] fyp anxiety",-0.0370662066583479
"[M] cognitive",-0.0370682275625837
"[T] episode",-0.0370820968908063
"[T] quiet",-0.037100167731941
"[T] noticed",-0.0371117490158433
"[M] personal growth",-0.0371125939429156
"[T] sh",-0.0371535593780335
"[M] falls",-0.0371585043335356
"[T] peace jesus",-0.0371925325996465
"[M] explained shorts",-0.0371959306298265
"[M] emotions",-0.0372170322597159
"[M] diagnosis treatment",-0.037224790860199
"[M] autismcommunity",-0.0372361697140841
"[T] university",-0.0372619217883539
"[T] oh okay",-0.0372704144854942
"[M] affirming",-0.037292270319433
"[M] theaspieworld autism",-0.0373289312478097
"[M] say",-0.0373544894809964
"[M] turn",-0.0373884425341368
"[T] smooth",-0.0373924064515766
"[M] cure depression",-0.0374116824976605
"[T] subject",-0.0374391443076405
"[M] function",-0.0374820152942378
"[M] title",-0.0374973383764761
"[M] com subscribe",-0.0374992016184788
"[T] obvious",-0.0375115908944875
"[T] burn",-0.0375231278294273
"[M] felt",-0.0375695440392178
"[M] gratitude",-0.0376066832621552
"[M] physician",-0.0376228431052341
"[M] sunday",-0.0376232554024174
"[T] correct",-0.0376304233656321
"[M] triggered",-0.0376328092159565
"[T] late",-0.0376426303528529
"[M] army",-0.0376485120890034
"[M] extreme",-0.037650004551441
"[T] elevated risk",-0.0376676954390568
"[T] real life",-0.0376694869513436
"[T] winter",-0.0376921343214671
"[T] hiding",-0.0376953366860971
"[M] build",-0.0377157252356579
"[T] engaging",-0.0377499739912021
"[M] gap",-0.0377704418590182
"[T] panicked",-0.0377762491174511
"[T] sand",-0.0377769783298796
"[M] ref",-0.0377875989337117
"[M] viralshort",-0.0378010737480872
"[T] mr beast",-0.0378345360431978
"[T] mr",-0.0378347139606862
"[T] improve mental",-0.0378465906511193
"[T] need bit",-0.0378801605624525
"[T] accomplishing",-0.0379050618122259
"[M] disability",-0.0379273992108858
"[M] expressed",-0.0379378966095258
"[M] com savetimeshan",-0.0379706961839135
"[T] yo",-0.0379892497477422
"[M] august",-0.0380286362998312
"[M] death",-0.0380536353872064
"[M] tools",-0.0380755236638618
"[M] amazing",-0.0381231512412438
"[M] posted",-0.0382060558601683
"[M] shortfeed",-0.0382121818979455
"[M] random",-0.0382394922939747
"[T] insane",-0.0382800002649737
"[T] spend time",-0.0382942027371258
"[T] matter try",-0.0382945044456252
"[T] friends",-0.0383310908487937
"[M] links https",-0.0383486826752964
"[M] company",-0.0383593127074346
"[T] know future",-0.0383613847860605
"[M] brain",-0.0383618463980232
"[T] really like",-0.0383731307330811
"[T] things happen",-0.0384173313665395
"[T] president",-0.0384192304598244
"[T] bro",-0.0384202643772371
"[T] blue",-0.0384434407808417
"[M] offers",-0.0384576865980623
"[M] promoted",-0.0385068576510888
"[T] just let",-0.0385471508855498
"[M] autism asd",-0.0385476348149972
"[T] mark",-0.038556569885009
"[M] personal",-0.0385566617391452
"[T] didn care",-0.0385916010708881
"[T] nonsense",-0.0386072763424497
"[T] countdown",-0.0386170871165772
"[T] think little",-0.0386498006398512
"[M] anxietyawareness",-0.0386623081541156
"[M] nyc awesome",-0.0386807324811613
"[T] hi dr",-0.0386814588288503
"[M] created schizophrenic",-0.0386852181288993
"[M] brand created",-0.0386860218142596
"[M] awesome clothing",-0.038686449782571
"[M] care mental",-0.0386873085175602
"[M] facts",-0.0386925521187916
"[M] spending",-0.0387039684563856
"[T] watch closely",-0.0387046652391033
"[T] closely",-0.03870472711957
"[M] friend",-0.0387115973010751
"[T] depression bipolar",-0.0387321512634668
"[T] journal",-0.0387523078740473
"[M] mom",-0.0387543613962514
"[T] strategy",-0.0387607392491581
"[T] faster",-0.0388028868141005
"[T] oh baby",-0.038804227978049
"[T] defend",-0.0388376498129277
"[T] criteria",-0.0388395367440817
"[T] wash hands",-0.0388399767529951
"[T] time started",-0.0388537516962362
"[M] apply",-0.0388723671301251
"[T] living best",-0.0388956055511567
"[T] best life",-0.0388973734184438
"[T] help needed",-0.0389060678781478
"[M] popular",-0.0389315133296857
"[T] strange",-0.0389463720966747
"[M] medication",-0.0389494478414565
"[M] subscribing",-0.038957734859415
"[M] anchor",-0.0390200910222597
"[T] really difficult",-0.0390503743367121
"[T] thought world",-0.0390559645615397
"[T] easily",-0.039076175451774
"[T] calling",-0.0391083300250849
"[T] tells",-0.0391195037711
"[T] episodes",-0.0391229516213011
"[T] kept",-0.0391571042891497
"[T] radio",-0.0391647526983956
"[T] mask",-0.0391718358701693
"[T] know good",-0.039179841612734
"[M] gov",-0.0391936779652762
"[M] nih gov",-0.039195118862759
"[T] strength",-0.0392073871977149
"[M] viralvideo",-0.0392284255179893
"[T] continued",-0.0392723457001953
"[T] meal",-0.0392761671718483
"[M] sleep shorts",-0.0393037172726075
"[M] adhdbrain adhdrelief",-0.0393122683193158
"[T] turns",-0.0393378532314187
"[T] gather",-0.0393409794415328
"[T] bang",-0.0393509089504214
"[M] crying",-0.0393641794519196
"[T] times",-0.0393960346045021
"[M] phone video",-0.0394035391192986
"[M] away",-0.0394074000564856
"[T] reasonable",-0.0394106195008463
"[T] scary",-0.0394139921839674
"[M] apple",-0.0394347313100212
"[T] want feel",-0.0394487418666112
"[M] affiliate links",-0.0394584406366261
"[M] things adhd",-0.0394651989347571
"[T] paranoid",-0.0394800745874266
"[T] amen god",-0.039483693949136
"[T] outcome",-0.0394837738400839
"[T] claim amen",-0.0394841815568993
"[T] jesus claim",-0.0394854715433002
"[T] wanted lift",-0.0394862150016691
"[T] sleep tonight",-0.0394863457323181
"[T] pray sleep",-0.039486474115236
"[M] wokeupwithashli email",-0.039503556358534
"[M] tiktok wokeupwithashli",-0.0395038122862894
"[M] weightgain",-0.0395039271487437
"[M] recovery weightgain",-0.0395042830328674
"[M] day video",-0.0395066060167229
"[T] cultural",-0.0395458780492405
"[T] eugenia",-0.039568235763336
"[T] kicks",-0.039588031651481
"[M] better mental",-0.0395973211166376
"[T] stuff",-0.0396143330809133
"[T] absolutely",-0.0396213715004228
"[T] locked",-0.0396290677035224
"[T] concentration",-0.039631047548918
"[M] things mental",-0.0396409179184816
"[M] waves",-0.0396465178131071
"[T] scared",-0.039666023873847
"[M] nyc tiktok",-0.0397015967265152
"[T] appears",-0.039710586705755
"[T] princess",-0.0397421712292757
"[T] disney princess",-0.0397440833535649
"[M] passion",-0.0397481132827027
"[M] relieve anxiety",-0.0397821442102829
"[M] relieve",-0.0397825040542566
"[M] tell",-0.0397833780621917
"[M] viralshorts",-0.0397855687463712
"[M] answers",-0.0397921571586196
"[M] awareness ocd",-0.0398105360924162
"[T] training",-0.0398201063953054
"[T] functioning depression",-0.0398282055251662
"[T] disorders",-0.0398376658097836
"[M] countries",-0.0398422742446481
"[T] started",-0.0398620125996928
"[M] danger",-0.0398723583492939
"[T] knew",-0.0398735440793422
"[T] afternoon",-0.0398741346908388
"[T] diagnosis",-0.0398974455215633
"[M] depression depressionhelp",-0.0399016382287835
"[T] uncomfortable",-0.0399164427929965
"[T] posted",-0.0399283376686146
"[T] hormones",-0.0399566897020534
"[T] stomach",-0.0399651796635332
"[M] happier",-0.0399673239877216
"[T] say don",-0.0399720441330778
"[T] deal anxiety",-0.0399736074233268
"[T] path",-0.0399768351257659
"[T] day dreaming",-0.0399971749877672
"[M] insight",-0.0399980276279707
"[M] youtubevideoshorts",-0.0400539345656128
"[T] 500",-0.0400668645888538
"[T] teenage",-0.0400741516635928
"[T] don talk",-0.040136938361325
"[T] meter",-0.0401686920205381
"[T] types",-0.0402022152561335
"[T] different types",-0.0402041209261625
"[T] hands know",-0.040211508314854
"[T] does feel",-0.0402256804918616
"[T] speak anxiety",-0.0402258660622922
"[M] ocd adhd",-0.0402347635688406
"[T] excuse",-0.0402735860838488
"[T] specifically",-0.0402842663076701
"[M] tyson fury",-0.040301828309377
"[M] tyson",-0.0403018525514319
"[M] fury",-0.0403034291447722
"[M] rest",-0.0403093703683184
"[M] join live",-0.040316613383644
"[T] peace love",-0.0403356422321602
"[T] games",-0.0403592271889193
"[M] prepare",-0.0403693584997886
"[T] kidding",-0.0404057885846939
"[M] body",-0.0404322386153018
"[T] right time",-0.0404484866268459
"[M] shorts schizophrenic",-0.0404814668107246
"[T] narcissistic",-0.0404823814053153
"[M] current",-0.0404864487013923
"[M] shoes",-0.0405218061893814
"[M] comfort",-0.0405270793345865
"[T] constant",-0.0406420219181273
"[M] hair",-0.0406823672740929
"[T] just think",-0.0406903553589617
"[T] debt",-0.0407742885657787
"[M] shorts world",-0.0408284293189747
"[M] speak",-0.0408451033222618
"[T] treatments",-0.0408704446336732
"[M] healthier",-0.0408890610972207
"[M] specific",-0.0408904221557903
"[M] deficit",-0.0408992499967487
"[M] attention deficit",-0.0409020835599457
"[T] expectations",-0.0409071112331917
"[T] like good",-0.0409236486625359
"[T] lot anxiety",-0.0409459434658243
"[M] gen",-0.0409566096
"[M] remove",-0.0410074740230883
"[T] persistent",-0.0410140915688805
"[T] talk day",-0.0410175774453455
"[M] unlocking",-0.0410679123966384
"[M] actually",-0.0410958761364184
"[T] just gonna",-0.0411369252616981
"[T] difficulties",-0.0411406205519804
"[M] lmao",-0.0411584334023265
"[M] patients",-0.0412029891650575
"[M] know schizophrenia",-0.0412428424486747
"[T] people anxiety",-0.0412429403842868
"[M] telling",-0.0412659355624537
"[T] struggle",-0.0412930587269553
"[M] manic",-0.0412980184066232
"[M] service",-0.0413286368845019
"[M] link 10",-0.0413319323605928
"[M] day shorts",-0.0413396294141331
"[T] severity",-0.0413609349391895
"[M] princess",-0.0413934113392239
"[T] oh gosh",-0.0414104705355168
"[T] value",-0.0414176116810398
"[M] park",-0.0414271670658831
"[T] dealing anxiety",-0.04143982310774
"[M] determination",-0.041450754320221
"[M] trust",-0.0414549628024679
"[T] comment let",-0.0414784522950085
"[T] spectrum",-0.0414948506116421
"[T] sweet",-0.0415094130654556
"[M] founder",-0.041510725621942
"[T] weed",-0.0415219992152066
"[T] people mental",-0.0415590932621142
"[T] water",-0.0415614979808922
"[T] meeting",-0.0415811272046706
"[M] procrastination",-0.0416062229930981
"[T] numb",-0.0416278788610275
"[M] department",-0.0416291939637174
"[T] relaxed",-0.0416352884669884
"[M] seek professional",-0.041684918763372
"[M] professional help",-0.0416852519806183
"[T] ads",-0.0416931017967369
"[T] present",-0.041693787853043
"[M] fault",-0.0416941671892676
"[T] know exactly",-0.0417166071030301
"[T] discrimination",-0.0417485020725846
"[M] dha",-0.0417742154895856
"[T] gospel",-0.0417751787585382
"[T] communicate",-0.0417761105007985
"[T] limit",-0.0417774716915244
"[M] dance",-0.041797055484454
"[M] game",-0.0418015071290794
"[T] phrase",-0.041821543904547
"[M] twitch https",-0.0418408574445946
"[T] seek help",-0.0418810405802564
"[T] anxiety life",-0.0419001080795416
"[T] say trans",-0.0419308309089417
"[T] things aren",-0.0419561861575857
"[T] okay oh",-0.0419693282143201
"[T] opening",-0.0419854076763797
"[M] rogan podcast",-0.0420007499525872
"[T] people think",-0.0420140095815959
"[T] dancing",-0.0420390500437935
"[T] ve seen",-0.0420487828167728
"[M] ocd anxiety",-0.0420658361651592
"[T] bpd",-0.0420945257705947
"[T] serotonin",-0.0421247028167746
"[M] repeat",-0.0421426824660863
"[T] action",-0.0421601491306967
"[M] mentalhealthadvocate",-0.0421940648273186
"[T] developing",-0.0422050864036919
"[M] patient relationship",-0.0422062253060731
"[M] establish doctor",-0.0422095479164571
"[M] establish",-0.0422096139702406
"[M] does establish",-0.0422101958390899
"[M] doctor patient",-0.0422103332273112
"[T] ahead",-0.0422220928310709
"[M] drinks",-0.0422536167935689
"[T] gonna honest",-0.0422693510990406
"[M] tw https",-0.0422742608127693
"[M] schizophrenicny",-0.0422751588542184
"[M] nyc tw",-0.0422799631612017
"[M] nyc ig",-0.0422801366453634
"[M] com schizophrenicny",-0.0422848096206182
"[M] youtubeshort",-0.0422965616263112
"[M] mentalhealth schizophrenia",-0.0423010054542762
"[T] medical students",-0.0423165879870439
"[M] shorts bipolar",-0.0423254058295944
"[M] health subscribe",-0.0423273330565707
"[T] know make",-0.0423412131831609
"[T] sent",-0.042343963281542
"[M] advocate",-0.0423494317302299
"[T] spouse",-0.042364547696451
"[M] original source",-0.0423804317770822
"[M] faking",-0.0423849784200402
"[T] magic",-0.0424167271718567
"[T] college",-0.0424308142165094
"[M] depressionhelp",-0.0424671581601924
"[M] podcasts apple",-0.0424682559793117
"[M] ocdtreatment",-0.0424771772932377
"[T] ll say",-0.0424958015762353
"[M] situations",-0.0425173599447985
"[M] years experience",-0.0425289547140038
"[T] loose",-0.0425305158334846
"[M] healthylifestyle",-0.0425423622228847
"[M] possible",-0.0425503525880228
"[M] info",-0.0425523276986911
"[T] played",-0.0426020993762378
"[M] theaspieworld",-0.0426042444499183
"[T] cortisol",-0.0426051266999485
"[T] depression feel",-0.0426456351745752
"[M] ee drjuliesmith",-0.04267458915878
"[T] want say",-0.0426753106277698
"[M] confidence",-0.0426783305662626
"[M] hit subscribe",-0.0426857336972612
"[M] trending shorts",-0.0427069443706629
"[T] mention",-0.0427397139400531
"[T] dirty",-0.042791920952726
"[M] com want",-0.0428036585532311
"[T] provider",-0.0428041754776176
"[T] bad gonna",-0.0428417840638764
"[M] truth",-0.0428633858408234
"[M] perspective",-0.0428896121237128
"[T] data",-0.0429127037333269
"[M] touch",-0.0429327244935493
"[M] anxietyrelief anxietytips",-0.0430177202034615
"[M] linked",-0.0430365798260755
"[T] build",-0.0431526873085771
"[M] sensitive",-0.0431566332962712
"[T] address",-0.0431606398975609
"[M] hyperfocus",-0.0432146033117531
"[T] remind people",-0.0432214954809103
"[M] anxiety book",-0.0432348644941025
"[T] deletion",-0.0432421504856789
"[T] chance",-0.0432958956344496
"[M] lifestyle brand",-0.0432998604084438
"[M] listen podcast",-0.0432998844196364
"[M] clothing lifestyle",-0.0433035172894714
"[T] career",-0.0433127368182137
"[M] com facebook",-0.0433322799757107
"[T] doesn mean",-0.0433365669097088
"[M] illness artsyfire",-0.0433530559695711
"[M] drawing mental",-0.0433540139467435
"[M] day drawing",-0.0433574684062673
"[M] artsyfire shorts",-0.0433597801537831
"[M] artsyfire",-0.0433602232600531
"[T] happiness",-0.0433750078000258
"[M] continue",-0.04339718963635
"[T] things make",-0.0434013987338741
"[T] exposure",-0.043421979908867
"[T] rings",-0.0435702682195205
"[T] yeah oh",-0.0435711762131033
"[M] health day",-0.0435859491331505
"[T] know works",-0.0436006357840477
"[M] discussed",-0.043624793356335
"[T] awesome",-0.0436404157407479
"[T] scenarios",-0.0436475492058746
"[T] worthlessness",-0.0436554869960177
"[T] come come",-0.0436894900881331
"[T] therapist",-0.0437120536274449
"[T] cause feel",-0.0437157880363491
"[M] edits",-0.0437184599315619
"[T] disney",-0.0437350561031971
"[M] short shorts",-0.0437496069044177
"[M] triggers",-0.0438023862264718
"[M] lori",-0.0438070392505506
"[T] treated",-0.0438470213430638
"[M] talking",-0.0438660445896831
"[M] 29",-0.0438867845163621
"[M] naturally",-0.0438895664694634
"[T] really helpful",-0.0439374834076953
"[M] shortsfeed short",-0.0439409230372627
"[T] plan",-0.0439824020118342
"[M] prioritize",-0.0439978019079054
"[M] adhdinwomen",-0.04400878298563
"[T] option",-0.0440215926373793
"[T] day like",-0.0440219124120091
"[T] unfortunate",-0.0440502965633836
"[T] film",-0.0440706273296847
"[T] rush",-0.044087230413245
"[M] signs depression",-0.044087881049437
"[T] begins",-0.0440899019961903
"[T] daughter",-0.0440921984217411
"[T] ignorance",-0.0441019778269648
"[M] psychology",-0.044139750048505
"[M] gaming",-0.0441413399632784
"[M] autismacceptance",-0.0441415709257025
"[M] missing",-0.0441459896827121
"[T] partner",-0.0441938614777487
"[M] people mental",-0.0441961080205687
"[T] harmful",-0.0442168758342261
"[T] stopped",-0.0442181349069895
"[M] like living",-0.0442187381041889
"[M] health self",-0.0442621973858759
"[T] future",-0.0442687373471195
"[T] gotta make",-0.044270646704234
"[T] ability",-0.0443700289017233
"[M] comment share",-0.0444298768239542
"[T] urge",-0.0444909126498562
"[M] xx",-0.044492574781094
"[M] actuallyautistic",-0.0445070537102809
"[M] experiencing",-0.0445129638674674
"[T] promise",-0.0445283615377097
"[M] www amazon",-0.0445985232060101
"[T] supposed",-0.044621031725189
"[T] connect",-0.044621127874521
"[M] chris",-0.04462426076195
"[T] medications",-0.0446468826601122
"[M] paranoid schizophrenic",-0.0446846628651111
"[T] negative thoughts",-0.0446890692449739
"[T] oh beautiful",-0.0447044704198301
"[M] referral",-0.0447206051048429
"[M] criteria",-0.0447229695136549
"[M] live https",-0.0447649558511409
"[M] signs mental",-0.0447815135785273
"[T] hurting",-0.044785085820044
"[M] audience",-0.0448125361758777
"[T] probably",-0.0448755658579331
"[M] health anxiety",-0.0448826449087686
"[T] ok",-0.0449041498342327
"[M] cope",-0.0449233656501893
"[M] copy",-0.0449735717261603
"[M] wokeupwithashli gmail",-0.0449992333032509
"[M] email wokeupwithashli",-0.044999929706939
"[M] depressive",-0.0450966495777098
"[T] increase",-0.0450996396104441
"[M] scott",-0.0451091494748203
"[T] think want",-0.0451119801379673
"[M] create",-0.0451124180847221
"[M] grab",-0.0451222627989457
"[T] adaptive",-0.0451489371182363
"[M] veteran",-0.0451889373294735
"[M] daily",-0.0451897937108255
"[M] life autism",-0.0453128301928809
"[T] depressed anxious",-0.0453340111326147
"[T] facebook",-0.0453440092441825
"[M] shorts videos",-0.0453557617358948
"[T] elevated",-0.04536274855564
"[M] camera",-0.045373817716269
"[T] just wanted",-0.045376873580025
"[M] health matters",-0.0453903180688278
"[M] course",-0.0454434316080473
"[M] far",-0.0454604655894164
"[T] inattention",-0.045474337061865
"[T] good night",-0.045533639181376
"[T] list",-0.0455481603502137
"[T] button",-0.0455626093004452
"[T] crucial",-0.045566598878298
"[T] shoot",-0.0455758924287118
"[T] driving",-0.0456024230250934
"[T] thing notice",-0.0456462580775341
"[T] nearly",-0.0456746635165549
"[T] people don",-0.0457537142051911
"[T] alcohol",-0.045793333252819
"[M] adhdrelief",-0.0458000780762826
"[M] mindful men",-0.0458408104807617
"[M] mindful",-0.0458409097481482
"[T] high school",-0.0458425915157164
"[M] www tiktok",-0.0458623924605151
"[T] talk people",-0.0458812781928015
"[T] dropped",-0.0458823106621636
"[T] symptoms include",-0.0459281789765355
"[M] panicattacks",-0.0459568333474497
"[T] symptoms depression",-0.0459851684722397
"[M] comedy shorts",-0.0460595111754091
"[T] sleeping",-0.0460959527854719
"[M] signs high",-0.0461245699185589
"[M] 2021",-0.0461580676093194
"[T] task",-0.0461656937332769
"[T] sorry just",-0.0461826017538866
"[T] kill don",-0.0461894838416941
"[M] point",-0.0461949748584025
"[T] lift",-0.0462122940404177
"[M] read",-0.0462141262912019
"[M] word",-0.0462261756324217
"[M] difficult",-0.0462280454644158
"[T] corner",-0.0463313416329947
"[T] online",-0.0464528986531068
"[M] major depression",-0.0464858461915699
"[M] called",-0.0465064334522026
"[M] coping",-0.0465426345089054
"[M] click subscribe",-0.0465545435216298
"[M] clinical psychologist",-0.0465841392675384
"[T] news",-0.0466039185316463
"[M] thespeakmans",-0.046639369679505
"[M] com thespeakmans",-0.046642166221415
"[M] single",-0.0467038920977864
"[M] podcasts",-0.0467128096193298
"[T] texted",-0.0467290937428429
"[T] got like",-0.0467549356585085
"[M] march",-0.0467596420791306
"[T] spectrum disorder",-0.0467877115179966
"[M] swings",-0.0468089081442155
"[M] mood swings",-0.0468115906021768
"[T] deeply",-0.0468531354254776
"[M] non",-0.0468674309645952
"[M] 50",-0.0469106294488669
"[M] forward",-0.0469149439250494
"[T] positive",-0.0469971587566814
"[T] die",-0.0470127390044993
"[M] autism autism",-0.0470322844144214
"[T] suicidal thoughts",-0.0470350168543066
"[T] combat",-0.0470418201887982
"[T] just normal",-0.0470442768704287
"[M] voice",-0.0470926390685432
"[T] cup",-0.0471070041081252
"[M] psychiatrist",-0.0471086841586413
"[M] worry",-0.047139983230674
"[M] heard",-0.0471427595425287
"[M] sponsor",-0.047145136357566
"[M] guide",-0.047186858857813
"[M] savetimeshan",-0.0472080509094183
"[M] bipolar bipolardisorder",-0.0472462897914046
"[M] https beacons",-0.0472839297850875
"[M] stop panic",-0.0473182234048202
"[T] board",-0.047327068358674
"[T] prayer",-0.0473710435443943
"[M] digital",-0.0474082689543836
"[T] ve just",-0.0474876931511278
"[M] mind body",-0.0474970558067058
"[T] tonight lord",-0.0475030478121266
"[T] actual",-0.0475031603846753
"[M] shorts anxiety",-0.047535588508055
"[M] shapiro",-0.0475422994463167
"[M] important",-0.0475434434998469
"[M] ben shapiro",-0.0475450859963642
"[T] flow",-0.0475612548334315
"[M] apps",-0.0475842935210573
"[M] obsessive compulsive",-0.0476039002851932
"[M] compulsive disorder",-0.0476094648375414
"[M] question",-0.0476227187176084
"[T] believes",-0.0476856015194261
"[M] book http",-0.0477349038530871
"[T] father god",-0.0477606670728746
"[M] basketball",-0.0477884050022364
"[M] interesting",-0.047806589089059
"[M] adhdproblems shorts",-0.0478316511725071
"[M] adhd comedy",-0.0478383617888144
"[M] musical",-0.0478471812411395
"[T] non",-0.0479320490417587
"[T] far away",-0.0479477815918593
"[T] pretty",-0.0479524776686617
"[M] overcome depression",-0.0479614830458769
"[M] tw pov",-0.0480279939358165
"[T] boring",-0.0480343001718656
"[T] coffee",-0.0480438717176641
"[M] shortsviral",-0.0480456767667384
"[T] habit",-0.0480501151951461
"[T] burden",-0.0480641176537072
"[T] day today",-0.0480883293261336
"[M] net",-0.04810664686687
"[T] psychiatrist",-0.0481157843613136
"[M] watching videos",-0.0482056092497043
"[T] like don",-0.0482352225537946
"[T] significant",-0.0482423038340541
"[T] focus things",-0.0482681580580538
"[M] common signs",-0.0482739646915764
"[T] physical mental",-0.0482860755440188
"[M] describes",-0.0483117191869444
"[M] anxiety disorders",-0.0483173280536621
"[T] event",-0.0483188452351654
"[T] don forget",-0.0483484855352979
"[M] want miss",-0.0483681236615334
"[T] people adhd",-0.0484531132919535
"[T] fish",-0.0484885083866343
"[T] communication",-0.0485018926987296
"[T] ice",-0.0485454843785083
"[T] okay alright",-0.0485849104439256
"[T] walk",-0.0485924506629986
"[T] according",-0.0486435801506714
"[T] literally",-0.0486683412793061
"[M] eating",-0.0487165915597922
"[M] unhealthy",-0.0487206700583544
"[T] look look",-0.0487341919446173
"[T] drinking",-0.0487611143785305
"[M] people depressed",-0.0487768149913783
"[T] lot stress",-0.0487772762040563
"[T] posts like",-0.0487979214351383
"[M] ppl",-0.0488269699780178
"[T] member",-0.0489830309120009
"[T] family member",-0.0489846925467946
"[M] babies",-0.048984730644415
"[M] say mental",-0.0490251689991039
"[M] affects",-0.0490363187890976
"[T] breaks",-0.0490474099319573
"[M] disorder adhd",-0.0490589776338246
"[T] intrusive",-0.0490876213444869
"[M] host",-0.0491843876502686
"[T] market",-0.0492129057168153
"[M] weightloss",-0.0492452506955978
"[T] suck",-0.0492711940011368
"[T] general",-0.0492835009793713
"[M] big",-0.0493638679444125
"[T] wonderland",-0.0493902788246411
"[T] alice wonderland",-0.0493960120049944
"[T] weirdo",-0.049402219590567
"[T] manage",-0.049421720536638
"[M] www schizophrenic",-0.0494337851594334
"[M] michelle hammer",-0.0494411753303088
"[M] hammer",-0.0494413703540944
"[M] focused",-0.0495203599380231
"[T] girlfriend",-0.0496699587966548
"[M] violence",-0.0496852478465659
"[M] look like",-0.0497181602609012
"[T] doing work",-0.0497340023014448
"[T] likes",-0.0497407245596631
"[M] executive",-0.0497816841760452
"[T] dance dance",-0.0497890790123203
"[M] unbelievable",-0.0497947076450268
"[T] stormy",-0.0498022545275374
"[T] sick",-0.0498981816303607
"[T] level",-0.0499022991793313
"[M] happens",-0.049925675052044
"[T] does look",-0.0499331621924017
"[M] resilience",-0.0499949738965429
"[M] vlog",-0.0500546583643158
"[M] official",-0.0500649369981495
"[T] best friend",-0.0500847810830382
"[T] toddler",-0.0500985433190868
"[T] grow",-0.0501202801583417
"[M] level",-0.0501241440202685
"[T] sharing",-0.0501533458785389
"[M] mission",-0.0501669748099409
"[M] edition",-0.0501885181004156
"[T] shame",-0.0501971380266825
"[T] patient",-0.0502178790240977
"[T] creating",-0.0502418237180612
"[M] voices",-0.0502629044234739
"[M] helping people",-0.0503166213072252
"[T] finish",-0.0503319701805495
"[M] viral fyp",-0.0503451662503053
"[T] walls",-0.0503492919396784
"[M] parenting",-0.0503600165973864
"[M] forget subscribe",-0.0503666051182523
"[T] withdrawal",-0.0503858261230105
"[T] swt",-0.0503885594717965
"[T] allah swt",-0.0503917579848367
"[M] levi",-0.0503933027038654
"[T] day ll",-0.0504125627327396
"[T] afford",-0.0504770224783305
"[M] finest shorts",-0.0505823230861814
"[M] patient",-0.0506606148657366
"[T] withdrawing",-0.0507066701799509
"[T] tiktok",-0.05074934794136
"[T] fatigue",-0.0507726718031196
"[T] moved",-0.0508140543484323
"[T] contact",-0.0508609255200319
"[M] improve",-0.0508633612523281
"[M] schizophreniaawareness",-0.0508645418928838
"[T] cognitive",-0.0508900692018643
"[M] crazy",-0.0509740882887991
"[T] right want",-0.050975311691017
"[M] created",-0.0510007960150144
"[T] folks",-0.051064301844864
"[M] studies",-0.0510803837070122
"[M] motivational quotes",-0.051111764592614
"[T] serve",-0.0511586680583951
"[T] impact",-0.0511590396776375
"[T] positivity",-0.0511623276453725
"[T] want gonna",-0.0511685881545152
"[M] ocd ocd",-0.0511752250293424
"[M] wish",-0.051190057609504
"[T] decided",-0.051203123935086
"[M] apple com",-0.051208091306283
"[M] provide",-0.0512110248671314
"[M] early",-0.0512424270016157
"[T] view",-0.0512541834915412
"[T] suggests",-0.0512874178243091
"[T] depressants",-0.0513646862504706
"[T] anti depressants",-0.0513657758909525
"[M] food",-0.0514112238856602
"[T] places",-0.0514142367367887
"[T] spot",-0.0514290631801592
"[M] mentalhealth mentalillness",-0.0514411427543724
"[T] weren",-0.0515068717219935
"[T] cope",-0.0515312912409008
"[M] faith",-0.0515677207228893
"[T] vu",-0.0515832230265166
"[T] deja vu",-0.0515863061699735
"[T] deja",-0.0515866484134391
"[M] changed",-0.0516360326951186
"[M] shorts reels",-0.0516538452467223
"[T] phase",-0.0516658831335278
"[M] schizophrenia mental",-0.0516941028566303
"[M] coffee",-0.0517784561880328
"[M] shortsvideo shorts",-0.051779036106089
"[M] shorts psychology",-0.0518391907429437
"[M] form",-0.0518819353982347
"[T] associated",-0.0519841369765902
"[T] beast",-0.0520370801107756
"[M] model",-0.0520541438382735
"[M] bit ly",-0.0521034019185443
"[T] low mood",-0.052126838112608
"[M] discussing",-0.0521798114616288
"[M] anxiety pick",-0.0522232969417534
"[T] liked",-0.0522633310811141
"[M] nba",-0.0522634712974012
"[T] know mean",-0.0522808640709756
"[T] eating disorders",-0.0523225721641322
"[T] genetic",-0.052341749135982
"[T] curious",-0.0523571728574228
"[T] app",-0.0523857856851152
"[M] eugenia cooney",-0.0523960896447564
"[M] eugenia",-0.0523962149498981
"[M] cooney",-0.0524000717874112
"[T] look like",-0.0524230350161071
"[M] keywords",-0.0524595366142915
"[M] hope helps",-0.0524632327947828
"[M] isn",-0.0524938900509902
"[T] tea",-0.0525245273560349
"[T] just start",-0.0525576676317966
"[M] activities",-0.0525832951739089
"[T] individual",-0.0525970993595226
"[T] include",-0.0526357475953021
"[T] trick",-0.0526650727436005
"[T] perception",-0.0527064149378354
"[T] advice",-0.0527515984704576
"[T] things good",-0.0527623104982203
"[T] forgive",-0.0527681077161984
"[M] paranoid",-0.0528141235479959
"[T] aches",-0.0528159046794037
"[T] away just",-0.0528163961555923
"[T] like adhd",-0.0528592181817944
"[T] getting better",-0.0528647899176426
"[T] hide",-0.0528905015367164
"[M] subscribe button",-0.0529726932569008
"[M] personal development",-0.0529812021902478
"[T] bite",-0.053035627625352
"[M] mentalwellness",-0.0530396504667224
"[T] standing",-0.0530516009825555
"[M] test",-0.0530714268834125
"[T] time day",-0.0531180828370082
"[M] com drjuliesmith",-0.0531723249700041
"[T] going kill",-0.0532408985270844
"[M] sure",-0.0533347613376809
"[T] supplement",-0.0533877781118631
"[T] instagram",-0.0533918370132948
"[T] evil",-0.053392014739324
"[T] cleaning",-0.0533960146501399
"[T] borderline",-0.0534179227055514
"[M] month",-0.0534481002184869
"[M] like mental",-0.0534533934774625
"[M] 2022",-0.0535133450095162
"[T] adderall",-0.0535693969559568
"[M] wokeupwithashli tiktok",-0.0536624574712517
"[M] com wokeupwithashli",-0.0536673094745985
"[T] people just",-0.05370166293329
"[M] alcohol",-0.0537267727185642
"[M] feel bad",-0.0537424968651581
"[T] islam",-0.0537471683098849
"[M] doctor",-0.0537510046906129
"[T] comedy",-0.0537583158707449
"[M] mens mental",-0.0537742717733626
"[M] mens",-0.0537744607182049
"[T] comment",-0.0538371897215684
"[T] gotta",-0.053847137038672
"[M] shorts check",-0.0538671154990103
"[M] military",-0.0538683029982698
"[M] com podcast",-0.0538889797919398
"[M] au",-0.0538934955876623
"[M] com au",-0.0538937093918979
"[T] worries",-0.0539668273505441
"[M] gun",-0.0539899526497763
"[M] song",-0.0540052334548659
"[M] pov choose",-0.0540407969488122
"[T] men mental",-0.0540475536547493
"[M] reach",-0.0540485067321313
"[T] basis",-0.0540583194283381
"[T] wasting time",-0.0540671956211292
"[T] wasting",-0.0540672644554096
"[M] andrewhuberman",-0.0540885495837673
"[T] close",-0.0540928237186329
"[M] perfect",-0.0541372822598343
"[M] exposed",-0.0541505450886889
"[T] love people",-0.0542378627478579
"[T] letting",-0.0542920137403195
"[M] mother",-0.0543505466157074
"[T] emotion",-0.0543575364921789
"[M] health tips",-0.0544035525943858
"[T] offended",-0.054504325433556
"[M] bipolar mood",-0.0545299515774773
"[M] nerves",-0.0545582932471713
"[M] head",-0.0545617775905358
"[M] born",-0.054600911111959
"[T] challenges",-0.0546116875709644
"[M] catch",-0.0546207080853763
"[T] embrace",-0.0546399930262036
"[M] schizoaffective",-0.0546453851859683
"[T] kiss",-0.0546464701009576
"[T] pinned",-0.0547071845401164
"[M] chores",-0.0548309829631033
"[T] high functioning",-0.0548796004700136
"[M] difference",-0.0550392009451743
"[M] doing",-0.0551105400931163
"[M] general",-0.055150790579899
"[M] american",-0.0551567226824234
"[T] professional",-0.055205538241335
"[M] spotify",-0.055233799169566
"[M] internet shorts",-0.0552407739705491
"[T] injury",-0.0552808576599065
"[T] finding",-0.0553196289429423
"[T] standpoint",-0.0553251523735428
"[M] addiction",-0.055370137675958
"[M] inspiring",-0.055380093845585
"[T] time just",-0.0554368590913805
"[T] actually",-0.0554581633775533
"[M] college",-0.0554809276080518
"[T] years old",-0.055525590753055
"[M] burdens",-0.0555287001697749
"[T] understand",-0.0555416713480558
"[M] asd",-0.055598627582318
"[M] females",-0.0556412773533913
"[T] dog",-0.0556618919585932
"[T] dude just",-0.0556624614981602
"[M] owner",-0.0556682145623243
"[T] safely",-0.0556705687166628
"[T] avoiding",-0.0557434162331202
"[M] country",-0.0557939417634238
"[M] amen",-0.0558856679453277
"[M] jesus amen",-0.0558870312060753
"[T] ugly",-0.055896659162124
"[T] genuinely",-0.0559282889649428
"[T] syndrome",-0.0559421379502973
"[T] fear",-0.0559612720040343
"[M] anxietytips",-0.0559680915549362
"[T] tip",-0.0560082031423718
"[M] shorts mindset",-0.0560183436711042
"[T] triggering",-0.0560762687381689
"[M] pretty",-0.0560776782063587
"[M] atypical",-0.056095423929626
"[T] missed",-0.0561020557407843
"[T] mistakes",-0.0561076741104312
"[T] missing",-0.0561424294563063
"[T] success",-0.0561459146820225
"[T] coping",-0.0561499772515608
"[M] motivation inspiration",-0.0561579189001191
"[M] healthcare",-0.0561791143429062
"[M] disorders",-0.0562619353279616
"[T] fear anxiety",-0.0562820238417814
"[M] delusional",-0.0563101182764702
"[M] wellness",-0.0563338282798369
"[T] events",-0.0563827532478922
"[M] week",-0.0563943874481493
"[T] particular",-0.0564208649291803
"[M] truly",-0.0564386084176564
"[M] bit",-0.0564532202235962
"[T] just say",-0.0564873900582592
"[M] schizophrenia mentalhealth",-0.0565097946928876
"[T] like gonna",-0.0565348669880031
"[M] spotify https",-0.0565416140733305
"[M] spotify com",-0.0565416612911726
"[M] open spotify",-0.0565420045026277
"[M] https open",-0.0565425591096154
"[T] ends",-0.0566254796701938
"[T] voice",-0.0566512612209717
"[M] mentalhealthsupport",-0.0566561048636739
"[T] line",-0.0566670760037905
"[M] connections",-0.0566823962055052
"[M] mentalhealth ocd",-0.0566839153985876
"[M] high functioning",-0.056709909033141
"[M] functioning depression",-0.0567105916706077
"[T] properly",-0.056722818218597
"[M] anorexia shorts",-0.0567724180991329
"[M] compulsive",-0.0567733630508028
"[M] https podcasts",-0.0568082423190901
"[M] stress anxiety",-0.0568204032420741
"[M] positive",-0.0568526098643149
"[T] perfect love",-0.0568691742960322
"[M] beacons ai",-0.0569215898086562
"[M] wanna",-0.0569579754194879
"[T] language",-0.05696774855265
"[M] effectively",-0.0570065683248284
"[T] outside work",-0.0570976158896452
"[M] 20",-0.0571672414259035
"[T] order",-0.0572303159931599
"[T] bye",-0.0572376654197714
"[M] performance",-0.0572578026592646
"[M] tysonfury",-0.0572760881818878
"[M] hallucinations",-0.0572792013428974
"[T] wonder",-0.0572899571427035
"[M] ptsd",-0.0572916120836165
"[M] funny shorts",-0.0573156008044117
"[T] alice",-0.0573320156975376
"[T] bless",-0.0574094888459769
"[T] god bless",-0.0574105818966317
"[M] bipolar disorder",-0.0574116639050739
"[M] make sound",-0.0574277703111896
"[M] kit",-0.0574730415853336
"[T] personality disorder",-0.0574733114571046
"[M] 11",-0.0575582326171459
"[M] bad mental",-0.0575842173683004
"[M] treatments",-0.0575857824328618
"[T] tight",-0.0576332666426155
"[M] took",-0.0576532007677151
"[M] anorexic",-0.0577222848041675
"[M] psychology facts",-0.0577910099468505
"[M] selfhelp",-0.0577999557254322
"[M] fake",-0.0579339756705905
"[M] mentalhealthmatters mentalillness",-0.0579797098624828
"[M] feed",-0.0580163899449858
"[T] states",-0.0580231952589186
"[M] sensoryplay",-0.0580480437732862
"[T] flowers write",-0.0580544297186887
"[T] flowers",-0.0580545423696485
"[T] buy flowers",-0.0580561168002151
"[T] motivation",-0.058093197394953
"[M] adhdawareness",-0.0581126857950283
"[T] holy",-0.058149006904331
"[T] physician",-0.0582227685624414
"[M] following",-0.0583347292684691
"[M] levels",-0.058583925225769
"[T] knowing",-0.0586383452193735
"[T] true",-0.0586778065729259
"[T] beat",-0.0587456991127801
"[M] breathing",-0.058766202512728
"[M] prophet",-0.058810140563575
"[T] focusing",-0.058857680750115
"[M] state",-0.0588796314358054
"[T] room",-0.0588955752263076
"[M] training",-0.0589179512837388
"[M] rate",-0.0589356678665232
"[M] brand",-0.0589528609155282
"[T] version",-0.0589909048502262
"[T] offer",-0.0590309171767529
"[T] self",-0.0590653961518369
"[T] hand",-0.0590710309517864
"[M] video shorts",-0.0590859702629103
"[T] plans",-0.0590944542422735
"[T] sadness",-0.0591015214922177
"[M] providing",-0.0591391091507816
"[M] shame",-0.059180408705362
"[T] mile",-0.0592170864902459
"[M] normal",-0.0592354642759375
"[T] stuff like",-0.0593644030544121
"[M] advice shorts",-0.0594199949937446
"[M] skills",-0.0594498498810653
"[T] know ve",-0.0594892118774133
"[M] depressionawareness",-0.0594894603461589
"[M] edit",-0.0594957976369766
"[M] showing",-0.0595331438001983
"[M] tour",-0.0595560655152736
"[M] condition",-0.0595593197583652
"[T] earlier",-0.059567960662672
"[M] ended",-0.0595740573580088
"[M] newsletter",-0.0596264435314261
"[T] bowl",-0.0596441396323352
"[M] autismfamily",-0.0598004446611884
"[M] glad",-0.0598225690561806
"[T] sorry sorry",-0.0598840933114955
"[M] psychology psychologyfacts",-0.0598904570972034
"[T] person like",-0.0599410100072198
"[M] obsessive",-0.0600166018367959
"[T] day life",-0.0600214115904663
"[M] calm",-0.0600593817191272
"[T] fidget",-0.0601409179217759
"[M] speech",-0.0601604026923586
"[T] twice",-0.0601751097540828
"[T] based",-0.0602040364547077
"[T] facing",-0.0602794194680438
"[T] health issues",-0.0602916550426301
"[M] depression common",-0.060295405753553
"[M] mentalhealth anxiety",-0.0603242966614146
"[M] youtubeshorts",-0.0603562907770468
"[M] okay",-0.0603704002592015
"[M] patrick",-0.0603867443555191
"[M] suicide",-0.0604131107278521
"[T] gold",-0.0604390506933228
"[T] gosh",-0.0604709224228122
"[M] weekly",-0.0605460232827839
"[T] head",-0.0605849949927309
"[M] review",-0.0606657530780287
"[M] physical mental",-0.0607309153941395
"[T] tv",-0.0608127734164361
"[T] character",-0.061082558643046
"[T] enters",-0.0611491804944154
"[T] shall",-0.0611524436311539
"[M] matters",-0.0611606337020174
"[M] short viral",-0.0611702143776064
"[T] argument",-0.0612032272664802
"[M] shorts video",-0.0612126667512593
"[T] affects",-0.0612180800109834
"[M] goes",-0.0612815561496919
"[M] sharing",-0.0614208038564343
"[T] figure",-0.061538337980891
"[T] warning",-0.061584204535659
"[M] adhd brain",-0.0615968662057268
"[T] generally",-0.0616134107047053
"[T] day just",-0.0616492575806118
"[M] thank",-0.0616549167357289
"[M] drmarks",-0.0616785975750504
"[M] com drmarks",-0.0616850797011185
"[T] heal",-0.0617002989053563
"[T] praying",-0.0617499961218673
"[T] carl",-0.0617529054934658
"[T] learned",-0.0617587635493459
"[M] bipolar depression",-0.0617834772228301
"[M] hurting",-0.0618088481991089
"[T] internet",-0.0618692643264841
"[T] smile",-0.0619358135492967
"[T] growing",-0.0620774950973548
"[M] facts depression",-0.0621062054870648
"[T] caring",-0.0621194115828315
"[T] excessive",-0.0621401351946647
"[M] shortvideo shortvideos",-0.0621878599250224
"[M] tim",-0.0622175864944178
"[T] allowed",-0.0622229509457522
"[T] running",-0.0622881444584804
"[M] hand",-0.0622938502316768
"[M] minute",-0.0622998306260293
"[T] birthday",-0.0623151940354993
"[T] behavior",-0.0623397705103374
"[T] imagining",-0.0625056514690077
"[T] dopamine",-0.0625987007625952
"[M] feels like",-0.0627584061751143
"[T] shirt",-0.0627764786636856
"[T] psychotic",-0.0628018892299708
"[M] shorts kpop",-0.062904197660057
"[T] 10",-0.0629178234924026
"[M] borderline personality",-0.0629219042636773
"[M] borderline",-0.0629222865551889
"[M] trying",-0.0629299910610019
"[T] ones",-0.0629366506471813
"[T] pick",-0.0630280822614344
"[T] tears",-0.063044207353455
"[T] battle",-0.0630578866771009
"[M] audhd",-0.0631185550282651
"[M] internet",-0.0631217021108475
"[T] gratitude",-0.0632611490735793
"[M] lot",-0.063302138988731
"[T] focused",-0.0633041634156023
"[M] normally",-0.0633101554127878
"[M] https twitch",-0.0633911065013174
"[T] possible",-0.0634068970984333
"[T] city",-0.0634622425125835
"[T] massive",-0.0635101518098018
"[M] jack",-0.0635687727719679
"[T] comfort",-0.0636834484614297
"[T] wants",-0.0636987729007371
"[T] anxieties",-0.0637044034949928
"[T] lover",-0.0637103860836282
"[M] self harm",-0.0637500836768094
"[M] manage day",-0.0637939925935825
"[T] 22",-0.0638417057219174
"[T] behavioral",-0.0638676465810031
"[M] healthtips",-0.0638684734110687
"[T] explain",-0.0639368252524136
"[T] anybody",-0.0640124612553619
"[M] sweet",-0.0640557466860753
"[M] mania",-0.0640905676142625
"[T] like depressed",-0.0641410665887697
"[T] extreme",-0.0641988099599128
"[M] feelings",-0.0642048843312058
"[M] medical advice",-0.0642348547279144
"[T] confidence",-0.0642378316448009
"[T] store",-0.0642399214247416
"[T] depressive",-0.0642675422033724
"[M] breath",-0.0642936793597406
"[M] watch shorts",-0.0643041919536066
"[T] cute",-0.064394463465095
"[T] red",-0.0643999685706151
"[M] place",-0.0644076677136501
"[M] drawing",-0.0644317618078058
"[T] dead",-0.0644337532718198
"[M] channel https",-0.0645504590589829
"[M] seasonal depression",-0.0646110872989596
"[M] seasonal",-0.0646112008999462
"[M] psychosis",-0.0646884954295845
"[T] knows",-0.0647137101428895
"[T] ways",-0.0648620963994129
"[T] jump",-0.0648887058498981
"[M] stressrelief",-0.0649134408036423
"[T] change life",-0.0649264504857695
"[T] problem",-0.0649587586427313
"[T] message",-0.0649793349314311
"[T] stop scrolling",-0.0650343787884152
"[M] anxiety disorder",-0.0652559413839304
"[T] shake",-0.0653456637925501
"[M] mentalhealthawareness mentalhealthmatters",-0.0654084638341986
"[T] choice",-0.0654284517097246
"[M] adderall",-0.065447428381416
"[M] psychiatry",-0.0655622450692743
"[M] opening",-0.0655892130136627
"[M] kinda",-0.0655986621587012
"[M] psychologist",-0.0656236130855861
"[M] anxiety anxietyrelief",-0.0657244804904553
"[M] commission",-0.0657274242889286
"[M] sound",-0.0657852739104505
"[T] medical condition",-0.0659557330953948
"[M] leave",-0.0659824239038934
"[T] enjoyed",-0.0660547608625844
"[M] gita",-0.0661166366343266
"[T] asking",-0.0661190564519566
"[M] adhd drsasha",-0.0661483585191098
"[M] ng",-0.0662588953842108
"[M] ready",-0.0663598525496822
"[T] feel like",-0.0663714445321249
"[M] prayer mental",-0.0664936161277746
"[M] autism autismawareness",-0.0664980096826411
"[M] ocd funny",-0.0665907145165964
"[T] space",-0.0666643850900729
"[M] home",-0.0666891342411814
"[M] luxury",-0.066693117282778
"[M] self improvement",-0.0667132866143894
"[M] dua",-0.0667489423040951
"[M] 2023",-0.0667543250668449
"[T] 25",-0.0668217588075724
"[T] dark",-0.0668315351732969
"[M] means",-0.0668891118599139
"[M] antidepressants shorts",-0.0669346009806248
"[M] services",-0.0669924196818249
"[M] subscribe viral",-0.0669966292541261
"[M] adhd adhdbrain",-0.0670041629463678
"[T] books",-0.0670287902819012
"[T] like just",-0.0670921923296209
"[T] green",-0.0671385707002494
"[T] silent",-0.0671438485720859
"[M] inspirational",-0.0671579095653831
"[M] days",-0.0671727793764958
"[T] experiencing",-0.0671991956586512
"[M] michelle",-0.0672056583226011
"[T] bad",-0.0672816216103708
"[M] sounds like",-0.0672932229288268
"[M] send",-0.0673235830869397
"[M] illnesses",-0.067326412101962
"[T] ride",-0.067409778325312
"[T] stigma",-0.0674355068431379
"[T] far",-0.0674557121517068
"[M] students",-0.067471781140124
"[T] diet",-0.0677094843617522
"[T] public",-0.067762018574818
"[T] lot things",-0.0677784216658809
"[T] fears",-0.0677806859734079
"[M] intended",-0.0678599458101479
"[T] peanut butter",-0.067928664391879
"[T] peanut",-0.0679290842769513
"[M] jordanpeterson",-0.0679307224103261
"[T] butter",-0.0679346138106485
"[M] goal",-0.0679571522308047
"[M] verbal",-0.0680201930962095
"[M] non verbal",-0.0680229857966878
"[M] subscribe shorts",-0.068069431552401
"[M] dopamine",-0.0681104073897856
"[M] goo gl",-0.0682667275936763
"[M] goo",-0.0682668555904968
"[M] https goo",-0.0682671343564148
"[T] autism spectrum",-0.0682709889493614
"[M] main",-0.0683122171486185
"[T] day day",-0.0683152469441022
"[M] foundation",-0.0683293736104181
"[M] shorts https",-0.0683559780301658
"[T] alright",-0.0683775346195166
"[M] awareness shorts",-0.068417712072074
"[M] contact",-0.0684739616800885
"[M] original",-0.0684762625598421
"[T] wash",-0.0685057292694833
"[T] connected",-0.068520718233422
"[M] health myth",-0.0686202685280433
"[T] relationship",-0.0686924334566157
"[T] picture",-0.0687598829611051
"[M] deep",-0.0688238858307495
"[T] dream",-0.068887233954019
"[T] age",-0.0688941236256702
"[T] harder",-0.068908634058675
"[T] behaviors",-0.0689468516330464
"[T] invisible",-0.0690218366000366
"[T] plus",-0.0690998578165649
"[M] button",-0.069161729834028
"[T] treatment",-0.0691971723807044
"[T] looks like",-0.0692736187284146
"[M] great",-0.069384605606365
"[T] seven",-0.0695868456584319
"[M] walk",-0.0696380052442052
"[T] touch",-0.0697104323729713
"[M] invisible",-0.0697400222527247
"[T] rate",-0.0697968316735681
"[T] difference",-0.0698377588385021
"[M] coaching",-0.0698633818068769
"[M] women",-0.0698746162148372
"[M] ocd watch",-0.0699273979569287
"[T] compassion",-0.0699405617065506
"[M] tiktok https",-0.069979304421683
"[T] chris",-0.0701705284078211
"[T] fit",-0.0702704426228335
"[M] 12",-0.070282076822939
"[T] posts",-0.0703661957786066
"[M] drjuliesmith",-0.0705806146853411
"[T] jesus amen",-0.0708090417243571
"[T] hmm",-0.0709060579567934
"[T] waiting",-0.070917587182719
"[M] sounds",-0.0709824192376013
"[T] window",-0.0709881348209805
"[M] shortvideos",-0.0709918090677455
"[M] viral trending",-0.0710267941441532
"[M] tiktok shorts",-0.0711354178593536
"[T] minutes",-0.0711617598957219
"[M] importance",-0.0711686530305832
"[M] bipolar2",-0.0711848348666989
"[M] animation",-0.0712026815046901
"[T] signs",-0.0712602835360749
"[T] dreaming",-0.0713552104483755
"[T] come",-0.0713882345300611
"[M] adhd adhdproblems",-0.0714811938307694
"[T] makes",-0.071521873543193
"[M] vitamin",-0.0716700687036352
"[T] major",-0.0716809227260362
"[T] vitamin",-0.0716819843270162
"[T] playing",-0.0717155687075855
"[T] ma",-0.0717696653113288
"[M] life shorts",-0.0719259158520605
"[M] needed",-0.0719838187241002
"[T] watching",-0.0720117619579216
"[T] filled",-0.0720582861120438
"[M] got",-0.0720708816503823
"[M] shortsyoutube",-0.0720870054166265
"[M] recommended",-0.0721209467104032
"[T] oh yeah",-0.0721900046222374
"[M] funny comedy",-0.0722689561212738
"[T] cannabis",-0.0723810488775687
"[M] times",-0.0723947904071401
"[M] high",-0.0724942835221873
"[T] early",-0.0725098651299962
"[M] sadness",-0.0725784040923945
"[T] decide",-0.0726185540375521
"[T] thinks",-0.0726720071163897
"[M] adhd depression",-0.0728677035201494
"[T] lazy",-0.0728820053705547
"[M] toy",-0.0728940245820815
"[M] crisis",-0.0729476843548415
"[M] depression depression",-0.0729582559097931
"[M] shorts motivation",-0.0730561540330947
"[M] check",-0.0731494650714632
"[T] scrolling",-0.0731599356352891
"[M] fear anxiety",-0.0731952428077569
"[M] consider",-0.0733505660363286
"[M] action",-0.0733586857128957
"[M] yeah",-0.073410113133392
"[T] learning",-0.0735320827031968
"[T] psychosis",-0.073540020772411
"[M] shorts comedy",-0.0735403891985784
"[M] topics",-0.0735739197573568
"[M] kpop",-0.0735752177611976
"[T] cover",-0.0737402026064991
"[T] won",-0.0739783071213203
"[M] shorts_",-0.0739792267974186
"[M] shorts youtubeshorts",-0.0740196480896995
"[M] advice",-0.0740950213779201
"[M] dealing anxiety",-0.0741588007643079
"[M] gl",-0.0741982147827502
"[M] talks depression",-0.0742710287724773
"[M] twitchstreamer",-0.0744149080437131
"[M] year",-0.07446979913404
"[T] talk",-0.0745018102487614
"[M] disney autism",-0.0745699177535315
"[T] looked",-0.0745802115560497
"[M] attention",-0.074582338819802
"[M] pictures",-0.07468393757772
"[M] venting",-0.0746968437953261
"[M] functioning",-0.0748561421899839
"[M] struggle",-0.0751998849187515
"[T] story",-0.0753994551486398
"[M] live",-0.0755240448257781
"[T] hyper",-0.0755270271199781
"[M] beacons",-0.0756377178610678
"[T] people actually",-0.0757117033475316
"[T] feet",-0.0762242714061175
"[T] higher",-0.0763378293497529
"[M] technology",-0.0763936139760316
"[M] harm",-0.0764408208062943
"[T] eyes",-0.0764941862067232
"[T] dha",-0.0765250684216558
"[M] episode shorts",-0.0765412899353442
"[T] keeps",-0.0766811639238124
"[M] weed",-0.0767290298029069
"[M] know mental",-0.076774093355439
"[T] functioning",-0.0769622896018101
"[T] failed",-0.077322077061491
"[T] severely",-0.0776353075374847
"[M] indicate depression",-0.0776555496109428
"[M] indicate",-0.0776559818249588
"[T] ll tell",-0.07778128529983
"[M] people adhd",-0.0781915625892672
"[T] aren",-0.0784669547816643
"[M] feel",-0.078478327537339
"[M] different",-0.0785032577814818
"[M] growth",-0.0785122904135213
"[M] joerogan shorts",-0.0785661640431614
"[M] matters shorts",-0.078652432174455
"[T] ended",-0.078700293698622
"[T] activities",-0.0787445939482752
"[M] anxiety peace",-0.0787642460961871
"[M] trigger",-0.0787922651523061
"[M] socialanxiety",-0.0787929673793446
"[T] thomas",-0.0788855106324797
"[M] day anorexia",-0.0791308662922151
"[M] emotional",-0.0791396428818129
"[T] need know",-0.0792312787652029
"[T] born",-0.0793226824686129
"[M] avoid",-0.0793305078054997
"[T] black",-0.0794257751242629
"[M] seek",-0.0794922051189341
"[T] regular",-0.0797644994020629
"[M] misunderstood",-0.079781392080614
"[M] overcoming depression",-0.0797846637660231
"[T] habits",-0.0798077144070096
"[M] foryou",-0.0799849756077028
"[T] guys",-0.0799888695822993
"[M] neuroscience",-0.0801048633554393
"[T] physically",-0.0802274820109122
"[T] load",-0.0803053930692463
"[T] rich",-0.0804099179240406
"[T] reach",-0.0810304581998991
"[T] basic",-0.0810628965566064
"[T] worry",-0.0811519576790449
"[M] works",-0.0812239760951273
"[M] tiktok com",-0.0812323018659139
"[M] shorts mentalhealth",-0.0813461275161282
"[M] https betterhelp",-0.0814595286207768
"[M] betterhelp com",-0.0814712193088518
"[M] trauma",-0.0815382351776266
"[M] http bit",-0.0816860325620932
"[M] depression symptoms",-0.0819421552473076
"[T] woke",-0.0820018035639297
"[M] having",-0.0822724816805615
"[M] development",-0.0824307234030515
"[M] awesome",-0.0824821263844346
"[M] person",-0.0826419863893082
"[T] annoying",-0.0827719369539297
"[M] ocdawareness",-0.0828458032060335
"[T] exactly",-0.0831121108002728
"[T] buy",-0.0831177107106701
"[T] loved",-0.0833048921810226
"[M] sorry",-0.0833910311368652
"[T] spend",-0.0836431504275972
"[M] com schizophrenic",-0.0837183813172206
"[M] coming",-0.083881930995104
"[M] son",-0.0841875785941431
"[M] mentalhealth adhd",-0.0842346075567357
"[M] reminder",-0.0843521687665132
"[T] individuals",-0.0844100704487653
"[T] create",-0.0845302446882747
"[T] skills",-0.0846436284753179
"[M] medical",-0.0846664858992539
"[T] nice",-0.0847958971461897
"[T] think like",-0.0848264475019569
"[T] focus",-0.0850049706284086
"[M] health advice",-0.0851744830441663
"[T] work",-0.0854512019989499
"[M] selfcare",-0.0855453714602376
"[M] shorts disney",-0.0855566875766026
"[M] jordan peterson",-0.0856551325647036
"[T] read",-0.085666277278095
"[M] peterson",-0.0858068437212745
"[T] students",-0.085875565463819
"[T] seek",-0.0860170586281674
"[T] damn",-0.0860525131847855
"[M] explained",-0.0860765857160949
"[T] freaking",-0.0863732491882255
"[T] healing",-0.0863921553419333
"[M] psychotic",-0.0866507454734679
"[T] lost",-0.0868109037984959
"[T] lead",-0.0868611966575847
"[T] just know",-0.0868958077403744
"[T] honest",-0.0869444697085939
"[T] perfect",-0.0872275372356981
"[T] woo",-0.0873643109329799
"[M] shorts join",-0.0874701873345305
"[M] series",-0.087473050202296
"[T] common",-0.0876220547228225
"[T] emotional",-0.0880993311227505
"[T] honey",-0.0881010558681458
"[T] uh",-0.0881518037354888
"[M] feels",-0.0886550450818223
"[M] depression mentalhealth",-0.0889287028404483
"[T] notice",-0.089052095272111
"[M] depression motivation",-0.0891962465347149
"[T] daily",-0.0893437783716138
"[T] think think",-0.0893707338489322
"[M] healing",-0.0897300437340995
"[M] gentle autism",-0.0897551556277113
"[M] gentle",-0.0897588317826114
"[T] yes yes",-0.0898531860745067
"[T] welcome",-0.0899790665384563
"[T] sun",-0.090274938377439
"[M] don forget",-0.0904220543789286
"[M] sign",-0.0904515760925467
"[T] 100",-0.0905607443539369
"[T] causes",-0.0908459628699326
"[M] relationship",-0.0910042483525881
"[M] ai",-0.0912036314356072
"[T] crying",-0.0913074482143034
"[M] cat",-0.0913678449009094
"[M] choose",-0.0915126555716411
"[T] anxiety anxiety",-0.0917500387297289
"[T] fake",-0.0919002111497133
"[M] change",-0.0919169499813613
"[M] myth",-0.0923184824565491
"[T] maybe",-0.0923371395872241
"[M] fun",-0.0924562568782035
"[T] negative",-0.0925003011874247
"[T] just didn",-0.09272610536329
"[M] learning",-0.0929433536014712
"[T] feel good",-0.0931007601083461
"[M] space",-0.0933467338737082
"[M] bipolar shorts",-0.0935714031101104
"[T] hope",-0.0938085771946052
"[M] understand",-0.0938360825145853
"[M] dad",-0.0939657209928518
"[T] looks",-0.0941584761524007
"[T] wake",-0.0941887145634326
"[M] schizophrenia shorts",-0.0942812769278774
"[T] levels",-0.0942953362078803
"[M] shorts ocd",-0.0943293330283913
"[T] relationships",-0.0945805930095141
"[T] mom",-0.0946412833372961
"[M] personality disorder",-0.0947183033877067
"[T] speak",-0.09478166311461
"[M] meet",-0.094866321854501
"[M] really",-0.0949160174119321
"[M] curing",-0.0950076971712121
"[M] helping",-0.09502588319362
"[M] physical",-0.0951933082602776
"[M] blog",-0.0952336560837859
"[M] betterhelp",-0.0952796241202167
"[T] care",-0.0957743408762596
"[M] improve mental",-0.0958598771668661
"[T] seen",-0.0958716282377525
"[M] improvement",-0.0959765844929446
"[M] relationships",-0.0959786125784091
"[T] improve",-0.0960263417232144
"[T] music music",-0.0961755384628943
"[T] thoughts",-0.0963788544791867
"[M] healthy",-0.0965700350058388
"[T] let know",-0.0966482165192563
"[M] thought",-0.0969890408963867
"[T] fan",-0.0970350990592706
"[T] hair",-0.0970515811674663
"[T] baby",-0.0973765371137006
"[T] doing",-0.0977756070924448
"[M] support",-0.0978094578994595
"[M] hit",-0.0978709064587659
"[M] diagnosis",-0.0981811898076887
"[M] parents",-0.0982333469835572
"[M] simple",-0.0982618023800509
"[M] used",-0.0983904132707924
"[M] issue",-0.0984205083648017
"[T] image",-0.0984760167926629
"[M] forget",-0.0985324208094761
"[T] subscribe",-0.0986115574568806
"[M] youtubeshorts shorts",-0.0989039632411139
"[M] help shorts",-0.0989249913737835
"[T] situations",-0.0989631916105951
"[T] condition",-0.0992968960119375
"[T] asked",-0.0993127880245113
"[M] viral",-0.0995470559762822
"[T] wave",-0.0999753444053488
"[T] fun",-0.100221431492008
"[M] shorts funny",-0.100586168569397
"[T] safe",-0.100635596776262
"[M] tw awareness",-0.100675053672973
"[M] follow tiktok",-0.101088251467521
"[M] life adhd",-0.101300556058568
"[M] like comment",-0.101582509009635
"[M] shorts shortsfeed",-0.101837707280934
"[M] wokeupwithashli",-0.10229489489245
"[M] hear",-0.102339579262737
"[T] came",-0.102514205316209
"[T] forget",-0.102676454981934
"[M] getting",-0.102679138802203
"[T] love",-0.103168245868354
"[M] twitch tv",-0.103419748986373
"[M] option",-0.103879392042895
"[T] white",-0.104212725389681
"[M] peace",-0.104913180117441
"[M] mental",-0.105033062958649
"[M] links",-0.105293399766186
"[T] check",-0.105434716368459
"[M] mr",-0.1055865296145
"[T] months",-0.105615327928964
"[T] let",-0.105671966337704
"[M] caused",-0.105762862132414
"[M] adhdbrain",-0.105937986573818
"[T] remind",-0.106402490611987
"[T] tried",-0.106414719393657
"[M] eat day",-0.106414763990463
"[M] vent",-0.10671078440355
"[M] shorts ytshorts",-0.10684167106557
"[T] hours",-0.106878848963643
"[M] jordan",-0.107151078964225
"[T] oh oh",-0.107200612006709
"[T] good job",-0.107294546562126
"[M] fyp",-0.10730712925134
"[T] don tell",-0.10754514596454
"[T] bitch",-0.108588850554069
"[M] suicidal thoughts",-0.109030294625646
"[M] bpd",-0.109082353163976
"[M] youtube channel",-0.109179870917984
"[T] like like",-0.109434478765192
"[T] wish",-0.109535238272283
"[T] breath",-0.110295457189317
"[M] shorts follow",-0.110835840512182
"[M] bipolardisorder",-0.111120338772841
"[M] art",-0.111571247699397
"[T] example",-0.112042947300749
"[M] self",-0.113096996559998
"[T] later",-0.113789447573881
"[M] funnyshorts",-0.114275344760498
"[M] habits",-0.114864980544094
"[T] tonight",-0.11494314466223
"[M] open",-0.114972326812852
"[T] run",-0.115125632681671
"[T] wasn",-0.115255031076782
"[T] cool",-0.115921454646896
"[T] game",-0.115993213436708
"[M] care",-0.116096869259996
"[M] everyday",-0.11610807283178
"[M] living",-0.116215816967581
"[T] hi",-0.116608691029051
"[T] broken",-0.116791356644019
"[M] anorexia recovery",-0.118387120955578
"[M] professional",-0.118744806657906
"[M] finest",-0.118863721315584
"[T] week",-0.119065654164003
"[T] gets",-0.11940850681065
"[M] bad",-0.119657815810838
"[T] dad",-0.11971282593703
"[M] like shorts",-0.119819287657736
"[M] eat",-0.119986307542842
"[M] schizophrenic nyc",-0.120017078576299
"[M] girls",-0.120497145146826
"[M] kicks",-0.12108417910638
"[M] anxiety",-0.121279504152923
"[T] loss",-0.121305679772914
"[T] support",-0.121420294844564
"[M] using",-0.12176587196598
"[M] mentalhealth shorts",-0.121875219957183
"[T] hello",-0.122298281023593
"[M] mind",-0.122633370794064
"[T] feeling",-0.123193964167275
"[T] quite",-0.123329316845053
"[T] turn",-0.124193396532855
"[T] play",-0.12457205036704
"[M] manage",-0.124623448741149
"[M] look",-0.124931983628901
"[M] sad",-0.125267200770724
"[M] help",-0.125271476656589
"[M] mentalillness shorts",-0.125458574268056
"[T] night",-0.125746203047072
"[T] attention",-0.125827064914408
"[T] wait",-0.126350044819396
"[M] quotes",-0.126577693826054
"[M] neurodivergent",-0.127438069927147
"[M] fear",-0.127761878746502
"[M] cause",-0.127763718148147
"[T] home",-0.128440023704409
"[T] shoes",-0.128475957193544
"[T] step",-0.128616780014825
"[M] joe rogan",-0.128843766211899
"[M] doesn",-0.129224825197215
"[M] 10",-0.129951484411386
"[M] shortsfeed",-0.130507789093741
"[M] mean",-0.130943683410497
"[M] treatment",-0.130993605762258
"[T] dude",-0.131290546167221
"[M] disney",-0.132133104895106
"[T] girls",-0.13234557505473
"[T] dance",-0.132544116127932
"[T] don know",-0.133310181058346
"[M] rogan",-0.133868072967267
"[M] dealing",-0.133922906561693
"[M] ve",-0.133970432026954
"[T] food",-0.134160813885069
"[M] story",-0.135670117624072
"[M] videos",-0.13628959382131
"[T] kill",-0.13651770292746
"[T] usually",-0.136628670912253
"[T] fine",-0.136632971403369
"[M] need",-0.136749217083268
"[T] physical",-0.136823897289586
"[M] adhdproblems",-0.13683429749568
"[T] wanted",-0.137415376167092
"[M] therapist",-0.137806613893307
"[M] health awareness",-0.138804215030131
"[T] moments",-0.139693428284875
"[M] mentalhealthmatters",-0.140136517045842
"[M] music",-0.141139406079502
"[T] normal",-0.141816414233495
"[T] job",-0.142105592189851
"[M] autismawareness",-0.142483847673655
"[M] nyc",-0.143259675097887
"[M] funny",-0.143325696235829
"[T] matter",-0.143841957406152
"[T] thank watching",-0.143853323741497
"[M] hope",-0.143916320650238
"[T] way",-0.145425264820859
"[M] things",-0.146294770545695
"[M] joe",-0.146705186942958
"[T] feelings",-0.148303126853768
"[M] family",-0.14874983095253
"[M] share",-0.14931843500513
"[T] beautiful",-0.152239555667746
"[M] fitness",-0.152394808833441
"[T] old",-0.15280809358713
"[T] big",-0.15364885379837
"[M] school",-0.15390882006956
"[M] disorder shorts",-0.158000665677132
"[T] stay",-0.158574039646729
"[T] sure",-0.158574138619722
"[M] shorts psychologyfacts",-0.159193391417505
"[T] tell",-0.159211768597456
"[T] holding",-0.160844573670221
"[T] thought",-0.161031999811976
"[T] hands",-0.161450195762822
"[M] follow",-0.161473914640997
"[M] common",-0.162610835651002
"[T] mean",-0.162951395794793
"[T] video",-0.163590624342275
"[T] yeah",-0.164932033822361
"[T] heard",-0.16609439500047
"[M] illness shorts",-0.166626798131539
"[T] ask",-0.16688679414367
"[M] energy",-0.167221528909011
"[T] dr",-0.169909234119782
"[T] things",-0.170489557589788
"[T] felt",-0.170517637345132
"[T] low",-0.172745640376005
"[M] recovery",-0.173551094661989
"[T] crazy",-0.17412948689701
"[M] mentalillness",-0.174620135901501
"[M] health",-0.17495295471052
"[T] school",-0.177440611544911
"[M] relatable",-0.178897899607356
"[T] difficult",-0.179847005479038
"[M] drsasha adhd",-0.180830750137809
"[M] drsasha",-0.180839137502932
"[M] prayer anxiety",-0.184168911603439
"[M] tw",-0.184367530612555
"[T] symptoms",-0.185192067721385
"[T] da",-0.186432937272418
"[M] shorts disneyland",-0.187484740826667
"[M] twitch",-0.191459949843444
"[T] second",-0.193494220497428
"[M] mentalhealth",-0.194199692132083
"[T] little",-0.196237704587939
"[T] friend",-0.200188280495122
"[T] sad",-0.200446955852632
"[M] causes",-0.200955041080568
"[T] words",-0.204946974708127
"[M] just",-0.20583805511268
"[M] symptoms",-0.208360145734871
"[T] number",-0.208757801073349
"[M] tips",-0.209384425238272
"[M] trending",-0.21092887912327
"[M] like",-0.211094813669964
"[M] disneyland autism",-0.211134750540592
"[T] oh",-0.211268113821202
"[M] shorts viral",-0.213194053207707
"[M] mental health",-0.216493839671319
"[T] high",-0.217298714988677
"[T] getting",-0.217719898608198
"[T] time",-0.220754109477051
"[T] subscribe channel",-0.222935887651728
"[M] shorts shorts",-0.223573090505179
"[T] cause",-0.224585363499728
"[M] disneyland",-0.22542426420324
"[T] mental illness",-0.22614603674037
"[M] thomas",-0.237053086138531
"[T] channel",-0.244391552101616
"[M] tiktok",-0.247084461696861
"[M] signs",-0.24805636195435
"[T] end",-0.253444357846094
"[M] psychologyfacts",-0.255930905459306
"[M] schizophrenic",-0.258938385891288
"[T] use",-0.260357928158615
"[T] illness",-0.264171608416588
"[T] day",-0.278281780365829
"[T] hey",-0.281041708037945
"[M] schizophrenia",-0.283328816929287
"[T] like",-0.305361697169713
"[M] day",-0.311718705667795
"[M] awareness",-0.314659866597984
"[T] look",-0.320175684781212
"[M] comedy",-0.325935526723525
"[M] disorder",-0.327001562812173
"[M] autism",-0.334230441054657
"[M] shorts adhd",-0.376756269626628
"[T] thank",-0.385222462127037
"[T] good",-0.390418002123091
"[M] bipolar",-0.415055942686102
"[M] adhd",-0.569523227081463
"[T] music",-0.761199472795027
